frame,rejects,vertices,errors
0,10,2232,0
1,6,2034,0
2,10,2232,0
3,6,2034,0
4,6,2034,0
5,6,2034,0
6,6,2034,0
7,6,2034,0
8,6,2034,0
9,6,2034,0
10,6,2034,0
11,6,2034,0
12,6,2034,0
13,6,2034,0
14,6,2034,0
15,6,2034,0
16,6,2034,0
17,6,2034,0
18,6,2034,0
19,6,2034,0
20,6,2034,0
21,6,2034,0
22,6,2034,0
23,6,2034,0
24,6,2034,0
25,6,2034,0
26,6,2034,0
27,6,2034,0
28,6,2034,0
29,6,2034,0
30,6,2034,0
31,6,2034,0
32,6,2034,0
33,6,2034,0
34,6,2034,0
35,6,2034,0
36,6,2034,0
37,6,2034,0
38,6,2034,0
39,6,2034,0
40,6,2034,0
41,6,2034,0
42,6,2034,0
43,6,2034,0
44,6,2034,0
45,6,2034,0
46,6,2034,0
47,6,2034,0
48,6,2034,0
49,6,2034,0
50,6,2034,0
51,6,2034,0
52,6,2034,0
53,6,2034,0
54,6,2034,0
55,6,2034,0
56,6,2034,0
57,6,2034,0
58,6,2034,0
59,6,2034,0
60,6,2034,0
61,6,2034,0
62,6,2034,0
63,6,2034,0
64,6,2034,0
65,6,2034,0
66,6,2034,0
67,6,2034,0
68,6,2034,0
69,6,2034,0
70,6,2034,0
71,6,2034,0
72,6,2034,0
73,6,2034,0
74,6,2034,0
75,6,2034,0
76,6,2034,0
77,6,2034,0
78,6,2034,0
79,6,2034,0
80,6,2034,0
81,6,2034,0
82,6,2034,0
83,6,2034,0
84,6,2034,0
85,6,2034,0
86,6,2034,0
87,6,2034,0
88,6,2034,0
89,6,2034,0
90,6,2034,0
91,6,2034,0
92,6,2034,0
93,6,2034,0
94,6,2034,0
95,6,2034,0
96,6,2034,0
97,6,2034,0
98,6,2034,0
99,6,2034,0
100,6,2034,0
101,6,2034,0
102,6,2034,0
103,6,2034,0
104,6,2034,0
105,6,2034,0
106,6,2034,0
107,6,2034,0
108,6,2034,0
109,6,2034,0
110,6,2034,0
111,6,2034,0
112,6,2034,0
113,6,2034,0
114,6,2034,0
115,6,2034,0
116,6,2034,0
117,6,2034,0
118,6,2034,0
119,6,2034,0
120,6,2034,0
121,6,2034,0
122,6,2034,0
123,6,2034,0
124,6,2034,0
125,6,2034,0
126,6,2034,0
127,6,2034,0
128,6,2034,0
129,6,2034,0
130,6,2034,0
131,6,2034,0
132,6,2034,0
133,6,2034,0
134,6,2034,0
135,6,2034,0
136,6,2034,0
137,6,2034,0
138,6,2034,0
139,6,2034,0
140,6,2034,0
141,6,2034,0
142,6,2034,0
143,6,2034,0
144,6,2034,0
145,6,2034,0
146,6,2034,0
147,6,2034,0
148,6,2034,0
149,6,2034,0
150,6,2034,0
151,6,2034,0
152,6,2034,0
153,6,2034,0
154,6,2034,0
155,6,2034,0
156,6,2034,0
157,6,2034,0
158,6,2034,0
159,6,2034,0
160,6,2034,0
161,7,2154,0
162,7,2154,0
163,7,2154,0
164,7,2154,0
165,8,3675,0
166,8,3675,0
167,8,3675,0
168,8,3675,0
169,8,3675,0
170,8,3675,0
171,8,3675,0
172,8,3675,0
173,8,3675,0
174,8,3675,0
175,8,3675,0
176,8,3675,0
177,8,3675,0
178,8,3675,0
179,8,3675,0
180,40,18468,0
181,37,18321,0
182,37,18321,0
183,37,18321,0
184,37,18321,0
185,37,18321,0
186,37,18321,0
187,37,18321,0
188,37,18321,0
189,37,18321,0
190,39,19197,0
191,37,17556,0
192,37,17556,0
193,36,17544,0
194,36,17544,0
195,36,17544,0
196,36,17544,0
197,35,16680,0
198,35,16680,0
199,35,16680,0
200,35,16680,0
201,35,16680,0
202,35,16680,0
203,35,16680,0
204,35,16680,0
205,35,16680,0
206,35,16680,0
207,35,16680,0
208,35,16680,0
209,35,16680,0
210,35,16680,0
211,35,16680,0
212,35,16680,0
213,35,16680,0
214,34,16521,0
215,34,16521,0
216,34,16521,0
217,34,16521,0
218,34,16521,0
219,34,16521,0
220,34,16521,0
221,34,16521,0
222,34,16521,0
223,34,16521,0
224,34,16521,0
225,34,16521,0
226,34,16521,0
227,34,16521,0
228,34,16521,0
229,34,16521,0
230,34,16521,0
231,34,16521,0
232,34,16521,0
233,34,16521,0
234,39,16716,0
235,34,16521,0
236,34,16521,0
237,34,16521,0
238,34,16521,0
239,34,16521,0
240,34,16521,0
241,33,16296,0
242,32,16221,0
243,31,15321,0
244,30,15000,0
245,30,15000,0
246,35,15195,0
247,29,14310,0
248,29,14310,0
249,29,14310,0
250,28,14202,0
251,28,14202,0
252,28,14202,0
253,28,14202,0
254,28,14202,0
255,28,14202,0
256,34,15087,0
257,28,14202,0
258,28,14202,0
259,28,14202,0
260,28,14202,0
261,28,14202,0
262,28,14202,0
263,28,14202,0
264,32,13683,0
265,26,12798,0
266,26,12798,0
267,26,12798,0
268,23,7263,0
269,22,7227,0
270,22,7227,0
271,22,7227,0
272,28,8112,0
273,22,7227,0
274,22,7227,0
275,22,7227,0
276,21,7191,0
277,21,7191,0
278,21,7191,0
279,21,7191,0
280,27,8076,0
281,21,7191,0
282,21,7191,0
283,21,7191,0
284,21,7191,0
285,21,7191,0
286,20,7149,0
287,19,7008,0
288,25,7893,0
289,19,7008,0
290,19,7008,0
291,19,7008,0
292,19,7008,0
293,19,7008,0
294,25,7893,0
295,19,7008,0
296,19,7008,0
297,19,7008,0
298,19,7008,0
299,19,7008,0
300,26,7959,0
301,20,7074,0
302,20,7074,0
303,20,7074,0
304,20,7074,0
305,20,7074,0
306,29,13449,0
307,23,12609,0
308,24,13809,0
309,24,13809,0
310,25,14013,0
311,25,14013,0
312,32,14973,0
313,25,14013,0
314,24,13977,0
315,24,13977,0
316,22,13890,0
317,22,13890,0
318,28,14160,0
319,22,13890,0
320,22,13890,0
321,22,13890,0
322,22,13890,0
323,22,13890,0
324,26,14073,0
325,22,13890,0
326,23,13926,0
327,23,13926,0
328,27,14109,0
329,23,13926,0
330,23,13926,0
331,23,13926,0
332,27,14109,0
333,21,12414,0
334,21,12414,0
335,21,12414,0
336,24,12561,0
337,20,12378,0
338,20,12378,0
339,20,12378,0
340,24,12561,0
341,20,12378,0
342,20,12378,0
343,20,12378,0
344,24,12561,0
345,20,12378,0
346,20,12378,0
347,20,12378,0
348,23,10761,0
349,19,10578,0
350,19,10578,0
351,19,10578,0
352,23,10761,0
353,19,10578,0
354,20,10608,0
355,20,10608,0
356,24,10791,0
357,20,10608,0
358,20,10608,0
359,20,10608,0
360,0,0,0
361,0,0,0
362,0,0,0
363,0,0,0
364,0,0,0
365,0,0,0
366,0,0,0
367,0,0,0
368,0,0,0
369,0,0,0
370,0,0,0
371,0,0,0
372,0,0,0
373,0,0,0
374,0,0,0
375,0,0,0
376,0,0,0
377,0,0,0
378,0,0,0
379,0,0,0
380,0,0,0
381,0,0,0
382,0,0,0
383,0,0,0
384,0,0,0
385,0,0,0
386,0,0,0
387,0,0,0
388,0,0,0
389,0,0,0
390,0,0,0
391,0,0,0
392,0,0,0
393,0,0,0
394,0,0,0
395,0,0,0
396,0,0,0
397,0,0,0
398,0,0,0
399,0,0,0
400,0,0,0
401,0,0,0
402,0,0,0
403,0,0,0
404,0,0,0
405,0,0,0
406,0,0,0
407,0,0,0
408,0,0,0
409,0,0,0
410,0,0,0
411,0,0,0
412,0,0,0
413,0,0,0
414,0,0,0
415,0,0,0
416,0,0,0
417,0,0,0
418,0,0,0
419,0,0,0
420,0,0,0
421,0,0,0
422,0,0,0
423,0,0,0
424,0,0,0
425,0,0,0
426,0,0,0
427,0,0,0
428,0,0,0
429,0,0,0
430,0,0,0
431,0,0,0
432,0,0,0
433,0,0,0
434,0,0,0
435,0,0,0
436,0,0,0
437,0,0,0
438,0,0,0
439,0,0,0
440,0,0,0
441,0,0,0
442,0,0,0
443,0,0,0
444,0,0,0
445,0,0,0
446,0,0,0
447,0,0,0
448,0,0,0
449,0,0,0
450,0,0,0
451,0,0,0
452,0,0,0
453,0,0,0
454,0,0,0
455,0,0,0
456,0,0,0
457,0,0,0
458,0,0,0
459,0,0,0
460,0,0,0
461,0,0,0
462,0,0,0
463,0,0,0
464,0,0,0
465,0,0,0
466,0,0,0
467,0,0,0
468,0,0,0
469,0,0,0
470,0,0,0
471,0,0,0
472,0,0,0
473,0,0,0
474,0,0,0
475,0,0,0
476,0,0,0
477,0,0,0
478,0,0,0
479,0,0,0
480,9,2031,0
481,7,1350,0
482,7,1350,0
483,7,1350,0
484,9,2031,0
485,7,1350,0
486,7,1350,0
487,6,744,0
488,7,1419,0
489,5,738,0
490,5,738,0
491,5,738,0
492,7,1419,0
493,5,738,0
494,5,738,0
495,5,738,0
496,5,738,0
497,5,738,0
498,6,1353,0
499,4,672,0
500,4,672,0
501,4,672,0
502,4,672,0
503,4,672,0
504,6,1353,0
505,3,222,0
506,3,222,0
507,3,222,0
508,3,222,0
509,2,147,0
510,7,6363,0
511,6,6882,0
512,6,6882,0
513,7,7086,0
514,7,7086,0
515,7,7086,0
516,7,7086,0
517,8,7110,0
518,8,7110,0
519,8,7110,0
520,8,7110,0
521,8,7110,0
522,8,7110,0
523,8,7110,0
524,8,7110,0
525,8,7110,0
526,8,7110,0
527,8,7110,0
528,8,7110,0
529,8,7110,0
530,8,7110,0
531,8,7110,0
532,8,7110,0
533,8,7110,0
534,8,7110,0
535,8,7110,0
536,8,7110,0
537,8,7110,0
538,8,7110,0
539,8,7110,0
540,8,7110,0
541,8,7110,0
542,8,7110,0
543,8,7110,0
544,8,7110,0
545,8,7110,0
546,8,7110,0
547,8,7110,0
548,8,7110,0
549,8,7110,0
550,8,7110,0
551,8,7110,0
552,9,7185,0
553,8,7110,0
554,8,7110,0
555,8,7110,0
556,8,7110,0
557,8,7110,0
558,8,7110,0
559,6,5706,0
560,7,5781,0
561,5,5586,0
562,3,171,0
563,2,147,0
564,2,147,0
565,2,147,0
566,2,147,0
567,2,147,0
568,3,222,0
569,2,147,0
570,2,147,0
571,2,147,0
572,2,147,0
573,2,147,0
574,2,147,0
575,2,147,0
576,3,222,0
577,2,147,0
578,2,147,0
579,2,147,0
580,2,147,0
581,2,147,0
582,2,147,0
583,2,147,0
584,2,147,0
585,2,147,0
586,3,222,0
587,2,147,0
588,2,147,0
589,2,147,0
590,2,147,0
591,2,147,0
592,2,147,0
593,2,147,0
594,2,147,0
595,2,147,0
596,3,222,0
597,2,147,0
598,2,147,0
599,2,147,0
600,2,147,0
601,2,147,0
602,1,72,0
603,1,72,0
604,1,72,0
605,1,72,0
606,1,72,0
607,1,72,0
608,1,72,0
609,1,72,0
610,1,72,0
611,1,72,0
612,1,72,0
613,1,72,0
614,1,72,0
615,1,72,0
616,1,72,0
617,1,72,0
618,1,72,0
619,1,72,0
620,1,72,0
621,1,72,0
622,1,72,0
623,1,72,0
624,1,72,0
625,1,72,0
626,1,72,0
627,1,72,0
628,1,72,0
629,1,72,0
630,1,72,0
631,1,72,0
632,1,72,0
633,1,72,0
634,1,72,0
635,1,72,0
636,1,72,0
637,1,72,0
638,1,72,0
639,1,72,0
640,1,72,0
641,1,72,0
642,1,72,0
643,1,72,0
644,1,72,0
645,1,72,0
646,1,72,0
647,1,72,0
648,1,72,0
649,1,72,0
650,1,72,0
651,1,72,0
652,1,72,0
653,2,1224,0
654,2,1224,0
655,2,1224,0
656,2,1224,0
657,2,1224,0
658,2,1224,0
659,2,1224,0
660,2,1224,0
661,2,1224,0
662,2,1224,0
663,2,1224,0
664,2,1224,0
665,2,1224,0
666,2,1224,0
667,2,1224,0
668,2,1224,0
669,2,1224,0
670,2,1224,0
671,2,1224,0
672,2,1224,0
673,2,1224,0
674,2,1224,0
675,2,1224,0
676,2,1224,0
677,2,1224,0
678,2,1224,0
679,2,1224,0
680,2,1224,0
681,2,1224,0
682,2,1224,0
683,2,1224,0
684,2,1224,0
685,2,1224,0
686,2,1224,0
687,2,1224,0
688,2,1224,0
689,2,1224,0
690,2,1224,0
691,2,1224,0
692,2,1224,0
693,2,1224,0
694,2,1224,0
695,2,1224,0
696,2,1224,0
697,2,1224,0
698,2,1224,0
699,2,1224,0
700,2,1224,0
701,2,1224,0
702,2,1224,0
703,2,1224,0
704,2,1224,0
705,2,1224,0
706,2,1224,0
707,2,1224,0
708,2,1224,0
709,2,1224,0
710,2,1224,0
711,2,1224,0
712,2,1224,0
713,2,1224,0
714,2,1224,0
715,2,1224,0
716,2,1224,0
717,2,1224,0
718,2,1224,0
719,2,1224,0
720,2,1224,0
721,2,1224,0
722,2,1224,0
723,2,1224,0
724,2,1224,0
725,2,1224,0
726,2,1224,0
727,2,1224,0
728,2,1224,0
729,2,1224,0
730,2,1224,0
731,2,1224,0
732,2,1224,0
733,2,1224,0
734,2,1224,0
735,2,1224,0
736,2,1224,0
737,2,1224,0
738,2,1224,0
739,2,1224,0
740,2,1224,0
741,2,1224,0
742,2,1224,0
743,2,1224,0
744,2,1224,0
745,2,1224,0
746,2,1224,0
747,2,1224,0
748,2,1224,0
749,2,1224,0
750,2,1224,0
751,2,1224,0
752,2,1224,0
753,2,1224,0
754,2,1224,0
755,2,1224,0
756,2,1224,0
757,2,1224,0
758,2,1224,0
759,2,1224,0
760,2,1224,0
761,2,1224,0
762,2,1224,0
763,2,1224,0
764,2,1224,0
765,2,1224,0
766,2,1224,0
767,2,1224,0
768,2,1224,0
769,2,1224,0
770,2,1224,0
771,2,1224,0
772,2,1224,0
773,2,1224,0
774,2,1224,0
775,2,1224,0
776,2,1224,0
777,2,1224,0
778,2,1224,0
779,2,1224,0
780,2,1224,0
781,2,1224,0
782,2,1224,0
783,2,1224,0
784,2,1224,0
785,2,1224,0
786,2,1224,0
787,2,1224,0
788,2,1224,0
789,2,1224,0
790,2,1224,0
791,2,1224,0
792,2,1224,0
793,2,1224,0
794,2,1224,0
795,2,1224,0
796,2,1224,0
797,2,1224,0
798,2,1224,0
799,2,1224,0
800,2,1224,0
801,2,1224,0
802,2,1224,0
803,2,1224,0
804,2,1224,0
805,2,1224,0
806,2,1224,0
807,2,1224,0
808,2,1224,0
809,2,1224,0
810,2,1224,0
811,2,1224,0
812,2,1224,0
813,2,1224,0
814,2,1224,0
815,2,1224,0
816,2,1224,0
817,2,1224,0
818,2,1224,0
819,2,1224,0
820,2,1224,0
821,2,1224,0
822,2,1224,0
823,2,1224,0
824,2,1224,0
825,2,1224,0
826,2,1224,0
827,2,1224,0
828,2,1224,0
829,2,1224,0
830,2,1224,0
831,2,1224,0
832,2,1224,0
833,2,1224,0
834,2,1224,0
835,2,1224,0
836,2,1224,0
837,2,1224,0
838,2,1224,0
839,2,1224,0
840,2,1224,0
841,2,1224,0
842,2,1224,0
843,2,1224,0
844,2,1224,0
845,2,1224,0
846,2,1224,0
847,2,1224,0
848,2,1224,0
849,2,1224,0
850,2,1224,0
851,2,1224,0
852,2,1224,0
853,2,1224,0
854,2,1224,0
855,2,1224,0
856,2,1224,0
857,2,1224,0
858,2,1224,0
859,2,1224,0
860,2,1224,0
861,2,1224,0
862,2,1224,0
863,2,1224,0
864,2,1224,0
865,2,1224,0
866,2,1224,0
867,2,1224,0
868,2,1224,0
869,2,1224,0
870,2,1224,0
871,2,1224,0
872,2,1224,0
873,2,1224,0
874,2,1224,0
875,2,1224,0
876,2,1224,0
877,2,1224,0
878,2,1224,0
879,2,1224,0
880,2,1224,0
881,2,1224,0
882,2,1224,0
883,2,1224,0
884,2,1224,0
885,2,1224,0
886,2,1224,0
887,2,1224,0
888,2,1224,0
889,2,1224,0
890,2,1224,0
891,2,1224,0
892,2,1224,0
893,2,1224,0
894,2,1224,0
895,2,1224,0
896,2,1224,0
897,2,1224,0
898,2,1224,0
899,2,1224,0
900,2,1224,0
901,2,1224,0
902,2,1224,0
903,2,1224,0
904,2,1224,0
905,2,1224,0
906,2,1224,0
907,2,1224,0
908,2,1224,0
909,2,1224,0
910,2,1224,0
911,2,1224,0
912,2,1224,0
913,2,1224,0
914,2,1224,0
915,2,1224,0
916,2,1224,0
917,2,1224,0
918,2,1224,0
919,2,1224,0
920,2,1224,0
921,2,1224,0
922,2,1224,0
923,2,1224,0
924,2,1224,0
925,2,1224,0
926,2,1224,0
927,2,1224,0
928,2,1224,0
929,2,1224,0
930,2,1224,0
931,2,1224,0
932,2,1224,0
933,2,1224,0
934,2,1224,0
935,2,1224,0
936,2,1224,0
937,2,1224,0
938,2,1224,0
939,2,1224,0
940,2,1224,0
941,2,1224,0
942,2,1224,0
943,2,1224,0
944,2,1224,0
945,2,1224,0
946,2,1224,0
947,2,1224,0
948,2,1224,0
949,2,1224,0
950,2,1224,0
951,2,1224,0
952,2,1224,0
953,2,1224,0
954,2,1224,0
955,1,72,0
956,1,72,0
957,1,72,0
958,1,72,0
959,1,72,0
