object,part,pass,bag_ptr,model,far_tier
2,0,base,15549824,-1,-1
5,0,base,15640048,-1,-1
6,0,base,14449536,-1,-1
7,0,base,15584800,-1,-1
19,0,base,16851760,-1,-1
20,0,base,16856624,-1,-1
21,0,base,16852832,-1,-1
22,0,base,14280096,0,-1
23,0,base,16866992,-1,-1
24,0,base,14293504,0,-1
25,0,base,16874240,-1,-1
26,0,base,13084144,1,-1
27,0,base,16880336,-1,-1
28,0,base,14315504,1,-1
30,0,base,14326064,2,-1
32,0,base,16880944,1,-1
33,0,base,16887360,-1,-1
34,0,base,16887472,2,-1
42,0,base,14337760,2,-1
43,0,base,16897936,-1,-1
44,0,base,14347040,1,-1
46,0,base,16898544,2,-1
50,0,base,16929216,3,-1
51,0,base,16875168,3,-1
52,0,base,16957008,3,-1
53,0,base,16908688,3,-1
54,0,base,16957552,3,-1
55,0,base,16958224,3,-1
59,0,base,16958912,3,-1
61,0,base,16983712,4,-1
61,1,base,16983904,4,-1
63,0,base,16930896,4,-1
63,1,base,16931088,4,-1
68,0,base,16932256,5,-1
68,1,base,17167808,5,-1
68,2,base,17167984,5,-1
71,0,base,17182400,5,-1
71,1,base,17182592,5,-1
71,2,base,17182784,5,-1
72,0,base,17218752,5,-1
72,1,base,17183184,5,-1
72,2,base,17183232,5,-1
73,0,base,17227520,5,-1
73,1,base,17227632,5,-1
73,2,base,16987600,5,-1
75,0,base,17202160,5,-1
75,1,base,17202352,5,-1
75,2,base,17202544,5,-1
78,0,base,17256416,5,-1
78,1,base,17256608,5,-1
78,2,base,17256800,5,-1
79,0,base,17290816,5,-1
79,1,base,17291008,5,-1
79,2,base,17291200,5,-1
80,0,base,17324928,5,-1
80,1,base,17325120,5,-1
80,2,base,17325312,5,-1
81,0,base,17320736,6,-1
81,1,base,17276240,6,-1
81,2,base,17356112,6,-1
86,0,base,17355712,6,-1
86,1,base,17332000,6,-1
86,2,base,17292704,6,-1
87,0,base,17326304,6,-1
87,1,base,17332752,6,-1
87,2,base,17371056,6,-1
88,0,base,17366752,6,-1
88,1,base,17366944,6,-1
88,2,base,17367136,6,-1
89,0,base,17440240,6,-1
89,1,base,17371600,6,-1
89,2,base,17428528,6,-1
90,0,base,17451728,7,-1
90,1,base,17451840,7,-1
96,0,base,17428720,8,-1
96,1,base,17453424,8,-1
96,2,base,17453616,8,-1
97,0,base,17473600,8,-1
97,1,base,17407696,8,-1
97,2,base,17435024,8,-1
98,0,base,17483952,8,-1
98,1,base,17486080,8,-1
98,2,base,17486272,8,-1
100,0,base,17486464,9,-1
100,1,base,17487696,9,-1
102,0,base,17526000,10,-1
103,0,base,17526688,10,-1
104,0,base,17517632,10,-1
105,0,base,14460592,-1,-1
112,0,base,13408672,-1,-1
113,0,base,13473712,-1,-1
114,0,base,13538560,-1,-1
115,0,base,13667856,-1,-1
116,0,base,13733440,-1,-1
117,0,base,13278912,-1,-1
118,0,base,13798208,-1,-1
119,0,base,12889328,-1,-1
120,0,base,13148928,-1,-1
121,0,base,13149072,-1,-1
122,0,base,14394592,-1,-1
123,0,base,17678048,3,-1
132,0,base,17528000,13,0
132,1,base,17514608,13,0
132,2,base,17568096,13,0
132,2,coat,17776704,13,0
133,0,base,17568288,15,2
133,1,base,17565520,15,2
133,2,base,17565712,15,2
133,2,coat,14463280,15,2
134,0,base,14463376,17,2
134,1,base,14463488,17,2
134,2,base,17783504,17,2
134,2,coat,17783712,17,2
