frame,pica_x,pica_z,pica_speed,strix_x,strix_z,strix_speed
0,-4.500000,-74.303497,0.000000,4.500000,-74.296547,0.347616
1,-4.500000,-74.244781,1.174420,4.500000,-74.199234,1.737887
2,-4.500000,-74.215424,1.467976,4.500000,-74.157532,2.085368
3,-4.500000,-74.180191,1.761502,4.500000,-74.108879,2.432799
4,-4.500000,-74.139091,2.054993,4.500000,-74.053276,2.780171
5,-4.500000,-74.092125,2.348442,4.500000,-73.990730,3.127478
6,-4.500000,-74.039291,2.641844,4.500000,-73.921234,3.474712
7,-4.500000,-73.980591,2.935194,4.500000,-73.844803,3.821865
8,-4.500000,-73.916023,3.228485,4.500000,-73.761429,4.168928
9,-4.500000,-73.845596,3.521714,4.500000,-73.671112,4.515896
10,-4.500000,-73.769302,3.814874,4.500000,-73.573860,4.862759
11,-4.500000,-73.687149,4.107959,4.500000,-73.469673,5.209510
12,-4.500000,-73.599136,4.400964,4.500000,-73.358551,5.556142
13,-4.500000,-73.505264,4.693884,4.500000,-73.240501,5.902647
14,-4.500000,-73.405533,4.986714,4.500000,-73.115524,6.249016
15,-4.500000,-73.299942,5.279447,4.500000,-72.983620,6.595243
16,-4.500000,-73.188507,5.572079,4.500000,-72.844795,6.941321
17,-4.500000,-73.071213,5.864603,4.500000,-72.699051,7.287241
18,-4.500000,-72.948074,6.157015,4.500000,-72.546394,7.632996
19,-4.500000,-72.819092,6.449309,4.500000,-72.386826,7.978578
20,-4.500000,-72.684265,6.741479,4.500000,-72.220352,8.323979
21,-4.500000,-72.543594,7.033521,4.500000,-72.046967,8.669192
22,-4.500000,-72.397087,7.325429,4.500000,-71.866684,9.014210
23,-4.500000,-72.244743,7.617197,4.500000,-71.679504,9.359026
24,-4.500000,-72.086571,7.908820,4.500000,-71.485435,9.703631
25,-4.500000,-71.922562,8.200293,4.500000,-71.284477,10.048018
26,-4.500000,-71.752731,8.491610,4.500000,-71.076637,10.392179
27,-4.500000,-71.577080,8.782764,4.500000,-70.861916,10.736109
28,-4.500000,-71.395607,9.073753,4.500000,-70.640320,11.079798
29,-4.500000,-71.208313,9.364571,4.500000,-70.411858,11.423239
30,-4.500000,-71.015213,9.655210,4.500000,-70.184677,11.359108
31,-4.500000,-70.823364,9.592265,4.500000,-69.958778,11.295023
32,-4.500000,-70.632782,9.529358,4.500000,-69.734161,11.230985
33,-4.500000,-70.443451,9.466490,4.500000,-69.510818,11.166991
34,-4.500000,-70.255379,9.403660,4.500000,-69.288757,11.103044
35,-4.500000,-70.068558,9.340867,4.500000,-69.060593,11.408276
36,-4.500000,-69.876526,9.601436,4.500000,-68.826324,11.713282
37,-4.500000,-69.679291,9.861842,4.500000,-68.585968,12.018056
38,-4.500000,-69.476852,10.122082,4.500000,-68.339523,12.322593
39,-4.500000,-69.269211,10.382150,4.500000,-68.086990,12.626886
40,-4.500000,-69.056374,10.642044,4.500000,-67.828369,12.930931
41,-4.500000,-68.838341,10.901758,4.500000,-67.563675,13.234721
42,-4.500000,-68.615112,11.161288,4.500000,-67.292908,13.538251
43,-4.500000,-68.386703,11.420631,4.500000,-67.016083,13.841515
44,-4.500000,-68.153107,11.679783,4.500000,-66.733200,14.144506
45,-4.500000,-67.914337,11.938738,4.500000,-66.444260,14.447221
46,-4.500000,-67.670395,12.197493,4.500000,-66.149269,14.749653
47,-4.500000,-67.427742,12.132779,4.500000,-65.855621,14.682749
48,-4.500000,-67.186386,12.068115,4.500000,-65.563309,14.615908
49,-4.500000,-66.946320,12.003502,4.500000,-65.272324,14.549129
50,-4.500000,-66.707542,11.938938,4.500000,-64.982681,14.482410
51,-4.500000,-66.470055,11.874424,4.500000,-64.694366,14.415754
52,-4.500000,-66.227859,12.109728,4.500000,-64.400589,14.688843
53,-4.500000,-65.980965,12.344847,4.500000,-64.101357,14.961673
54,-4.500000,-65.729370,12.579779,4.500000,-63.796673,15.234240
55,-4.500000,-65.473083,12.814520,4.500000,-63.486542,15.506537
56,-4.500000,-65.212105,13.049067,4.500000,-63.170971,15.778563
57,-4.500000,-64.946442,13.283415,4.500000,-62.849968,16.050312
58,-4.500000,-64.676094,13.517563,4.500000,-62.523533,16.321777
59,-4.500000,-64.401062,13.751507,4.500000,-62.191673,16.592957
60,-4.500000,-64.121361,13.985243,4.500000,-61.854397,16.863846
61,-4.500000,-63.836987,14.218767,4.500000,-61.511711,17.134439
62,-4.500000,-63.547943,14.452078,4.500000,-61.163620,17.404736
63,-4.500000,-63.254242,14.685171,4.500000,-60.810131,17.674538
64,-4.500000,-62.955879,14.918043,4.500000,-60.451256,17.943729
65,-4.500000,-62.652866,15.150690,4.500000,-60.087013,18.212246
66,-4.500000,-62.345207,15.383110,4.500000,-59.717415,18.480064
67,-4.500000,-62.032902,15.615299,4.500000,-59.342472,18.747185
68,-4.500000,-61.721954,15.547557,4.500000,-58.962200,19.013626
69,-4.500000,-61.412357,15.479881,4.500000,-58.583405,18.939835
70,-4.500000,-61.104111,15.412273,4.500000,-58.206085,18.866032
71,-4.500000,-60.797218,15.344525,4.500000,-57.830238,18.792370
72,-4.500000,-60.491692,15.276512,4.500000,-57.455860,18.718945
73,-4.500000,-60.181900,15.489519,4.500000,-57.082947,18.645809
74,-4.500000,-59.867863,15.701895,4.500000,-56.705147,18.889992
75,-4.500000,-59.549591,15.913643,4.500000,-56.322464,19.134109
76,-4.500000,-59.227097,16.124786,4.500000,-55.934902,19.378151
77,-4.500000,-58.900391,16.335354,4.500000,-55.542461,19.622097
78,-4.500000,-58.569481,16.545593,4.500000,-55.145142,19.865925
79,-4.500000,-58.234367,16.755665,4.500000,-54.742950,20.109606
80,-4.500000,-57.895058,16.965672,4.500000,-54.335892,20.353113
81,-4.500000,-57.551544,17.175667,4.500000,-53.923965,20.596424
82,-4.500000,-57.203831,17.385677,4.500000,-53.507175,20.839516
83,-4.500000,-56.851917,17.595707,4.500000,-53.085529,21.082367
84,-4.500000,-56.495804,17.805744,4.500000,-52.659031,21.324959
85,-4.500000,-56.135490,18.015770,4.500000,-52.227684,21.567272
86,-4.500000,-55.770977,18.225758,4.500000,-51.791496,21.809294
87,-4.500000,-55.402264,18.435680,4.500000,-51.350479,22.051008
88,-4.500000,-55.029354,18.645512,4.500000,-50.908745,22.086792
89,-4.500000,-54.652252,18.855225,4.500000,-50.466293,22.122734
90,-4.500000,-54.270958,19.064795,4.500000,-50.023117,22.158939
91,-4.500000,-53.885475,19.274199,4.500000,-49.579208,22.195469
92,-4.500000,-53.495808,19.483418,4.500000,-49.134563,22.232338
93,-4.500000,-53.101959,19.692436,4.500000,-48.697392,21.858643
94,-4.500000,-52.703934,19.901236,4.500000,-48.267677,21.485825
95,-4.500000,-52.307365,19.828545,4.500000,-47.837189,21.524567
96,-4.500000,-51.912247,19.755974,4.500000,-47.414143,21.152332
97,-4.500000,-51.518578,19.683517,4.500000,-46.998535,20.780487
98,-4.500000,-51.126354,19.611168,4.500000,-46.582138,20.819897
99,-4.500000,-50.735577,19.538919,4.500000,-46.173176,20.448124
100,-4.500000,-50.340897,19.733910,4.500000,-45.771645,20.076628
101,-4.500000,-49.942318,19.928986,4.500000,-45.369316,20.116356
102,-4.500000,-49.539833,20.124212,4.500000,-44.974419,19.744890
103,-4.500000,-49.136753,20.154005,4.500000,-44.586945,19.373722
104,-4.500000,-48.733070,20.184174,4.500000,-44.198669,19.413824
105,-4.500000,-48.328777,20.214695,4.500000,-43.817818,19.042776
106,-4.500000,-47.923874,20.245325,4.500000,-43.444378,18.672062
107,-4.500000,-47.518356,20.275896,4.500000,-43.070126,18.712677
108,-4.500000,-47.120251,19.905373,4.500000,-42.703285,18.342176
109,-4.500000,-46.721531,19.936077,4.500000,-42.343845,17.972044
110,-4.500000,-46.330219,19.565582,4.500000,-41.983582,18.013287
111,-4.500000,-45.938293,19.596279,4.500000,-41.630714,17.643433
112,-4.500000,-45.553780,19.225760,4.500000,-41.285236,17.273960
113,-4.500000,-45.176670,18.855488,4.500000,-40.938919,17.315891
114,-4.500000,-44.798943,18.886444,4.500000,-40.599983,16.946732
115,-4.500000,-44.428619,18.516224,4.500000,-40.268425,16.577953
116,-4.500000,-44.065697,18.146294,4.500000,-39.936012,16.620594
117,-4.500000,-43.702145,18.177654,4.500000,-39.610970,16.252140
118,-4.500000,-43.345985,17.807884,4.500000,-39.293289,15.884062
119,-4.500000,-42.997215,17.438442,4.500716,-38.974743,15.927372
120,-4.500000,-42.647812,17.470352,4.503055,-38.655342,15.970470
121,-4.500000,-42.305790,17.101158,4.507922,-38.335114,16.013233
122,-4.500000,-41.971146,16.732319,4.516232,-38.014111,16.055531
123,-4.500000,-41.635849,16.764864,4.528899,-37.692413,16.097240
124,-4.500000,-41.307922,16.396318,4.546840,-37.370148,16.138235
125,-4.500000,-40.987358,16.028137,4.570971,-37.047482,16.178392
126,-4.500000,-40.666130,16.061357,4.601230,-36.732796,15.806823
127,-4.500000,-40.352261,15.693487,4.638679,-36.418091,15.846210
128,-4.500000,-40.045742,15.325973,4.686853,-36.102852,15.945083
129,-4.500000,-39.738548,15.359872,4.746123,-35.787506,16.043297
130,-4.500000,-39.438698,14.992672,4.816484,-35.472439,16.141464
131,-4.500000,-39.146183,14.625818,4.897922,-35.158024,16.239586
132,-4.500000,-38.852974,14.660383,4.990407,-34.844635,16.337662
133,-4.500831,-38.559078,14.694857,5.093901,-34.532639,16.435690
134,-4.503395,-38.264511,14.729103,5.208349,-34.222404,16.533670
135,-4.508585,-37.969299,14.762990,5.333689,-33.914291,16.631601
136,-4.516955,-37.681515,14.395396,5.469844,-33.608658,16.729479
137,-4.529049,-37.393188,14.428987,5.615409,-33.305748,16.803623
138,-4.545700,-37.104431,14.461958,5.770310,-33.005814,16.878628
139,-4.567728,-36.815384,14.494207,5.934467,-32.709106,16.954672
140,-4.595938,-36.526245,14.525636,6.107795,-32.415867,17.031809
141,-4.633654,-36.236603,14.604479,6.290203,-32.126335,17.110027
142,-4.680887,-35.946762,14.683289,6.481592,-31.840752,17.189259
143,-4.737640,-35.657028,14.762065,6.680572,-31.559027,17.245461
144,-4.803904,-35.367706,14.840807,6.885767,-31.280983,17.278078
145,-4.879661,-35.079094,14.919513,7.097108,-31.006737,17.311598
146,-4.964884,-34.791492,14.998182,7.314526,-30.736404,17.345797
147,-5.059536,-34.505196,15.076816,7.537942,-30.470100,17.380493
148,-5.163573,-34.220505,15.155409,7.767278,-30.207947,17.415548
149,-5.399552,-33.657131,15.312469,8.242068,-29.696110,17.460752
150,-5.531381,-33.378971,15.390945,8.486146,-29.446102,17.469872
151,-5.670462,-33.106232,15.307619,8.734556,-29.200167,17.477976
152,-5.816642,-32.839108,15.225329,8.987212,-28.958393,17.484964
153,-5.969767,-32.577782,15.144267,9.244027,-28.720871,17.490831
154,-6.129676,-32.322433,15.064502,9.504912,-28.487682,17.495628
155,-6.296204,-32.073235,14.986012,9.769779,-28.258907,17.499435
156,-6.471396,-31.825201,15.183310,10.038538,-28.034628,17.502357
157,-6.654456,-31.578384,15.364746,10.311100,-27.814919,17.504503
158,-6.844583,-31.332779,15.529865,10.587378,-27.599850,17.505978
159,-7.041762,-31.088516,15.695871,10.867281,-27.389492,17.506887
160,-7.245972,-30.845730,15.862515,11.150723,-27.183914,17.507326
161,-7.457189,-30.604553,16.029600,11.437616,-26.983177,17.507376
162,-7.674558,-30.367321,16.087999,11.727873,-26.787344,17.507111
163,-7.897994,-30.134165,16.146660,12.021404,-26.596474,17.506592
164,-8.126707,-29.904903,16.191896,12.318122,-26.410622,17.505871
165,-8.360605,-29.679653,16.236246,12.617937,-26.229845,17.504997
166,-8.599590,-29.458534,16.279457,12.920763,-26.054195,17.504004
167,-8.843561,-29.241663,16.321428,13.226509,-25.883726,17.502920
168,-9.092415,-29.029156,16.362150,13.535086,-25.718485,17.501770
169,-9.346045,-28.821121,16.401674,13.846404,-25.558521,17.500568
170,-9.604343,-28.617670,16.440094,14.160373,-25.403879,17.499336
171,-9.867205,-28.418905,16.477514,14.476900,-25.254604,17.498081
172,-10.134521,-28.224926,16.514063,14.795895,-25.110739,17.496813
173,-10.406184,-28.035830,16.549852,15.117265,-24.972324,17.495537
174,-10.682089,-27.851707,16.584997,15.440917,-24.839401,17.494255
175,-10.962126,-27.672646,16.619596,15.766758,-24.712006,17.492971
176,-11.246189,-27.498730,16.653742,16.094692,-24.590176,17.491690
177,-11.534170,-27.330042,16.687515,16.424625,-24.473946,17.490408
178,-11.825962,-27.166660,16.720978,16.756462,-24.363348,17.489132
179,-12.121456,-27.008659,16.754194,17.090107,-24.258415,17.487860
180,-12.420544,-26.856113,16.787212,17.425463,-24.159176,17.486591
181,-13.665949,-26.284966,17.334457,18.783806,-23.818417,17.581213
182,-13.989218,-26.152344,17.470793,19.129793,-23.745489,17.679518
183,-14.317114,-26.023945,17.606968,19.478720,-23.677158,17.777723
184,-14.649566,-25.899845,17.742990,19.830517,-23.613468,17.875830
185,-14.986502,-25.780115,17.878864,20.185116,-23.554459,17.973833
186,-15.327850,-25.664825,18.014593,20.542450,-23.500172,18.071733
187,-15.673538,-25.554049,18.150181,20.902449,-23.450642,18.169531
188,-16.023491,-25.447851,18.285624,21.265045,-23.405909,18.267225
189,-16.377636,-25.346298,18.420925,21.630167,-23.366009,18.364815
190,-16.334877,-25.223953,0.155871,21.997746,-23.330975,18.462297
191,-16.258226,-24.996929,0.213205,22.740005,-23.275642,18.656946
192,-16.224319,-24.892258,0.238960,23.114540,-23.255409,18.754108
193,-16.193344,-24.793488,0.264189,23.491255,-23.240170,18.851162
194,-16.165289,-24.700624,0.289164,23.870079,-23.229956,18.948107
195,-16.140141,-24.613674,0.314001,24.250942,-23.224792,19.044943
196,-16.117887,-24.532642,0.338806,24.633774,-23.224709,19.141670
197,-16.098515,-24.457535,0.363685,25.018505,-23.229729,19.238285
198,-16.082008,-24.388359,0.388740,25.405067,-23.239880,19.334791
199,-16.068352,-24.325123,0.414068,25.793388,-23.255184,19.431185
200,-16.057526,-24.267838,0.439768,26.183399,-23.275665,19.527468
201,-16.049515,-24.216507,0.465938,26.575031,-23.301344,19.623638
202,-16.041811,-24.172186,0.359962,26.968212,-23.332241,19.719694
203,-16.034401,-24.134872,0.256263,27.362873,-23.368374,19.815638
204,-16.027279,-24.104568,0.154369,27.758945,-23.409763,19.911467
205,-16.020441,-24.081268,0.053826,28.156359,-23.456427,20.007181
206,-16.014761,-24.064674,0.000000,28.555042,-23.508381,20.102781
207,-16.011257,-24.054440,0.000000,28.951916,-23.566267,20.053595
208,-16.009930,-24.050564,0.000000,29.346886,-23.630058,20.004467
209,-16.009930,-24.050564,0.000000,29.739866,-23.699722,19.955395
210,-16.009930,-24.050564,0.000000,30.130768,-23.775230,19.906380
211,-16.009930,-24.050564,0.000000,30.519501,-23.856550,19.857420
212,-16.009930,-24.050564,0.000000,30.905979,-23.943647,19.808517
213,-16.009930,-24.050564,0.000000,31.290112,-24.036488,19.759672
214,-16.009930,-24.050564,0.000000,31.671814,-24.135033,19.710882
215,-16.009930,-24.050564,0.000000,32.044167,-24.234344,19.268375
216,-16.009930,-24.050564,0.000000,32.413963,-24.339304,19.220139
217,-16.011051,-24.050180,0.059259,32.781113,-24.449871,19.171953
218,-16.013294,-24.049416,0.118518,33.138901,-24.560837,18.730082
219,-16.016661,-24.048271,0.177776,33.494087,-24.676851,18.682838
220,-16.021152,-24.046753,0.237033,33.839920,-24.793049,18.241528
221,-16.026770,-24.044867,0.296288,34.183479,-24.913038,18.195673
222,-16.033516,-24.042618,0.355543,34.517693,-25.033024,17.754908
223,-16.041393,-24.040016,0.414795,34.849976,-25.155693,17.710178
224,-16.050404,-24.037069,0.474044,35.173122,-25.277674,17.270164
225,-16.060551,-24.033789,0.533291,35.494659,-25.401417,17.226336
226,-16.071840,-24.030186,0.592535,35.814747,-25.526484,17.182686
227,-16.084274,-24.026274,0.651775,36.126190,-25.649540,16.743586
228,-16.097858,-24.022068,0.711010,36.436443,-25.773260,16.700603
229,-16.112595,-24.017584,0.770241,36.738304,-25.894350,16.262098
230,-16.128490,-24.012838,0.829467,37.039192,-26.015583,16.219687
231,-16.145550,-24.007849,0.888687,37.331955,-26.133541,15.781710
232,-16.163776,-24.002636,0.947900,37.623940,-26.251186,15.739808
233,-16.183176,-23.997219,1.007107,37.907806,-26.365562,15.302309
234,-16.203754,-23.991623,1.066306,38.191017,-26.479359,15.260877
235,-16.225517,-23.985870,1.125496,38.466293,-26.589451,14.823821
236,-16.248466,-23.979984,1.184678,38.741013,-26.698725,14.782830
237,-16.272610,-23.973991,1.243850,39.007874,-26.804127,14.346198
238,-16.297951,-23.967918,1.303012,39.274223,-26.908607,14.305639
239,-16.324497,-23.961796,1.362163,39.532455,-27.009903,13.869479
240,-16.352251,-23.955650,1.421302,39.789940,-27.110907,13.829388
241,-16.381218,-23.949516,1.480428,40.046455,-27.212191,13.789298
242,-16.411400,-23.943424,1.539542,40.301819,-27.314192,13.749169
243,-16.442802,-23.937408,1.598641,40.555862,-27.417322,13.708969
244,-16.475426,-23.931503,1.657725,40.808411,-27.521969,13.668666
245,-16.509274,-23.925747,1.716794,41.059296,-27.628498,13.628234
246,-16.544350,-23.920174,1.775847,41.308342,-27.737247,13.587653
247,-16.580654,-23.914824,1.834882,41.555370,-27.848530,13.546906
248,-16.618189,-23.909737,1.893899,41.800209,-27.962631,13.505981
249,-16.656952,-23.904953,1.952897,42.042568,-28.082001,13.508075
250,-16.696943,-23.900517,2.011875,42.282276,-28.206692,13.510034
251,-16.738161,-23.896469,2.070832,42.519218,-28.336643,13.511991
252,-16.735832,-23.881779,0.017862,42.753281,-28.471794,13.513947
253,-16.735825,-23.873198,0.076750,42.984344,-28.612082,13.515900
254,-16.738132,-23.870728,0.135638,43.212303,-28.757437,13.517851
255,-16.737795,-23.869411,-0.004935,43.437042,-28.907791,13.519801
256,-16.738863,-23.869221,0.054300,43.658455,-29.063070,13.521752
257,-16.738667,-23.868454,-0.002869,43.876431,-29.223202,13.523702
258,-16.739777,-23.868256,0.056375,44.090866,-29.388107,13.525651
259,-16.739578,-23.867474,-0.002941,44.301659,-29.557709,13.527598
260,-16.740686,-23.867277,0.056303,44.508701,-29.731926,13.529544
261,-16.740490,-23.866497,-0.002920,44.711899,-29.910675,13.531488
262,-16.741600,-23.866302,0.056324,44.908882,-30.092161,13.392202
263,-16.741404,-23.865520,-0.002916,45.099594,-30.276241,13.252996
264,-16.741308,-23.865139,-0.001418,45.283974,-30.462769,13.113872
265,-16.741211,-23.864750,-0.001476,45.461967,-30.651596,12.974823
266,-16.741114,-23.864361,-0.001460,45.633522,-30.842571,12.835851
267,-16.742252,-23.864162,0.057792,45.802975,-31.038553,12.954147
268,-16.742054,-23.863369,-0.002946,45.970230,-31.239502,13.072366
269,-16.741959,-23.862989,-0.001447,46.135193,-31.445374,13.190506
270,-16.741861,-23.862598,-0.001463,46.297768,-31.656124,13.308565
271,-16.743000,-23.862404,0.057789,46.457870,-31.871706,13.426543
272,-16.742805,-23.861610,-0.002943,46.615410,-32.092075,13.544440
273,-16.742712,-23.861229,-0.001410,46.770294,-32.317181,13.662254
274,-16.742615,-23.860838,-0.001457,46.922447,-32.546974,13.779982
275,-16.742519,-23.860447,-0.001482,47.071777,-32.781403,13.897624
276,-16.743658,-23.860252,0.057769,47.218204,-33.020416,14.015181
277,-16.743465,-23.859461,-0.002973,47.361649,-33.263962,14.132647
278,-16.743372,-23.859081,-0.001431,47.502029,-33.511990,14.250024
279,-16.743277,-23.858692,-0.001477,47.639271,-33.764442,14.367312
280,-16.743181,-23.858303,-0.001470,47.773296,-34.021263,14.484509
281,-16.744320,-23.858112,0.057782,47.904034,-34.282394,14.601614
282,-16.744129,-23.857319,-0.002954,48.031410,-34.547783,14.718624
283,-16.744038,-23.856937,-0.001419,48.155350,-34.817368,14.835539
284,-16.743942,-23.856544,-0.001440,48.275787,-35.091087,14.433947
285,-16.745083,-23.856356,0.057812,48.388481,-35.359406,14.504615
286,-16.744892,-23.855560,-0.002951,48.497177,-35.630890,14.621704
287,-16.744801,-23.855179,-0.001415,48.602165,-35.906334,14.227407
288,-16.744707,-23.854786,-0.001467,48.699745,-36.176125,14.344713
289,-16.744614,-23.854393,-0.001452,48.793488,-36.449749,14.461926
290,-16.745754,-23.854206,0.057800,48.883327,-36.727142,14.579049
291,-16.745565,-23.853413,-0.002956,48.969204,-37.008240,14.696078
292,-16.745476,-23.853031,-0.001443,49.051056,-37.292969,14.813013
293,-16.745384,-23.852638,-0.001454,49.128822,-37.581261,14.929852
294,-16.746525,-23.852455,0.057797,49.202442,-37.873047,15.046594
295,-16.746338,-23.851660,-0.002953,49.271858,-38.168259,15.163239
296,-16.746248,-23.851280,-0.001431,49.337021,-38.466827,15.279785
297,-16.746155,-23.850887,-0.001456,49.397873,-38.768677,15.396231
298,-16.746063,-23.850494,-0.001441,49.454361,-39.073742,15.512577
299,-16.747204,-23.850313,0.057810,49.506435,-39.381950,15.628821
300,-16.747017,-23.849518,-0.002958,49.554047,-39.693230,15.744964
301,-16.746929,-23.849136,-0.001420,49.597145,-40.007507,15.861002
302,-16.746838,-23.848743,-0.001469,49.635689,-40.324711,15.976935
303,-16.747978,-23.848564,0.057783,49.669632,-40.644768,16.092766
304,-16.747795,-23.847769,-0.002947,49.698929,-40.967609,16.208487
305,-16.747707,-23.847385,-0.001423,49.723541,-41.293159,16.324102
306,-16.747616,-23.846992,-0.001471,49.743427,-41.621349,16.439608
307,-16.748756,-23.846815,0.057780,49.758545,-41.952103,16.555006
308,-16.748573,-23.846020,-0.002968,49.768860,-42.285347,16.670294
309,-16.748486,-23.845638,-0.001419,49.774338,-42.621010,16.785469
310,-16.748396,-23.845245,-0.001466,49.774940,-42.959019,16.900534
311,-16.748306,-23.844852,-0.001458,49.770638,-43.299301,17.015486
312,-16.749449,-23.844677,0.057793,49.761703,-43.641792,17.130539
313,-16.749268,-23.843880,-0.002949,49.748489,-43.986450,17.245718
314,-16.745968,-23.844387,-0.166904,49.731339,-44.333244,17.360992
315,-16.739429,-23.845406,-0.330900,49.710579,-44.682152,17.476330
316,-16.729656,-23.846960,-0.494890,49.686523,-45.033161,17.591703
317,-16.716652,-23.849083,-0.658870,49.659477,-45.386269,17.707087
318,-16.700424,-23.851822,-0.822837,49.629726,-45.741470,17.822460
319,-16.680984,-23.855227,-0.986787,49.597553,-46.098778,17.937803
320,-16.658344,-23.859360,-1.150715,49.563225,-46.458202,18.053097
321,-16.632519,-23.864296,-1.314615,49.526993,-46.819756,18.168325
322,-16.603527,-23.870113,-1.478483,49.489098,-47.183456,18.283474
323,-16.571392,-23.876904,-1.642312,49.449768,-47.549316,18.398531
324,-16.536137,-23.884762,-1.806095,49.409225,-47.917358,18.513485
325,-16.497791,-23.893797,-1.969828,49.367668,-48.287598,18.628330
326,-16.456390,-23.904121,-2.133502,49.325298,-48.660057,18.743055
327,-16.411974,-23.915859,-2.297110,49.282669,-49.034790,18.857662
328,-16.364586,-23.929138,-2.460644,49.239780,-49.411800,18.972130
329,-16.314281,-23.944096,-2.624098,49.196632,-49.791084,19.086458
330,-16.261116,-23.960873,-2.787462,49.153809,-50.167557,18.944962
331,-16.205158,-23.979616,-2.950729,49.111301,-50.541218,18.803635
332,-16.146481,-24.000481,-3.113890,49.069115,-50.912075,18.662477
333,-16.085165,-24.023624,-3.276936,49.027168,-51.280800,18.555311
334,-16.021305,-24.049213,-3.439858,48.985954,-51.647419,18.446434
335,-15.955000,-24.077412,-3.602648,48.944935,-52.017433,18.613955
336,-15.886360,-24.108389,-3.765296,48.904221,-52.390800,18.778971
337,-15.815510,-24.142319,-3.927792,48.863911,-52.767479,18.941513
338,-15.742581,-24.179373,-4.090128,48.824097,-53.147430,19.101713
339,-15.667720,-24.219727,-4.252294,48.784721,-53.532108,19.334412
340,-15.591082,-24.263554,-4.414279,48.745872,-53.921513,19.566898
341,-15.512837,-24.311029,-4.576076,48.707630,-54.315655,19.799747
342,-15.433169,-24.362324,-4.737673,48.670067,-54.714554,20.033295
343,-15.352273,-24.417606,-4.899061,48.633255,-55.118233,20.267712
344,-15.270358,-24.477039,-5.060230,48.597256,-55.526711,20.503050
345,-15.187647,-24.540783,-5.221169,48.562122,-55.940002,20.739281
346,-15.104378,-24.608988,-5.381871,48.528229,-56.354031,20.770697
347,-15.020802,-24.681801,-5.542324,48.495571,-56.768806,20.803102
348,-14.937182,-24.759357,-5.702518,48.464149,-57.184349,20.836384
349,-14.853800,-24.841785,-5.862444,48.433960,-57.600662,20.870415
350,-14.771828,-24.928209,-5.955779,48.404991,-58.017757,20.905083
351,-14.692670,-25.017218,-5.955797,48.377747,-58.427437,20.529354
352,-14.616407,-25.108719,-5.955797,48.352146,-58.829712,20.154594
353,-14.543119,-25.202621,-5.955797,48.327629,-59.232800,20.191654
354,-14.472881,-25.298824,-5.955797,48.304634,-59.628494,19.818035
355,-14.405766,-25.397232,-5.955797,48.283081,-60.016800,19.445141
356,-14.341841,-25.497742,-5.955797,48.262474,-60.405930,19.483873
357,-14.281174,-25.600250,-5.955797,48.243195,-60.787678,19.111752
358,-14.223825,-25.704651,-5.955797,48.225197,-61.161369,18.706379
359,-14.169856,-25.810839,-5.955797,48.208405,-61.527054,18.303398
360,-14.119321,-25.918703,-5.955797,48.192745,-61.884773,17.903128
361,-14.072271,-26.028133,-5.955797,48.178146,-62.234581,17.505657
362,-14.028757,-26.139015,-5.955797,48.164543,-62.576530,17.110929
363,-13.988821,-26.251236,-5.955797,48.151875,-62.910667,16.718794
364,-13.952505,-26.364681,-5.955797,48.140076,-63.237034,16.329039
365,-13.920223,-26.477736,-5.878655,48.129120,-63.554951,15.905329
366,-13.891875,-26.590252,-5.801642,48.118950,-63.864418,15.481743
367,-13.867356,-26.702091,-5.724756,48.109520,-64.165421,15.057693
368,-13.846560,-26.813120,-5.647994,48.100777,-64.457947,14.632838
369,-13.829372,-26.923214,-5.571353,48.092674,-64.741974,14.207013
370,-13.815682,-27.032253,-5.494832,48.085171,-65.017471,13.780171
371,-13.805372,-27.140129,-5.418427,48.078224,-65.284424,13.352347
372,-13.798326,-27.246738,-5.342137,48.071800,-65.542816,12.923625
373,-13.794422,-27.351986,-5.265959,48.065865,-65.792625,12.494116
374,-13.793540,-27.455780,-5.189890,48.060379,-66.033844,12.063943
375,-13.795557,-27.558037,-5.113928,48.055317,-66.266449,11.633231
376,-13.800351,-27.658684,-5.038071,48.050446,-66.490433,11.202101
377,-13.807799,-27.757648,-4.962316,48.045586,-66.713707,11.166412
378,-13.817779,-27.854870,-4.886662,48.040382,-66.936249,11.130225
379,-13.830166,-27.950291,-4.811104,48.034462,-67.158035,11.093602
380,-13.844839,-28.043859,-4.735643,48.027462,-67.379059,11.056596
381,-13.861676,-28.135532,-4.660275,48.019028,-67.599281,11.019244
382,-13.880556,-28.225267,-4.584997,48.007584,-67.819504,11.025938
383,-13.901360,-28.313030,-4.509807,47.991547,-68.039536,11.031097
384,-13.923969,-28.398794,-4.434704,47.969582,-68.259125,11.034520
385,-13.948267,-28.482533,-4.359686,47.941704,-68.478111,11.037850
386,-13.974137,-28.564228,-4.284749,47.907928,-68.696335,11.041113
387,-14.001468,-28.643867,-4.209892,47.868286,-68.913635,11.044327
388,-14.030146,-28.721437,-4.135113,47.822800,-69.129852,11.047505
389,-14.060062,-28.796932,-4.060409,47.771873,-69.342010,10.909337
390,-14.091111,-28.870352,-3.985778,47.715626,-69.549957,10.771195
391,-14.123186,-28.941696,-3.911219,47.654182,-69.753548,10.633082
392,-14.156185,-29.010971,-3.836729,47.587669,-69.952629,10.495000
393,-14.190008,-29.078186,-3.762306,47.516220,-70.147049,10.356950
394,-14.224558,-29.143353,-3.687949,47.439976,-70.336670,10.218930
395,-14.259739,-29.206484,-3.613655,47.359085,-70.521347,10.080939
396,-14.295460,-29.267597,-3.539422,47.273697,-70.700943,9.942975
397,-14.331630,-29.326714,-3.465248,47.183975,-70.875313,9.805035
398,-14.368162,-29.383856,-3.391132,47.090088,-71.044327,9.667117
399,-14.404972,-29.439049,-3.317072,46.990807,-71.213501,9.807859
400,-14.441978,-29.492317,-3.243065,46.886131,-71.382706,9.948553
401,-14.479103,-29.543690,-3.169109,46.776062,-71.551819,10.089197
402,-14.516268,-29.593195,-3.095204,46.660606,-71.720718,10.229788
403,-14.553400,-29.640865,-3.021347,46.539764,-71.889282,10.370325
404,-14.590429,-29.686733,-2.947536,46.413551,-72.057388,10.510804
405,-14.627288,-29.730833,-2.873770,46.281975,-72.224915,10.651223
406,-14.663910,-29.773199,-2.800046,46.145050,-72.391747,10.791579
407,-14.700232,-29.813866,-2.726364,46.002792,-72.557770,10.931870
408,-14.736194,-29.852871,-2.652721,45.855217,-72.722870,11.072096
409,-14.771738,-29.890251,-2.579116,45.702354,-72.886932,11.212250
410,-14.806809,-29.926044,-2.505548,45.544220,-73.049850,11.352333
411,-14.841354,-29.960285,-2.432013,45.380840,-73.211517,11.492345
412,-14.875323,-29.993011,-2.358512,45.212242,-73.371826,11.632281
413,-14.908668,-30.024263,-2.285042,45.038460,-73.530670,11.772141
414,-14.941341,-30.054077,-2.211601,44.859520,-73.687943,11.911920
415,-14.973301,-30.082489,-2.138190,44.675453,-73.843552,12.051618
416,-15.004505,-30.109539,-2.064805,44.486294,-73.997391,12.191234
417,-15.034914,-30.135262,-1.991446,44.292076,-74.149368,12.330764
418,-15.064491,-30.159691,-1.918111,44.092842,-74.299393,12.470208
419,-15.093201,-30.182865,-1.844799,43.888626,-74.447357,12.609564
420,-15.121010,-30.204819,-1.771508,43.679466,-74.593185,12.748829
421,-15.147886,-30.225586,-1.698237,43.465408,-74.736771,12.888002
422,-15.173800,-30.245197,-1.624986,43.246490,-74.878036,13.027083
423,-15.198725,-30.263687,-1.551751,43.022758,-75.016891,13.166070
424,-15.222633,-30.281088,-1.478534,42.794258,-75.153252,13.304961
425,-15.245501,-30.297428,-1.405331,42.561028,-75.287033,13.443753
426,-15.267304,-30.312738,-1.332142,42.323120,-75.418152,13.582446
427,-15.288023,-30.327045,-1.258967,42.080582,-75.546532,13.721038
428,-15.307636,-30.340378,-1.185803,41.833462,-75.672089,13.859528
429,-15.326126,-30.352758,-1.112651,41.581810,-75.794754,13.997911
430,-15.343475,-30.364212,-1.039508,41.325676,-75.914444,14.136189
431,-15.359669,-30.374763,-0.966374,41.065109,-76.031082,14.274358
432,-15.374691,-30.384430,-0.893248,40.800159,-76.144608,14.412419
433,-15.388529,-30.393234,-0.820129,40.530884,-76.254944,14.550371
434,-15.401171,-30.401196,-0.747017,40.257332,-76.362022,14.688210
435,-15.412607,-30.408329,-0.673910,39.984203,-76.462318,14.548168
436,-15.422827,-30.414650,-0.600807,39.711639,-76.555847,14.408226
437,-15.431822,-30.420170,-0.527709,39.439789,-76.642624,14.268381
438,-15.439585,-30.424904,-0.454614,39.168793,-76.722664,14.128630
439,-15.446109,-30.428860,-0.381522,38.898796,-76.795990,13.988971
440,-15.451389,-30.432049,-0.308432,38.625282,-76.865173,14.106458
441,-15.455421,-30.434475,-0.235344,38.348328,-76.930161,14.223857
442,-15.458203,-30.436146,-0.162257,38.338295,-76.834320,-0.524458
443,-15.459732,-30.437061,-0.089170,38.338295,-76.834320,-0.000000
444,-15.460008,-30.437225,-0.016084,38.338295,-76.834320,0.000000
445,-15.460008,-30.437225,0.000000,38.338295,-76.834320,0.000000
446,-15.460008,-30.437225,0.000000,38.338295,-76.834320,0.000000
447,-15.460008,-30.437225,0.000000,38.338295,-76.834320,0.000000
448,-15.460008,-30.437225,0.000000,38.338295,-76.834320,0.000000
449,-15.460008,-30.437225,0.000000,38.338295,-76.834320,0.000000
450,-15.460008,-30.437225,0.000000,38.338295,-76.834320,0.000000
451,-15.460008,-30.437225,0.000000,38.338295,-76.834320,0.000000
452,-15.460008,-30.437225,0.000000,38.338295,-76.834320,0.000000
453,-15.460008,-30.437225,0.000000,38.338295,-76.834320,0.000000
454,-15.460008,-30.437225,0.000000,38.338188,-76.833298,-0.005587
455,-15.460008,-30.437225,0.000000,38.338089,-76.832314,-0.005427
456,-15.460008,-30.437225,0.000000,38.337982,-76.831322,-0.005320
457,-15.460008,-30.437225,0.000000,38.337982,-76.831322,0.037076
458,-15.460008,-30.437225,0.000000,38.337982,-76.831322,0.047666
459,-15.460008,-30.437225,0.000000,38.337982,-76.831322,0.050313
460,-15.460008,-30.437225,0.000000,38.337982,-76.831322,0.050975
461,-15.460008,-30.437225,0.000000,38.337982,-76.831322,0.051141
462,-15.460008,-30.437225,0.000000,38.337982,-76.831322,0.051182
463,-15.460008,-30.437225,0.000000,38.337982,-76.831322,0.051192
464,-15.460008,-30.437225,0.000000,38.337982,-76.831322,0.051195
465,-15.460008,-30.437225,0.000000,38.337982,-76.831322,0.051196
466,-15.460008,-30.437225,0.000000,38.337982,-76.831322,0.051196
467,-15.460008,-30.437225,0.000000,38.337982,-76.831322,0.051196
468,-15.460008,-30.437225,0.000000,38.337982,-76.831322,0.051196
469,-15.460008,-30.437225,0.000000,38.337982,-76.831322,0.051196
470,-15.460008,-30.437225,0.000000,38.337982,-76.831322,0.051196
471,-15.460008,-30.437225,0.000000,38.337982,-76.831322,0.051196
472,-15.460008,-30.437225,0.000000,38.337982,-76.831322,0.051196
473,-15.460008,-30.437225,0.000000,38.337982,-76.831322,0.051196
474,-15.460008,-30.437225,0.000000,38.337982,-76.831322,0.051196
475,-15.460008,-30.437225,0.000000,38.337982,-76.831322,0.051196
476,-15.460008,-30.437225,0.000000,38.337982,-76.831322,0.051196
477,-15.460008,-30.437225,0.000000,38.337982,-76.831322,0.051196
478,-15.460008,-30.437225,0.000000,38.337982,-76.831322,0.051196
479,-15.460008,-30.437225,0.000000,38.337982,-76.831322,0.051196
480,-15.460008,-30.437225,0.000000,38.337982,-76.831322,0.051196
481,-15.460008,-30.437225,0.000000,38.337982,-76.831322,0.051196
482,-15.460008,-30.437225,0.000000,38.337982,-76.831322,0.051196
483,-15.460008,-30.437225,0.000000,38.337982,-76.831322,0.051196
484,-15.460008,-30.437225,0.000000,38.337982,-76.831322,0.051196
485,-15.460008,-30.437225,0.000000,38.337982,-76.831322,0.051196
486,-15.460008,-30.437225,0.000000,38.337982,-76.831322,0.051196
487,-15.460008,-30.437225,0.000000,38.337982,-76.831322,0.051196
488,-15.460008,-30.437225,0.000000,38.337982,-76.831322,0.051196
489,-15.460008,-30.437225,0.000000,38.337982,-76.831322,0.051196
490,-15.460008,-30.437225,0.000000,38.337982,-76.831322,0.051196
491,-15.460008,-30.437225,0.000000,38.337982,-76.831322,0.051196
492,-15.460008,-30.437225,0.000000,38.337982,-76.831322,0.051196
493,-15.462822,-30.438908,-0.163999,38.337982,-76.831322,0.051196
494,-15.468458,-30.442263,-0.327995,38.337982,-76.831322,0.051196
495,-15.476929,-30.447269,-0.491985,38.337982,-76.831322,0.051196
496,-15.488251,-30.453896,-0.655965,38.337982,-76.831322,0.051196
497,-15.502445,-30.462105,-0.819933,38.337982,-76.831322,0.051196
498,-15.519539,-30.471851,-0.983883,38.337982,-76.831322,0.051196
499,-15.539562,-30.483078,-1.147811,38.337982,-76.831322,0.051196
500,-15.562550,-30.495718,-1.311712,38.337982,-76.831322,0.051196
501,-15.588539,-30.509699,-1.475580,38.337982,-76.831322,0.051196
502,-15.617570,-30.524939,-1.639410,38.337982,-76.831322,0.051196
503,-15.649685,-30.541344,-1.803194,38.337982,-76.831322,0.051196
504,-15.684930,-30.558815,-1.966928,38.337982,-76.831322,0.051196
505,-15.723351,-30.577244,-2.130603,38.339455,-76.831078,-0.071812
506,-15.764994,-30.596510,-2.294212,38.343353,-76.830421,-0.189898
507,-15.809906,-30.616486,-2.457747,38.349579,-76.829361,-0.303259
508,-15.858135,-30.637032,-2.621202,38.358040,-76.827904,-0.412082
509,-15.909727,-30.658003,-2.784568,38.368637,-76.826050,-0.516548
510,-15.964725,-30.679241,-2.947837,38.381287,-76.823792,-0.642532
511,-16.023169,-30.700584,-3.111000,38.396408,-76.821045,-0.768508
512,-16.085098,-30.721855,-3.274048,38.413994,-76.817772,-0.894475
513,-16.150547,-30.742870,-3.436973,38.434036,-76.813942,-1.020430
514,-16.219542,-30.763437,-3.599765,38.456532,-76.809525,-1.146373
515,-16.292107,-30.783356,-3.762415,38.481468,-76.804474,-1.272299
516,-16.368256,-30.802414,-3.924915,38.508839,-76.798744,-1.398208
517,-16.447998,-30.820393,-4.087254,38.538628,-76.792297,-1.524096
518,-16.531334,-30.837067,-4.249423,38.570824,-76.785072,-1.649963
519,-16.618254,-30.852201,-4.411412,38.605412,-76.777016,-1.775804
520,-16.708736,-30.865555,-4.573212,38.642376,-76.768066,-1.901618
521,-16.702423,-30.898014,-0.039760,38.681694,-76.758163,-2.027402
522,-16.700745,-30.924614,-0.201581,38.723351,-76.747246,-2.153152
523,-16.703690,-30.945343,-0.362478,38.767319,-76.735237,-2.278867
524,-16.711235,-30.960190,-0.523155,38.813568,-76.722069,-2.404542
525,-16.723354,-30.969139,-0.684297,38.862076,-76.707664,-2.530176
526,-16.721767,-30.974834,0.021333,38.912811,-76.691940,-2.655764
527,-16.724560,-30.975395,-0.142394,38.965736,-76.674820,-2.781305
528,-16.730568,-30.976591,-0.306390,39.020813,-76.656219,-2.906794
529,-16.729706,-30.979759,0.011857,39.078003,-76.636047,-3.032228
530,-16.732689,-30.980339,-0.151981,39.137260,-76.614212,-3.157604
531,-16.732117,-30.982470,0.007964,39.198532,-76.590622,-3.282918
532,-16.735180,-30.983055,-0.155924,39.261772,-76.565186,-3.408167
533,-16.734608,-30.985212,0.008090,39.326920,-76.537811,-3.533347
534,-16.737669,-30.985790,-0.155797,39.393913,-76.508392,-3.658455
535,-16.737103,-30.987949,0.008070,39.462688,-76.476837,-3.783488
536,-16.736828,-30.989002,0.003915,39.533173,-76.443047,-3.908441
537,-16.736546,-30.990082,0.004035,39.605293,-76.406921,-4.033310
538,-16.736267,-30.991161,0.004033,39.678967,-76.368347,-4.158092
539,-16.739414,-30.991734,-0.159908,39.754108,-76.327232,-4.282784
540,-16.738853,-30.993925,0.008146,39.830627,-76.283478,-4.407380
541,-16.738586,-30.994978,0.003950,39.908421,-76.236969,-4.531878
542,-16.738312,-30.996059,0.004061,39.987389,-76.187614,-4.656272
543,-16.741459,-30.996616,-0.159881,40.067421,-76.135307,-4.780560
544,-16.741310,-30.997204,0.002184,40.148403,-76.079956,-4.904737
545,-16.741310,-30.997204,0.000000,40.230213,-76.021454,-5.028799
546,-16.741310,-30.997204,0.000000,40.312721,-75.959717,-5.152742
547,-16.741310,-30.997204,0.000000,40.395798,-75.894638,-5.276563
548,-16.741310,-30.997204,0.000000,40.479298,-75.826141,-5.400257
549,-16.741310,-30.997204,0.000000,40.563072,-75.754128,-5.523820
550,-16.741310,-30.997204,0.000000,40.646973,-75.678513,-5.647248
551,-16.741310,-30.997204,0.000000,40.730835,-75.599228,-5.770536
552,-16.741310,-30.997204,0.000000,40.814491,-75.516190,-5.893682
553,-16.741310,-30.997204,0.000000,40.896561,-75.430656,-5.927114
554,-16.741310,-30.997204,0.000000,40.976524,-75.343155,-5.927116
555,-16.741310,-30.997204,0.000000,41.054333,-75.253723,-5.927116
556,-16.741310,-30.997204,0.000000,41.127792,-75.165146,-5.753832
557,-16.741310,-30.997204,0.000000,41.197044,-75.077621,-5.580739
558,-16.741310,-30.997204,0.000000,41.262234,-74.991318,-5.407829
559,-16.741310,-30.997204,0.000000,41.323505,-74.906418,-5.235094
560,-16.741310,-30.997204,0.000000,41.381008,-74.823082,-5.062525
561,-16.741310,-30.997204,0.000000,41.434891,-74.741463,-4.890115
562,-16.741310,-30.997204,0.000000,41.485298,-74.661697,-4.717856
563,-16.741310,-30.997204,0.000000,41.532379,-74.583923,-4.545739
564,-16.741310,-30.997204,0.000000,41.576279,-74.508270,-4.373757
565,-16.741310,-30.997204,0.000000,41.617146,-74.434845,-4.201902
566,-16.741310,-30.997204,0.000000,41.655121,-74.363754,-4.030167
567,-16.741310,-30.997204,0.000000,41.690346,-74.295090,-3.858544
568,-16.741310,-30.997204,0.000000,41.722954,-74.228958,-3.687027
569,-16.741310,-30.997204,0.000000,41.753082,-74.165436,-3.515608
570,-16.741310,-30.997204,0.000000,41.780861,-74.104599,-3.344281
571,-16.741310,-30.997204,0.000000,41.806412,-74.046509,-3.173039
572,-16.741310,-30.997204,0.000000,41.829857,-73.991241,-3.001875
573,-16.741310,-30.997204,0.000000,41.851318,-73.938858,-2.830784
574,-16.741310,-30.997204,0.000000,41.870903,-73.889404,-2.659759
575,-16.741310,-30.997204,0.000000,41.888714,-73.842926,-2.488794
576,-16.741310,-30.997204,0.000000,41.904854,-73.799469,-2.317883
577,-16.741310,-30.997204,0.000000,41.919418,-73.759079,-2.147022
578,-16.741310,-30.997204,0.000000,41.932491,-73.721786,-1.976204
579,-16.741310,-30.997204,0.000000,41.944157,-73.687622,-1.805425
580,-16.741310,-30.997204,0.000000,41.954491,-73.656601,-1.634679
581,-16.741310,-30.997204,0.000000,41.963562,-73.628769,-1.463963
582,-16.741310,-30.997204,0.000000,41.971428,-73.604126,-1.293272
583,-16.741310,-30.997204,0.000000,41.978146,-73.582703,-1.122602
584,-16.741310,-30.997204,0.000000,41.983765,-73.564514,-0.951949
585,-16.741310,-30.997204,0.000000,41.988319,-73.549568,-0.781310
586,-16.741310,-30.997204,0.000000,41.991844,-73.537872,-0.610680
587,-16.741310,-30.997204,0.000000,41.994370,-73.529442,-0.440058
588,-16.741310,-30.997204,0.000000,41.995911,-73.524277,-0.269440
589,-16.741310,-30.997204,0.000000,41.996475,-73.522385,-0.098825
590,-16.741310,-30.997204,0.000000,41.996475,-73.522385,0.000000
591,-16.741310,-30.997204,0.000000,41.996300,-73.522964,0.030615
592,-16.741310,-30.997204,0.000000,41.995949,-73.524139,0.061230
593,-16.741310,-30.997204,0.000000,41.995422,-73.525894,0.091845
594,-16.741310,-30.997204,0.000000,41.994720,-73.528244,0.122459
595,-16.741310,-30.997204,0.000000,41.993843,-73.531174,0.153074
596,-16.741310,-30.997204,0.000000,41.992786,-73.534691,0.183688
597,-16.741310,-30.997204,0.000000,41.991547,-73.538788,0.214301
598,-16.741310,-30.997204,0.000000,41.990128,-73.543472,0.244914
599,-16.741310,-30.997204,0.000000,41.988525,-73.548737,0.275526
600,-16.741310,-30.997204,0.000000,41.986732,-73.554588,0.306138
601,-16.741310,-30.997204,0.000000,41.984753,-73.561020,0.336749
602,-16.741310,-30.997204,0.000000,41.982582,-73.568039,0.367360
603,-16.741310,-30.997204,0.000000,41.980213,-73.575638,0.397969
604,-16.741310,-30.997204,0.000000,41.977646,-73.583817,0.428577
605,-16.741032,-30.998314,0.004156,41.974876,-73.592575,0.459184
606,-16.740761,-30.999395,0.004033,41.971901,-73.601906,0.489791
607,-16.740492,-31.000477,0.004056,41.968716,-73.611816,0.520395
608,-16.740223,-31.001560,0.004030,41.965317,-73.622299,0.550999
609,-16.743374,-31.002098,-0.159911,41.961700,-73.633347,0.581601
610,-16.742838,-31.004295,0.008166,41.957859,-73.644974,0.612202
611,-16.742580,-31.005352,0.003923,41.953789,-73.657166,0.642801
612,-16.742317,-31.006439,0.004025,41.949486,-73.669922,0.673398
613,-16.742056,-31.007524,0.004024,41.944942,-73.683243,0.703994
614,-16.745213,-31.008043,-0.159917,41.940155,-73.697128,0.734587
615,-16.744690,-31.010242,0.008169,41.935116,-73.711578,0.765179
616,-16.744440,-31.011299,0.003926,41.929821,-73.726585,0.795768
617,-16.744184,-31.012386,0.004019,41.924263,-73.742142,0.826355
618,-16.747343,-31.012890,-0.159923,41.918434,-73.758255,0.856940
619,-16.746832,-31.015093,0.008160,41.912331,-73.774918,0.887523
620,-16.746588,-31.016151,0.003946,41.905941,-73.792130,0.918102
621,-16.746338,-31.017239,0.004055,41.899261,-73.809891,0.948680
622,-16.746090,-31.018326,0.004030,41.892284,-73.828186,0.979254
623,-16.749252,-31.018808,-0.159911,41.885002,-73.847023,1.009825
624,-16.748756,-31.021015,0.008165,41.877403,-73.866394,1.040394
625,-16.748520,-31.022076,0.003909,41.869484,-73.886292,1.070959
626,-16.748276,-31.023165,0.004057,41.861237,-73.906715,1.101521
627,-16.751438,-31.023632,-0.159885,41.852650,-73.927658,1.132080
628,-16.750952,-31.025839,0.008182,41.843716,-73.949127,1.162636
629,-16.750721,-31.026899,0.003929,41.834427,-73.971107,1.193187
630,-16.750484,-31.027990,0.004029,41.824776,-73.993591,1.223735
631,-16.753651,-31.028440,-0.159913,41.814751,-74.016586,1.254279
632,-16.753176,-31.030651,0.008181,41.804344,-74.040077,1.284819
633,-16.752949,-31.031715,0.003923,41.793541,-74.064064,1.315355
634,-16.752716,-31.032810,0.004015,41.782337,-74.088531,1.345887
635,-16.752485,-31.033903,0.004016,41.770721,-74.113487,1.376414
636,-16.755653,-31.034332,-0.159925,41.758682,-74.138916,1.406937
637,-16.755192,-31.036545,0.008179,41.746216,-74.164818,1.437455
638,-16.754971,-31.037607,0.003952,41.733307,-74.191185,1.467968
639,-16.754745,-31.038700,0.004035,41.719948,-74.218010,1.498476
640,-16.757915,-31.039114,-0.159906,41.706123,-74.245285,1.528979
641,-16.757465,-31.041330,0.008164,41.691826,-74.273003,1.559477
642,-16.757252,-31.042397,0.003914,41.677044,-74.301155,1.589970
643,-16.757032,-31.043491,0.004048,41.661766,-74.329735,1.620457
644,-16.760204,-31.043888,-0.159893,41.645985,-74.358734,1.650938
645,-16.759556,-31.047180,0.003928,41.612808,-74.418053,1.711975
646,-16.759342,-31.048277,0.004034,41.595444,-74.448265,1.742438
647,-16.762516,-31.048658,-0.159907,41.577530,-74.478867,1.772896
648,-16.762089,-31.050879,0.008168,41.559052,-74.509842,1.803346
649,-16.761885,-31.051945,0.003954,41.540001,-74.541183,1.833791
650,-16.761677,-31.053041,0.004040,41.520363,-74.572876,1.864228
651,-16.761471,-31.054138,0.004048,41.500130,-74.604919,1.894659
652,-16.764648,-31.054501,-0.159893,41.479294,-74.637291,1.925082
653,-16.764236,-31.056725,0.008174,41.457836,-74.669983,1.955499
654,-16.764212,-31.056723,0.001260,41.435749,-74.702988,1.985909
655,-16.764212,-31.056723,0.000000,41.413017,-74.736298,2.016310
656,-16.764212,-31.056723,0.000000,41.389633,-74.769897,2.046705
657,-16.764212,-31.056723,0.000000,41.365585,-74.803772,2.077091
658,-16.764212,-31.056723,0.000000,41.340858,-74.837906,2.107469
659,-16.764212,-31.056723,0.000000,41.315445,-74.872284,2.137839
660,-16.764212,-31.056723,0.000000,41.289330,-74.906906,2.168201
661,-16.764212,-31.056723,0.000000,41.262505,-74.941742,2.198555
662,-16.764212,-31.056723,0.000000,41.234959,-74.976791,2.228899
663,-16.764212,-31.056723,0.000000,41.206680,-75.012032,2.259235
664,-16.764212,-31.056723,0.000000,41.177658,-75.047447,2.289562
665,-16.764212,-31.056723,0.000000,41.147881,-75.083023,2.319880
666,-16.764212,-31.056723,0.000000,41.117332,-75.118744,2.350188
667,-16.764212,-31.056723,0.000000,41.086006,-75.154594,2.380488
668,-16.764212,-31.056723,0.000000,41.053894,-75.190559,2.410777
669,-16.764212,-31.056723,0.000000,41.020985,-75.226624,2.441057
670,-16.764212,-31.056723,0.000000,40.987267,-75.262756,2.471326
671,-16.764212,-31.056723,0.000000,40.952728,-75.298950,2.501585
672,-16.764212,-31.056723,0.000000,40.917362,-75.335190,2.531834
673,-16.764212,-31.056723,0.000000,40.881157,-75.371445,2.562073
674,-16.764212,-31.056723,0.000000,40.844105,-75.407707,2.592300
675,-16.764212,-31.056723,0.000000,40.806194,-75.443954,2.622517
676,-16.764212,-31.056723,0.000000,40.767418,-75.480164,2.652723
677,-16.764212,-31.056723,0.000000,40.727768,-75.516312,2.682917
678,-16.764212,-31.056723,0.000000,40.687233,-75.552383,2.713100
679,-16.764212,-31.056723,0.000000,40.645805,-75.588348,2.743271
680,-16.764212,-31.056723,0.000000,40.603477,-75.624191,2.773431
681,-16.764212,-31.056723,0.000000,40.560246,-75.659897,2.803578
682,-16.764212,-31.056723,0.000000,40.516098,-75.695435,2.833714
683,-16.764212,-31.056723,0.000000,40.471031,-75.730782,2.863837
684,-16.764212,-31.056723,0.000000,40.425037,-75.765915,2.893947
685,-16.764212,-31.056723,0.000000,40.378113,-75.800812,2.924045
686,-16.764212,-31.056723,0.000000,40.330246,-75.835449,2.954130
687,-16.764212,-31.056723,0.000000,40.281437,-75.869797,2.984201
688,-16.764212,-31.056723,0.000000,40.231682,-75.903831,3.014260
689,-16.764212,-31.056723,0.000000,40.180973,-75.937531,3.044305
690,-16.764212,-31.056723,0.000000,40.129311,-75.970863,3.074336
691,-16.764212,-31.056723,0.000000,40.076687,-76.003807,3.104354
692,-16.764212,-31.056723,0.000000,40.023102,-76.036331,3.134357
693,-16.764212,-31.056723,0.000000,39.968552,-76.068413,3.164346
694,-16.764212,-31.056723,0.000000,39.913036,-76.100021,3.194321
695,-16.764212,-31.056723,0.000000,39.856552,-76.131134,3.224281
696,-16.764212,-31.056723,0.000000,39.799103,-76.161720,3.254226
697,-16.764212,-31.056723,0.000000,39.740688,-76.191750,3.284156
698,-16.764212,-31.056723,0.000000,39.681309,-76.221191,3.314071
699,-16.764212,-31.056723,0.000000,39.620964,-76.250023,3.343971
700,-16.764212,-31.056723,0.000000,39.559658,-76.278214,3.373855
701,-16.764212,-31.056723,0.000000,39.497395,-76.305725,3.403723
702,-16.764212,-31.056723,0.000000,39.431900,-76.333466,3.556479
703,-16.764212,-31.056723,0.000000,39.363136,-76.361290,3.709145
704,-16.764212,-31.056723,0.000000,39.291069,-76.389053,3.861716
705,-16.764212,-31.056723,0.000000,39.215668,-76.416611,4.014187
706,-16.764212,-31.056723,0.000000,39.136902,-76.443810,4.166551
707,-16.764212,-31.056723,0.000000,39.054749,-76.470490,4.318803
708,-16.764212,-31.056723,0.000000,38.969193,-76.496475,4.470937
709,-16.764212,-31.056723,0.000000,38.880215,-76.521599,4.622947
710,-16.764212,-31.056723,0.000000,38.787804,-76.545685,4.774827
711,-16.764212,-31.056723,0.000000,38.691963,-76.568542,4.926572
712,-16.764212,-31.056723,0.000000,38.592690,-76.589989,5.078175
713,-16.764212,-31.056723,0.000000,38.490013,-76.609917,5.229729
714,-16.764212,-31.056723,0.000000,38.487778,-76.573837,-0.035944
715,-16.764004,-31.057848,0.004141,38.482864,-76.542534,0.117954
716,-16.763802,-31.058945,0.004020,38.475266,-76.516006,0.272798
717,-16.766981,-31.059290,-0.159922,38.464973,-76.494263,0.428232
718,-16.766579,-31.061516,0.008187,38.451973,-76.477295,0.583922
719,-16.766388,-31.062586,0.003936,38.436256,-76.465088,0.739558
720,-16.766193,-31.063684,0.004039,38.417801,-76.457642,0.894850
721,-16.769375,-31.064013,-0.159903,38.396591,-76.454941,1.049526
722,-16.768986,-31.066240,0.008173,38.372570,-76.456390,1.203334
723,-16.768799,-31.067310,0.003918,38.345490,-76.457886,1.356184
724,-16.768608,-31.068413,0.004025,38.315346,-76.459381,1.509014
725,-16.771790,-31.068726,-0.159917,38.282143,-76.460831,1.661823
726,-16.771412,-31.070953,0.008187,38.245876,-76.462189,1.814607
727,-16.771233,-31.072025,0.003940,38.206551,-76.463394,1.967366
728,-16.771049,-31.073128,0.004032,38.164162,-76.464401,2.120097
729,-16.774235,-31.073423,-0.159909,38.118713,-76.465157,2.272799
730,-16.773869,-31.075653,0.008174,38.070206,-76.465599,2.425469
731,-16.773693,-31.076725,0.003928,38.018646,-76.465668,2.578105
732,-16.773514,-31.077827,0.004046,37.964035,-76.465317,2.730708
733,-16.776699,-31.078106,-0.159896,37.906376,-76.464478,2.883274
734,-16.776344,-31.080339,0.008160,37.845676,-76.463104,3.035804
735,-16.776175,-31.081413,0.003949,37.781944,-76.461136,3.188295
736,-16.779362,-31.081680,-0.159994,37.715179,-76.458511,3.340748
737,-16.779016,-31.083916,0.008165,37.645397,-76.455185,3.493161
738,-16.778851,-31.084990,0.003922,37.572601,-76.451096,3.645533
739,-16.778683,-31.086094,0.004026,37.496803,-76.446198,3.797863
740,-16.781872,-31.086344,-0.159915,37.418011,-76.440445,3.950153
741,-16.781538,-31.088581,0.008175,37.336235,-76.433792,4.102399
742,-16.781380,-31.089655,0.003943,37.251484,-76.426201,4.254603
743,-16.781216,-31.090759,0.004040,37.163765,-76.417633,4.406765
744,-16.784405,-31.090992,-0.159902,37.073093,-76.408043,4.558882
745,-16.784081,-31.093229,0.008195,36.979477,-76.397400,4.710955
746,-16.783928,-31.094305,0.003927,36.882927,-76.385681,4.862983
747,-16.783772,-31.095409,0.004053,36.783451,-76.372864,5.014967
748,-16.786961,-31.095627,-0.159888,36.681061,-76.358917,5.166905
749,-16.786650,-31.097866,0.008173,36.575760,-76.343826,5.318798
750,-16.786503,-31.098942,0.003915,36.467560,-76.327583,5.470644
751,-16.786350,-31.100048,0.004062,36.356468,-76.310173,5.622442
752,-16.789541,-31.100248,-0.159879,36.242493,-76.291595,5.774192
753,-16.789242,-31.102488,0.008189,36.125633,-76.271843,5.925892
754,-16.789099,-31.103565,0.003937,36.005898,-76.250916,6.077542
755,-16.792294,-31.103752,-0.160006,35.883289,-76.228828,6.229142
756,-16.792004,-31.105995,0.008165,35.757812,-76.205589,6.380688
757,-16.791866,-31.107071,0.003944,35.629463,-76.181213,6.532180
758,-16.791725,-31.108177,0.004044,35.498245,-76.155716,6.683617
759,-16.794918,-31.108349,-0.159897,35.364159,-76.129120,6.834996
760,-16.794640,-31.110592,0.008177,35.227200,-76.101456,6.986317
761,-16.794506,-31.111671,0.003928,35.087364,-76.072746,7.137577
762,-16.794371,-31.112780,0.004058,34.944649,-76.043030,7.288774
763,-16.797565,-31.112934,-0.159884,34.799049,-76.012344,7.439906
764,-16.797298,-31.115177,0.008189,34.650558,-75.980721,7.590972
765,-16.797173,-31.116257,0.003913,34.499172,-75.948212,7.741969
766,-16.797173,-31.116257,0.000000,34.344879,-75.914856,7.892893
767,-16.797173,-31.116257,0.000000,34.187675,-75.880707,8.043744
768,-16.797173,-31.116257,0.000000,34.027546,-75.845810,8.194519
769,-16.797173,-31.116257,0.000000,33.864471,-75.810272,8.345215
770,-16.797173,-31.116257,0.000000,33.698456,-75.774094,8.495830
771,-16.797173,-31.116257,0.000000,33.529495,-75.737274,8.646362
772,-16.797173,-31.116257,0.000000,33.357571,-75.699928,8.796808
773,-16.797173,-31.116257,0.000000,33.182671,-75.662125,8.947166
774,-16.797173,-31.116257,0.000000,33.004784,-75.623917,9.097435
775,-16.797173,-31.116257,0.000000,32.823895,-75.585365,9.247611
776,-16.797173,-31.116257,0.000000,32.639999,-75.546539,9.397694
777,-16.797173,-31.116257,0.000000,32.453079,-75.507492,9.547679
778,-16.797173,-31.116257,0.000000,32.263130,-75.468292,9.697565
779,-16.797173,-31.116257,0.000000,32.070145,-75.429001,9.847351
780,-16.797173,-31.116257,0.000000,31.874109,-75.389687,9.997034
781,-16.797173,-31.116257,0.000000,31.675014,-75.350403,10.146614
782,-16.797173,-31.116257,0.000000,31.472855,-75.311218,10.296088
783,-16.797173,-31.116257,0.000000,31.267624,-75.272186,10.445456
784,-16.797173,-31.116257,0.000000,31.059315,-75.233376,10.594714
785,-16.797173,-31.116257,0.000000,30.847923,-75.194839,10.743863
786,-16.797173,-31.116257,0.000000,30.633442,-75.156631,10.892901
787,-16.797173,-31.116257,0.000000,30.415871,-75.118805,11.041828
788,-16.797173,-31.116257,0.000000,30.195204,-75.081421,11.190640
789,-16.797173,-31.116257,0.000000,29.971439,-75.044518,11.339339
790,-16.797173,-31.116257,0.000000,29.750164,-75.009018,11.205211
791,-16.797173,-31.116257,0.000000,29.531387,-74.974892,11.071182
792,-16.797173,-31.116257,0.000000,29.315117,-74.942093,10.937255
793,-16.797173,-31.116257,0.000000,29.101358,-74.910583,10.803424
794,-16.797173,-31.116257,0.000000,28.890121,-74.880333,10.669690
795,-16.797173,-31.116257,0.000000,28.676292,-74.850609,10.794285
796,-16.797173,-31.116257,0.000000,28.459873,-74.821442,10.918790
797,-16.797173,-31.116257,0.000000,28.240868,-74.792854,11.043204
798,-16.797173,-31.116257,0.000000,28.019276,-74.764877,11.167529
799,-16.797173,-31.116257,0.000000,27.795101,-74.737534,11.291762
800,-16.797173,-31.116257,0.000000,27.568348,-74.710846,11.415904
801,-16.797173,-31.116257,0.000000,27.339020,-74.684837,11.539954
802,-16.797173,-31.116257,0.000000,27.107121,-74.659531,11.663911
803,-16.797173,-31.116257,0.000000,26.872652,-74.634933,11.787774
804,-16.797173,-31.116257,0.000000,26.635620,-74.611061,11.911544
805,-16.797173,-31.116257,0.000000,26.396030,-74.587929,12.035219
806,-16.797173,-31.116257,0.000000,26.153889,-74.565544,12.158800
807,-16.797173,-31.116257,0.000000,25.909199,-74.543915,12.282286
808,-16.797173,-31.116257,0.000000,25.661964,-74.523056,12.405676
809,-16.797173,-31.116257,0.000000,25.412193,-74.502960,12.528969
810,-16.797173,-31.116257,0.000000,25.159889,-74.483643,12.652165
811,-16.797173,-31.116257,0.000000,24.905060,-74.465088,12.775264
812,-16.797173,-31.116257,0.000000,24.647709,-74.447311,12.898264
813,-16.797173,-31.116257,0.000000,24.387842,-74.430298,13.021165
814,-16.797173,-31.116257,0.000000,24.125465,-74.414047,13.143968
815,-16.797173,-31.116257,0.000000,23.860584,-74.398560,13.266668
816,-16.797173,-31.116257,0.000000,23.593204,-74.383827,13.389268
817,-16.797173,-31.116257,0.000000,23.323332,-74.369843,13.511766
818,-16.797173,-31.116257,0.000000,23.050972,-74.356583,13.634162
819,-16.797173,-31.116257,0.000000,22.776129,-74.344048,13.756454
820,-16.797173,-31.116257,0.000000,22.498810,-74.332230,13.878640
821,-16.797173,-31.116257,0.000000,22.219017,-74.321106,14.000721
822,-16.797173,-31.116257,0.000000,21.936756,-74.310669,14.122696
823,-16.797173,-31.116257,0.000000,21.652033,-74.300888,14.244563
824,-16.797173,-31.116257,0.000000,21.364853,-74.291763,14.366323
825,-16.797173,-31.116257,0.000000,21.075218,-74.283279,14.487973
826,-16.797173,-31.116257,0.000000,20.783134,-74.275406,14.609512
827,-16.800449,-31.116402,-0.163999,20.493767,-74.268250,14.472770
828,-16.800188,-31.118675,0.008282,20.207117,-74.261765,14.336157
829,-16.800064,-31.119753,0.003951,19.923183,-74.255905,14.199672
830,-16.799938,-31.120863,0.004033,19.641968,-74.250626,14.063313
831,-16.803133,-31.120987,-0.159908,19.363468,-74.245895,13.927079
832,-16.802887,-31.123234,0.008168,19.082895,-74.241608,14.030316
833,-16.802769,-31.124313,0.003943,18.800253,-74.237747,14.133462
834,-16.802650,-31.125423,0.004043,18.515545,-74.234299,14.236516
835,-16.805847,-31.125530,-0.159898,18.228771,-74.231247,14.339478
836,-16.805614,-31.127781,0.008148,17.939938,-74.228577,14.442347
837,-16.805504,-31.128862,0.003928,17.651917,-74.226288,14.401603
838,-16.808702,-31.128956,-0.160015,17.364704,-74.224350,14.360900
839,-16.808477,-31.131207,0.008153,17.078304,-74.222748,14.320236
840,-16.808371,-31.132288,0.003935,16.792715,-74.221451,14.279610
841,-16.808262,-31.133400,0.004026,16.507936,-74.220444,14.239021
842,-16.811459,-31.133478,-0.159916,16.223969,-74.219704,14.198471
843,-16.811245,-31.135731,0.008167,15.940810,-74.218964,14.157963
844,-16.811142,-31.136810,0.003954,15.658462,-74.218231,14.117491
845,-16.814341,-31.136875,-0.159989,15.384832,-74.217514,13.681497
846,-16.814137,-31.139130,0.008168,15.112004,-74.217041,13.641444
847,-16.814041,-31.140213,0.003928,14.847887,-74.216583,13.205860
848,-16.813942,-31.141327,0.004041,14.584563,-74.216125,13.166220
849,-16.817139,-31.141375,-0.159900,14.322031,-74.215675,13.126614
850,-16.816948,-31.143629,0.008146,14.068203,-74.215240,12.691456
851,-16.816856,-31.144711,0.003947,13.815159,-74.214806,12.652241
852,-16.820057,-31.144745,-0.159996,13.570810,-74.214584,12.217458
853,-16.819874,-31.146999,0.008181,13.327238,-74.214355,12.178621
854,-16.819786,-31.148083,0.003922,13.092354,-74.214142,11.744205
855,-16.822987,-31.148106,-0.160021,12.858240,-74.213928,11.705729
856,-16.822229,-31.149332,0.037585,12.624895,-74.213715,11.667283
857,-16.824757,-31.149342,-0.126364,12.400230,-74.213509,11.233243
858,-16.824081,-31.150442,0.033672,12.176328,-74.213303,11.195143
859,-16.824015,-31.151348,0.003309,11.953187,-74.212837,11.157061
860,-16.827227,-31.151348,-0.160643,11.730810,-74.211739,11.118969
861,-16.826477,-31.152584,0.037639,11.509203,-74.209641,11.080836
862,-16.826099,-31.152584,0.018940,11.288378,-74.206177,11.042633
863,-16.825665,-31.152586,0.021758,11.068352,-74.201004,11.004330
864,-16.825237,-31.152588,0.021329,10.848313,-74.192558,11.010035
865,-16.824810,-31.152590,0.021401,10.628430,-74.179253,11.014266
866,-16.824383,-31.152592,0.021387,10.408929,-74.160019,11.017167
867,-16.827234,-31.152573,-0.142613,10.189968,-74.134857,11.020067
868,-16.826315,-31.152580,0.045993,9.971708,-74.103790,11.022967
869,-16.825962,-31.152584,0.017696,9.754309,-74.066849,11.025865
870,-16.825523,-31.152590,0.021945,9.537927,-74.024048,11.028761
871,-16.825098,-31.152596,0.021302,9.322720,-73.975418,11.031658
872,-16.824671,-31.152599,0.021402,9.108845,-73.920990,11.034554
873,-16.827522,-31.152561,-0.142597,8.896458,-73.860809,11.037448
874,-16.826603,-31.152576,0.045982,8.688492,-73.795486,10.899292
875,-16.826248,-31.152582,0.017698,8.485090,-73.725143,10.761176
876,-16.825809,-31.152588,0.021947,8.286395,-73.649910,10.623097
877,-16.825384,-31.152596,0.021304,8.092546,-73.569931,10.485053
878,-16.825096,-31.152599,0.014390,7.903682,-73.485352,10.347040
879,-16.824947,-31.152601,0.007476,7.714504,-73.393921,10.505658
880,-16.824936,-31.152601,0.000563,7.525227,-73.295654,10.663322
881,-16.824936,-31.152601,0.000000,7.336065,-73.190552,10.819856
882,-16.824936,-31.152601,0.000000,7.147233,-73.078644,10.975192
883,-16.824936,-31.152601,0.000000,6.958969,-72.958542,11.165679
884,-16.824936,-31.152601,0.000000,6.771573,-72.830292,11.354150
885,-16.824936,-31.152601,0.000000,6.585341,-72.693939,11.540517
886,-16.824936,-31.152601,0.000000,6.400563,-72.549561,11.724820
887,-16.824936,-31.152601,0.000000,6.217517,-72.397224,11.907184
888,-16.824936,-31.152601,0.000000,6.036475,-72.237015,12.087776
889,-16.824936,-31.152601,0.000000,5.857969,-72.067627,12.304144
890,-16.824936,-31.152601,0.000000,5.682323,-71.889168,12.520058
891,-16.824936,-31.152601,0.000000,5.509843,-71.701736,12.735883
892,-16.824936,-31.152601,0.000000,5.340826,-71.505440,12.951853
893,-16.824936,-31.152601,0.000000,5.175557,-71.300392,13.168106
894,-16.824936,-31.152601,0.000000,5.014313,-71.086716,13.384715
895,-16.824936,-31.152601,0.000000,4.857899,-70.863235,13.638988
896,-16.824936,-31.152601,0.000000,4.706646,-70.630112,13.894564
897,-16.824936,-31.152601,0.000000,4.560872,-70.387512,14.151583
898,-16.824936,-31.152601,0.000000,4.420885,-70.135590,14.410064
899,-16.824936,-31.152601,0.000000,4.286982,-69.874527,14.669937
900,-16.824936,-31.152601,0.000000,4.163856,-69.610077,14.585299
901,-16.824936,-31.152601,0.000000,4.050980,-69.342880,14.503183
902,-16.824936,-31.152601,0.000000,3.947835,-69.073486,14.423305
903,-16.824936,-31.152601,0.000000,3.853910,-68.802391,14.345388
904,-16.824936,-31.152601,0.000000,3.768708,-68.530029,14.269186
905,-16.824936,-31.152601,0.000000,3.690208,-68.250641,14.510300
906,-16.824936,-31.152601,0.000000,3.618341,-67.964485,14.752230
907,-16.824936,-31.152601,0.000000,3.553014,-67.671791,14.994851
908,-16.824936,-31.152601,0.000000,3.494109,-67.372780,15.238053
909,-16.824936,-31.152601,0.000000,3.441485,-67.067650,15.481738
910,-16.824936,-31.152601,0.000000,3.394984,-66.756592,15.725819
911,-16.824936,-31.152601,0.000000,3.354430,-66.439774,15.970218
912,-16.824936,-31.152601,0.000000,3.319631,-66.117355,16.214867
913,-16.824936,-31.152601,0.000000,3.290380,-65.789467,16.459702
914,-16.824936,-31.152601,0.000000,3.266462,-65.456238,16.704674
915,-16.824936,-31.152601,0.000000,3.247650,-65.117767,16.949734
916,-16.824936,-31.152601,0.000000,3.233708,-64.774155,17.194839
917,-16.824936,-31.152601,0.000000,3.224397,-64.425484,17.439947
918,-16.824936,-31.152601,0.000000,3.219472,-64.071823,17.685028
919,-16.824936,-31.152601,0.000000,3.218684,-63.713226,17.930046
920,-16.824936,-31.152601,0.000000,3.221784,-63.349739,18.174971
921,-16.824936,-31.152601,0.000000,3.228522,-62.981407,18.419777
922,-16.824936,-31.152601,0.000000,3.238649,-62.608257,18.664440
923,-16.824936,-31.152601,0.000000,3.251918,-62.230312,18.908936
924,-16.824936,-31.152601,0.000000,3.268086,-61.847588,19.153244
925,-16.824936,-31.152601,0.000000,3.286566,-61.466412,19.081236
926,-16.824936,-31.152601,0.000000,3.307087,-61.086777,19.009390
927,-16.824936,-31.152601,0.000000,3.329394,-60.708687,18.937502
928,-16.824936,-31.152601,0.000000,3.353252,-60.332134,18.865446
929,-16.824936,-31.152601,0.000000,3.378443,-59.957115,18.793156
930,-16.824936,-31.152601,0.000000,3.405200,-59.577736,19.016035
931,-16.824936,-31.152601,0.000000,3.433337,-59.194000,19.238295
932,-16.824936,-31.152601,0.000000,3.462677,-58.805908,19.459944
933,-16.824936,-31.152601,0.000000,3.493047,-58.413460,19.681198
934,-16.824936,-31.152601,0.000000,3.524283,-58.016644,19.902197
935,-16.824936,-31.152601,0.000000,3.555866,-57.615425,20.123039
936,-16.824936,-31.152601,0.000000,3.587795,-57.209808,20.343761
937,-16.824936,-31.152601,0.000000,3.620070,-56.799789,20.564392
938,-16.824936,-31.152601,0.000000,3.652692,-56.385376,20.784935
939,-16.824444,-31.152611,0.024595,3.685660,-55.966564,21.005383
940,-16.827230,-31.152554,-0.139404,3.718973,-55.543358,21.225723
941,-16.826321,-31.152575,0.045516,3.752633,-55.115761,21.445934
942,-16.825966,-31.152580,0.017772,3.786098,-54.683739,21.665976
943,-16.825527,-31.152592,0.021921,3.819274,-54.247284,21.885838
944,-16.825102,-31.152603,0.021307,3.852073,-53.806393,22.105497
945,-16.827953,-31.152531,-0.142692,3.884416,-53.361069,22.324934
946,-16.827034,-31.152557,0.045994,3.916228,-52.911308,22.544130
947,-16.826681,-31.152569,0.017688,3.947443,-52.457119,22.763067
948,-16.826244,-31.152580,0.021939,3.977759,-52.002262,22.793369
949,-16.825819,-31.152594,0.021296,4.007153,-51.546738,22.823668
950,-16.825392,-31.152607,0.021397,4.035604,-51.090546,22.853952
951,-16.828243,-31.152515,-0.142603,4.063101,-50.633690,22.884310
952,-16.827324,-31.152546,0.045989,4.089634,-50.176163,22.914885
953,-16.826971,-31.152557,0.017692,4.114762,-49.726082,22.539204
954,-16.826534,-31.152573,0.021944,4.138540,-49.283432,22.164444
955,-16.826109,-31.152590,0.021300,4.161426,-48.840080,22.197187
956,-16.825682,-31.152607,0.021401,4.183034,-48.404144,21.823673
957,-16.828531,-31.152496,-0.142598,4.203421,-47.975613,21.450836
958,-16.827614,-31.152534,0.045986,4.222995,-47.546356,21.485119
959,-16.827261,-31.152550,0.017696,4.241425,-47.124504,21.112661
