frame,phase,update_ms,vehicles_included_ms,submit_ms,finish_ms,present_ms,total_ms,bounds_included_ms,prepare_included_ms,dispatch_included_ms,packet_included_ms,dma_included_ms,vif_wait_included_ms,flushes,triangles,uploads,reuploads,x,z,speed,fps,driver
0,0,39.322608,35.260281,340.091176,1.040388,19.546451,400.000624,13.309821,2.946292,37.189965,14.332865,0.969147,0.565525,83,23971,3,0,0.000000,-74.303497,0.000000,50.115288,-1
1,0,4.600637,2.161275,11.346188,1.102197,2.939972,19.988993,1.140266,1.643955,5.760369,0.627204,0.277771,2.115065,55,22425,0,0,0.000000,-74.303497,0.000000,50.115288,-1
2,0,2.280094,0.681234,16.927243,1.032596,19.680084,39.920017,1.444804,2.834615,9.354231,1.621250,0.569648,1.765093,80,23971,0,0,0.000000,-74.303497,0.000000,11.998217,-1
3,0,11.447432,1.198527,12.778541,1.091441,14.639550,39.956963,1.224969,1.694926,7.094608,1.213081,0.249396,2.278120,55,22425,0,0,0.000000,-74.303497,0.000000,11.998217,-1
4,0,2.729163,1.185798,11.840335,1.092526,4.314687,19.976712,1.268853,2.553958,4.756816,0.607734,0.185069,1.919766,45,22425,0,0,0.000000,-74.303497,0.000000,11.998217,-1
5,0,2.245087,0.706645,11.391029,1.097029,5.223989,19.957133,1.282922,1.667901,5.753604,0.595632,0.248006,2.105916,55,22425,0,0,0.000000,-74.303497,0.000000,11.998217,-1
6,0,2.485735,0.759772,10.690392,1.117686,5.643151,19.936964,1.131463,2.347870,4.514791,0.524065,0.209137,1.638957,45,22425,0,0,0.000000,-74.303497,0.000000,11.998217,-1
7,0,2.265771,0.688049,11.059859,1.084110,5.541670,19.951409,1.063494,1.791768,5.696764,0.553314,0.246646,2.224681,55,22425,0,0,0.000000,-74.303497,0.000000,11.998217,-1
8,0,2.271020,0.680386,10.982263,1.083886,5.595815,19.932983,1.294786,2.346724,4.444862,0.570441,0.208086,1.639621,45,22425,0,0,0.000000,-74.303497,0.000000,11.998217,-1
9,0,2.272939,0.724481,10.907508,1.075361,5.700918,19.956726,0.994334,1.725040,5.689575,0.561629,0.277951,2.183034,55,22425,0,0,0.000000,-74.303497,0.000000,11.998217,-1
10,0,2.270423,0.757853,10.592329,1.115468,5.978967,19.957187,1.131680,2.334696,4.532227,0.559960,0.238308,1.471737,45,22425,0,0,0.000000,-74.303497,0.000000,11.998217,-1
11,0,2.272742,0.730191,11.094974,1.100149,5.490665,19.958530,1.186601,1.699575,5.850616,0.659658,0.275380,2.104502,55,22425,0,0,0.000000,-74.303497,0.000000,11.998217,-1
12,0,2.321347,0.695129,10.984263,1.098263,5.553457,19.957330,1.135824,2.511776,4.528093,0.598789,0.206156,1.705122,45,22425,0,0,0.000000,-74.303497,0.000000,11.998217,-1
13,0,2.295583,0.686849,11.066423,1.076175,5.519399,19.957581,1.032990,1.820302,5.678874,0.553151,0.306125,2.144307,55,22425,0,0,0.000000,-74.303497,0.000000,11.998217,-1
14,0,2.272783,0.683397,10.641605,1.119063,5.894358,19.927809,1.017839,2.484528,4.623688,0.643653,0.225864,1.632294,45,22425,0,0,0.000000,-74.303497,0.000000,11.998217,-1
15,0,2.267914,0.716309,11.267880,1.103661,5.317230,19.956685,1.092624,1.654731,5.814772,0.588762,0.248172,2.209279,55,22425,0,0,0.000000,-74.303497,0.000000,11.998217,-1
16,0,2.276506,0.764486,12.111725,1.080305,4.487817,19.956353,1.079787,1.710971,5.595276,0.552324,0.272166,2.017765,55,22425,0,0,0.000000,-74.303497,0.000000,11.998217,-1
17,0,2.269101,0.757243,11.130171,1.108748,5.449738,19.957757,1.133189,1.739258,5.792952,0.553219,0.251129,2.133538,55,22425,0,0,0.000000,-74.303497,0.000000,11.998217,-1
18,0,2.332252,0.696391,11.127669,1.080855,5.416005,19.956780,1.091122,1.695886,5.804003,0.591865,0.381429,2.150174,55,22425,0,0,0.000000,-74.303497,0.000000,11.998217,-1
19,0,2.306000,0.697611,11.316281,1.084863,5.250498,19.957642,1.163991,1.763275,5.749108,0.674289,0.317247,2.069485,55,22425,0,0,0.000000,-74.303497,0.000000,11.998217,-1
20,0,1.980737,0.409322,11.234941,1.118676,5.649831,19.984185,1.092743,1.702776,5.654639,0.588504,0.272030,2.182563,55,22425,0,0,0.000000,-74.303497,0.000000,11.998217,-1
21,0,1.791202,0.244717,10.927975,1.083377,6.127106,19.929660,0.984531,1.652595,5.757785,0.598545,0.248488,2.216553,55,22425,0,0,0.000000,-74.303497,0.000000,11.998217,-1
22,0,1.795285,0.249898,10.991174,1.081343,6.097341,19.965142,1.022617,1.750068,5.680227,0.517381,0.282393,2.192854,55,22425,0,0,0.000000,-74.303497,0.000000,11.998217,-1
23,0,1.763289,0.249071,10.986142,1.079980,6.119476,19.948886,0.937005,1.863369,5.607554,0.553280,0.249637,2.055796,55,22425,0,0,0.000000,-74.303497,0.000000,11.998217,-1
24,0,1.830034,0.212545,11.038008,1.122481,5.966705,19.957228,1.027154,1.732534,5.713704,0.580716,0.302405,2.035906,55,22425,0,0,0.000000,-74.303497,0.000000,11.998217,-1
25,0,1.819217,0.213040,10.929060,1.126577,6.082014,19.956868,1.050123,1.749746,5.704997,0.544393,0.281633,2.141995,55,22425,0,0,0.000000,-74.303497,0.000000,11.998217,-1
26,0,1.792016,0.212341,10.985430,1.104699,6.059845,19.941989,0.928518,1.730513,5.653659,0.554369,0.246033,2.224440,55,22425,0,0,0.000000,-74.303497,0.000000,46.156586,-1
27,0,1.841353,0.245056,10.996680,1.086307,6.009288,19.933628,1.091309,1.654351,5.818549,0.587453,0.249098,2.278256,55,22425,0,0,0.000000,-74.303497,0.000000,46.156586,-1
28,0,1.869002,0.249471,11.104062,1.136173,5.876061,19.985297,1.015639,1.725196,5.653934,0.602546,0.266252,2.139503,55,22425,0,0,0.000000,-74.303497,0.000000,46.156586,-1
29,0,1.759382,0.213955,11.068776,1.106578,5.994659,19.929396,1.010559,1.820384,5.837935,0.555593,0.329173,2.255395,55,22425,0,0,0.000000,-74.303497,0.000000,46.156586,-1
30,0,1.827131,0.212802,11.103478,1.077430,5.949188,19.957228,1.093567,1.734300,5.606391,0.545973,0.265883,2.151232,55,22425,0,0,0.000000,-74.303497,0.000000,46.156586,-1
31,0,1.816735,0.212850,11.309119,1.085561,5.745711,19.957126,1.040466,1.847521,5.653463,0.560903,0.268127,2.169627,55,22425,0,0,0.000000,-74.303497,0.000000,46.156586,-1
32,0,1.832401,0.249349,11.059282,1.076385,5.961999,19.930067,0.972310,1.747474,5.682003,0.561391,0.246718,2.219594,55,22425,0,0,0.000000,-74.303497,0.000000,46.156586,-1
33,0,1.788374,0.277791,10.902930,1.082570,6.181074,19.954949,1.059509,1.664571,5.726003,0.513546,0.278351,2.200117,55,22425,0,0,0.000000,-74.303497,0.000000,46.156586,-1
34,0,1.795936,0.250068,11.087955,1.112640,5.960290,19.956821,1.087880,1.758247,5.795966,0.638414,0.312534,2.114722,55,22425,0,0,0.000000,-74.303497,0.000000,46.156586,-1
35,0,1.797061,0.213203,11.376753,1.078393,5.674591,19.926799,1.108565,1.822608,5.855937,0.589054,0.308339,2.152310,55,22425,0,0,0.000000,-74.303497,0.000000,46.156586,-1
36,0,1.823449,0.212640,11.077593,1.077559,5.978892,19.957492,1.087443,1.786384,5.585642,0.556929,0.266842,2.107408,55,22425,0,0,0.000000,-74.303497,0.000000,46.156586,-1
37,0,1.870114,0.250224,10.934045,1.074466,6.102956,19.981581,1.024007,1.738949,5.682580,0.584089,0.284231,2.196272,55,22425,0,0,0.000000,-74.303497,0.000000,46.156586,-1
38,0,1.895199,0.250536,11.107466,1.115014,5.814728,19.932407,1.041802,1.697645,5.764353,0.551883,0.308068,2.173787,55,22425,0,0,0.000000,-74.303497,0.000000,46.156586,-1
39,0,1.771128,0.260234,11.246925,1.124108,5.815501,19.957662,1.163225,1.622094,5.799822,0.558726,0.287248,2.168603,55,22425,0,0,0.000000,-74.303497,0.000000,46.156586,-1
40,0,1.908830,0.212375,11.084096,1.079892,5.884226,19.957045,1.005330,1.773851,5.693861,0.592126,0.305549,2.188704,55,22425,0,0,0.000000,-74.303497,0.000000,46.156586,-1
41,0,1.869327,0.212375,11.069638,1.080509,5.937998,19.957472,0.972243,1.834069,5.750051,0.516334,0.271606,2.232961,55,22425,0,0,0.000000,-74.303497,0.000000,46.156586,-1
42,0,1.953101,0.248311,11.251875,1.139421,5.642303,19.986701,1.068688,1.699809,5.776713,0.558282,0.278242,2.240699,55,22425,0,0,0.000000,-74.303497,0.000000,46.156586,-1
43,0,1.896881,0.250658,10.872677,1.086477,6.071923,19.927958,1.038313,1.727136,5.641269,0.518144,0.250031,2.119039,55,22425,0,0,0.000000,-74.303497,0.000000,46.156586,-1
44,0,1.898454,0.213019,11.105350,1.109216,5.844411,19.957431,1.022586,1.726173,5.694838,0.592868,0.267602,2.164476,55,22425,0,0,0.000000,-74.303497,0.000000,46.156586,-1
45,0,1.962351,0.212429,11.284665,1.075199,5.634491,19.956706,1.158841,1.649177,5.767609,0.518131,0.267175,2.179192,55,22425,0,0,0.000000,-74.303497,0.000000,46.156586,-1
46,0,1.932003,0.212606,11.044457,1.077057,5.903975,19.957492,1.098616,1.620151,5.745680,0.550707,0.246802,2.226749,55,22425,0,0,0.000000,-74.303497,0.000000,46.156586,-1
47,0,1.941661,0.246989,11.292172,1.153982,5.569828,19.957642,1.233527,1.689796,5.775913,0.588742,0.248756,2.273251,55,22425,0,0,0.000000,-74.303497,0.000000,46.156586,-1
48,0,1.927589,0.249274,10.933434,1.083601,5.992625,19.937249,1.018107,1.715593,5.616584,0.641754,0.315501,1.959066,55,22425,0,0,0.000000,-74.303497,0.000000,46.156586,-1
49,0,1.931800,0.248244,11.017215,1.150726,5.846378,19.946120,1.051168,1.669189,5.605211,0.547150,0.314084,2.151293,55,22425,0,0,0.000000,-74.303497,0.000000,46.156586,-1
50,0,1.967892,0.212375,11.185326,1.089115,5.715281,19.957614,1.053060,1.733582,5.619866,0.595547,0.266402,2.169139,55,22425,0,0,0.000000,-74.303497,0.000000,46.156586,-1
51,0,1.971052,0.213447,11.124698,1.090729,5.763513,19.949992,1.005330,1.780280,5.861413,0.600199,0.380727,2.130964,55,22425,0,0,0.000000,-74.303497,0.000000,50.000000,-1
52,0,1.957299,0.212301,11.078067,1.089372,5.832286,19.957024,1.001109,1.778568,5.706540,0.552717,0.245066,2.272061,55,22425,0,0,0.000000,-74.303497,0.000000,50.000000,-1
53,0,1.946191,0.248149,11.068356,1.120154,5.851125,19.985826,1.038194,1.668087,5.637187,0.549645,0.249746,2.136580,55,22425,0,0,0.000000,-74.303497,0.000000,50.000000,-1
54,0,1.920976,0.248603,11.262421,1.089372,5.655182,19.927951,1.213016,1.752153,5.693180,0.557560,0.302304,2.098914,55,22425,0,0,0.000000,-74.303497,0.000000,50.000000,-1
55,0,1.934072,0.213548,10.951311,1.129486,5.941674,19.956543,0.971300,1.740580,5.637451,0.597497,0.312422,1.969682,55,22425,0,0,0.000000,-74.303497,0.000000,50.000000,-1
56,0,1.969235,0.212809,11.195173,1.093672,5.699046,19.957126,1.108765,1.689816,5.741340,0.551063,0.268341,2.260193,55,22425,0,0,0.000000,-74.303497,0.000000,50.000000,-1
57,0,1.934065,0.247091,11.077457,1.089583,5.856069,19.957174,1.078756,1.768765,5.736040,0.596927,0.346412,2.125532,55,22425,0,0,0.000000,-74.303497,0.000000,50.000000,-1
58,0,1.957808,0.212931,11.396332,1.091977,5.510997,19.957113,1.187198,1.713820,5.766073,0.560805,0.246823,2.235348,55,22425,0,0,0.000000,-74.303497,0.000000,50.000000,-1
59,0,1.929474,0.249396,11.045773,1.091414,5.882050,19.948710,1.018897,1.685662,5.656253,0.516666,0.248620,2.188961,55,22425,0,0,0.000000,-74.303497,0.000000,50.000000,-1
60,0,1.920007,0.250732,11.256371,1.091258,5.666419,19.934055,0.985236,1.899339,5.564094,0.517453,0.277584,2.032118,55,22425,0,0,0.000000,-74.303497,0.000000,50.000000,-1
61,0,1.963403,0.213501,11.042959,1.132511,5.817834,19.956706,1.134274,1.752808,5.661814,0.515116,0.352536,2.099535,55,22425,0,0,0.000000,-74.303497,0.000000,50.000000,-1
62,0,1.971473,0.213040,11.425093,1.152300,5.408078,19.956943,0.996002,1.742954,5.899740,0.630303,0.286733,2.171268,55,22425,0,0,0.000000,-74.303497,0.000000,50.000000,-1
63,0,1.963016,0.247769,11.068546,1.092980,5.832977,19.957520,0.984070,1.702532,5.713993,0.548621,0.302646,2.139587,55,22425,0,0,0.000000,-74.303497,0.000000,50.000000,-1
64,0,1.962033,0.247531,11.135440,1.093306,5.766978,19.957757,1.042386,1.653914,5.836934,0.561262,0.281769,2.337301,55,22425,0,0,0.000000,-74.303497,0.000000,50.000000,-1
65,0,1.932397,0.250441,11.054223,1.093360,5.847402,19.927382,1.008701,1.658664,5.830268,0.587209,0.247236,2.096822,55,22425,0,0,0.000000,-74.303497,0.000000,50.000000,-1
66,0,1.927026,0.249274,11.443478,1.087507,5.499135,19.957147,1.119405,1.731242,5.747877,0.521932,0.277971,2.081797,55,22425,0,0,0.000000,-74.303497,0.000000,50.000000,-1
67,0,1.964929,0.213135,11.107005,1.107588,5.778039,19.957560,1.010213,1.777462,5.696018,0.558560,0.270599,2.069319,55,22425,0,0,0.000000,-74.303497,0.000000,50.000000,-1
68,0,1.953942,0.213094,11.142195,1.089583,5.771840,19.957560,0.979462,1.724999,5.727461,0.553413,0.321577,2.119107,55,22425,0,0,0.000000,-74.303497,0.000000,50.000000,-1
69,0,1.956431,0.276652,11.322222,1.108714,5.577762,19.965129,1.121785,1.706421,5.779565,0.553002,0.286896,2.175961,55,22425,0,0,0.000000,-74.303497,0.000000,50.000000,-1
70,0,1.961683,0.246948,11.110725,1.120378,5.785126,19.977912,0.954624,1.742259,5.682885,0.559455,0.246375,2.120636,55,22425,0,0,0.000000,-74.303497,0.000000,50.000000,-1
71,0,1.930783,0.249288,11.023848,1.096873,5.877709,19.929213,1.003272,1.617689,5.823368,0.562259,0.247287,2.209720,55,22425,0,0,0.000000,-74.303497,0.000000,50.000000,-1
72,0,1.926944,0.213182,11.439165,1.077206,5.513316,19.956631,1.090210,1.700066,5.618086,0.520650,0.333859,2.114570,55,22425,0,0,0.000000,-74.303497,0.000000,50.000000,-1
73,0,1.970903,0.212741,11.093781,1.117591,5.775136,19.957411,0.974965,1.817993,5.640089,0.554952,0.268321,2.109721,55,22425,0,0,0.000000,-74.303497,0.000000,50.000000,-1
74,0,1.950090,0.212348,11.431990,1.135712,5.439701,19.957492,1.116628,1.698581,5.820699,0.583971,0.246396,2.224528,55,22425,0,0,0.000000,-74.303497,0.000000,50.000000,-1
75,0,1.957428,0.246460,11.050106,1.090505,5.880144,19.978183,1.011970,1.731856,5.646193,0.550385,0.285390,2.140330,55,22425,0,0,0.000000,-74.303497,0.000000,50.000000,-1
76,0,1.925388,0.247620,11.022183,1.118364,5.859487,19.925422,0.929403,1.740038,5.719452,0.561506,0.247355,2.093984,55,22425,0,0,0.000000,-74.303497,0.000000,49.997902,-1
77,0,1.932044,0.250007,11.009240,1.086348,5.902313,19.929945,0.961673,1.739885,5.724477,0.599440,0.248271,2.200707,55,22425,0,0,0.000000,-74.303497,0.000000,49.997902,-1
78,0,1.967777,0.212321,11.217512,1.090451,5.682532,19.958272,0.995385,1.772990,5.682834,0.551910,0.276730,2.178897,55,22425,0,0,0.000000,-74.303497,0.000000,49.997902,-1
79,0,1.974653,0.212741,11.089949,1.121443,5.770233,19.956278,1.037618,1.769433,5.672075,0.547367,0.244371,2.194787,55,22425,0,0,0.000000,-74.303497,0.000000,49.997902,-1
80,0,1.968787,0.212646,11.090559,1.090132,5.808197,19.957676,0.930732,1.693627,5.709880,0.570577,0.244490,2.166646,55,22425,0,0,0.000000,-74.303497,0.000000,49.997902,-1
81,0,1.939056,0.258728,11.019691,1.128014,5.909203,19.995965,1.047482,1.704149,5.680912,0.596080,0.250248,2.140174,55,22425,0,0,0.000000,-74.303497,0.000000,49.997902,-1
82,0,1.896223,0.250346,11.339372,1.091068,5.592234,19.918898,0.976356,1.795332,5.792725,0.550602,0.307210,2.177355,55,22425,0,0,0.000000,-74.303497,0.000000,49.997902,-1
83,0,1.927202,0.213548,10.978071,1.091556,5.960317,19.957147,0.974179,1.709106,5.679328,0.600515,0.357927,2.041243,55,22425,0,0,0.000000,-74.303497,0.000000,49.997902,-1
84,0,1.975691,0.212809,11.137468,1.094038,5.750600,19.957798,1.107405,1.684753,5.506724,0.514689,0.265808,2.077823,55,22425,0,0,0.000000,-74.303497,0.000000,49.997902,-1
85,0,1.970184,0.212341,11.431149,1.120372,5.434879,19.956584,1.085358,1.641635,5.816667,0.598568,0.378238,2.215447,55,22425,0,0,0.000000,-74.303497,0.000000,49.997902,-1
86,0,1.963559,0.212450,11.177317,1.088538,5.727854,19.957269,1.073910,1.696594,5.814870,0.633823,0.275920,2.286797,55,22425,0,0,0.000000,-74.303497,0.000000,49.997902,-1
87,0,1.954688,0.247016,11.087121,1.094682,5.842058,19.978550,1.080668,1.696730,5.781209,0.551632,0.246775,2.322001,55,22425,0,0,0.000000,-74.303497,0.000000,49.997902,-1
88,0,1.931027,0.248956,11.317976,1.091644,5.595544,19.936191,1.020315,1.767975,5.708920,0.570235,0.312639,2.181844,55,22425,0,0,0.000000,-74.303497,0.000000,49.997902,-1
89,0,1.964318,0.212809,11.329207,1.094242,5.569468,19.957235,1.241208,1.781959,5.658732,0.557207,0.290192,2.043009,55,22425,0,0,0.000000,-74.303497,0.000000,49.997902,-1
90,0,1.950931,0.213094,11.157250,1.093218,5.756256,19.957655,1.017934,1.692610,5.578515,0.513129,0.275380,2.117242,55,22425,0,0,0.000000,-74.303497,0.000000,49.997902,-1
91,0,1.968699,0.213236,11.107337,1.088118,5.793488,19.957642,0.968292,1.684153,5.835276,0.518911,0.246769,2.227461,55,22425,0,0,0.000000,-74.303497,0.000000,49.997902,-1
92,0,1.951026,0.273458,11.107507,1.121660,5.807953,19.988146,1.134111,1.582540,5.797387,0.597117,0.287455,2.213467,55,22425,0,0,0.000000,-74.303497,0.000000,49.997902,-1
93,0,1.928524,0.250434,11.319950,1.093055,5.584076,19.925605,1.033915,1.652106,5.744361,0.595381,0.329112,2.241123,55,22425,0,0,0.000000,-74.303497,0.000000,49.997902,-1
94,0,1.931956,0.214423,11.316138,1.088023,5.621524,19.957642,1.005737,1.803219,5.787927,0.520040,0.270569,2.273356,55,22425,0,0,0.000000,-74.303497,0.000000,49.997902,-1
95,0,1.970062,0.212450,11.155331,1.087792,5.743439,19.956624,1.042297,1.812486,5.690447,0.558987,0.351790,2.114553,55,22425,0,0,0.000000,-74.303497,0.000000,49.997902,-1
96,0,1.974891,0.213501,11.352481,1.110165,5.519691,19.957228,0.984948,1.765808,5.670454,0.555240,0.243106,2.113132,55,22425,0,0,0.000000,-74.303497,0.000000,49.997902,-1
97,0,1.955095,0.249478,11.084903,1.089216,5.827810,19.957024,1.135352,1.620850,5.769487,0.620636,0.285224,2.192461,55,22425,0,0,0.000000,-74.303497,0.000000,49.997902,-1
98,0,1.912703,0.275743,11.177249,1.126516,5.734114,19.950582,1.081363,1.700134,5.813873,0.521037,0.318210,2.106249,55,22425,0,0,0.000000,-74.303497,0.000000,49.997902,-1
99,0,1.931081,0.249125,11.431881,1.090315,5.479604,19.932882,1.102854,1.824829,5.602186,0.517073,0.248508,2.118734,55,22425,0,0,0.000000,-74.303497,0.000000,49.997902,-1
100,0,1.929562,0.213236,11.259301,1.095137,5.674266,19.958266,1.007616,1.731968,5.796285,0.519789,0.306220,2.168603,55,22425,0,0,0.000000,-74.303497,0.000000,49.997902,-1
101,0,1.971995,0.213026,11.404972,1.134722,5.444712,19.956401,1.115367,1.689568,5.809455,0.559845,0.267520,2.273122,55,22425,0,0,0.000000,-74.303497,0.000000,49.997902,-1
102,0,1.977678,0.213501,11.063826,1.096317,5.813283,19.951104,1.048913,1.701982,5.672275,0.515652,0.281111,2.191376,55,22425,0,0,0.000000,-74.303497,0.000000,50.002083,-1
103,0,1.957136,0.244717,11.052711,1.088708,5.858775,19.957330,1.002913,1.693502,5.838348,0.587229,0.294376,2.159993,55,22425,0,0,0.000000,-74.303497,0.000000,50.002083,-1
104,0,1.907372,0.262539,11.071632,1.092858,5.878794,19.950656,1.019596,1.631327,5.714549,0.645437,0.339257,2.073832,55,22425,0,0,0.000000,-74.303497,0.000000,50.002083,-1
105,0,1.936242,0.249417,11.009152,1.091515,5.897776,19.934686,1.015869,1.871223,5.541026,0.557254,0.248264,2.062436,55,22425,0,0,0.000000,-74.303497,0.000000,50.002083,-1
106,0,1.975928,0.212646,11.268558,1.085900,5.627004,19.957391,1.120551,1.748840,5.735277,0.558356,0.271969,2.195028,55,22425,0,0,0.000000,-74.303497,0.000000,50.002083,-1
107,0,1.972802,0.213135,11.161760,1.086958,5.735870,19.957391,0.960765,1.774367,5.709605,0.514320,0.284336,2.279365,55,22425,0,0,0.000000,-74.303497,0.000000,50.002083,-1
108,0,1.973935,0.212287,11.051273,1.122826,5.808950,19.956984,1.011498,1.731333,5.664978,0.519535,0.277269,2.211521,55,22425,0,0,0.000000,-74.303497,0.000000,50.002083,-1
109,0,1.955475,0.245504,11.018022,1.122386,5.892270,19.988152,0.998254,1.691372,5.852271,0.557926,0.287313,2.258386,55,22425,0,0,0.000000,-74.303497,0.000000,50.002083,-1
110,0,1.921322,0.275642,11.288137,1.093157,5.643646,19.946262,1.088613,1.737617,5.839261,0.667263,0.275564,2.123854,55,22425,0,0,0.000000,-74.303497,0.000000,50.002083,-1
111,0,1.895830,0.250163,11.070886,1.086327,5.885386,19.938429,1.185900,1.698232,5.541392,0.516612,0.248094,2.052453,55,22425,0,0,0.000000,-74.303497,0.000000,50.002083,-1
112,0,1.970740,0.212423,11.474226,1.127275,5.384661,19.956902,1.035299,1.816715,5.906060,0.559920,0.310137,2.213806,55,22425,0,0,0.000000,-74.303497,0.000000,50.002083,-1
113,0,1.973168,0.212870,11.151852,1.084808,5.747684,19.957513,0.962867,1.731730,5.698456,0.543589,0.284176,2.207872,55,22425,0,0,0.000000,-74.303497,0.000000,50.002083,-1
114,0,1.943770,0.212626,11.075558,1.123688,5.814124,19.957140,0.971670,1.649550,5.737311,0.515469,0.283091,2.229940,55,22425,0,0,0.000000,-74.303497,0.000000,50.002083,-1
115,0,1.953902,0.245870,11.033919,1.125186,5.874298,19.987305,0.999912,1.822038,5.726583,0.589854,0.294569,2.173306,55,22425,0,0,0.000000,-74.303497,0.000000,50.002083,-1
116,0,1.923099,0.277364,11.045386,1.092411,5.887685,19.948581,1.138909,2.428524,4.413249,0.658078,0.210541,1.570333,45,22425,0,0,0.000000,-74.303497,0.000000,50.002083,-1
117,0,1.896630,0.213162,11.229787,1.093408,5.716556,19.936381,1.040351,1.856683,5.736098,0.599443,0.286085,2.200867,55,22425,0,0,0.000000,-74.303497,0.000000,50.002083,-1
118,0,1.951331,0.213094,10.845381,1.089650,6.070214,19.956577,1.087735,2.263397,4.602380,0.568614,0.207726,1.734395,45,22425,0,0,0.000000,-74.303497,0.000000,50.002083,-1
119,0,1.955353,0.212118,11.113054,1.086321,5.802073,19.956801,1.058655,1.772458,5.712470,0.512400,0.311618,2.238580,55,22425,0,0,0.000000,-74.303497,0.000000,50.002083,-1
120,0,1.959530,0.247538,11.023766,1.086775,5.887339,19.957411,1.108788,2.344092,4.455699,0.569010,0.304905,1.592065,45,22425,0,0,0.000000,-74.303497,0.000000,50.002083,-1
121,0,1.923214,0.246297,11.084049,1.094486,5.831187,19.932936,1.049164,1.617394,5.803636,0.560889,0.289856,2.194872,55,22425,0,0,0.000000,-74.303497,0.000000,50.002083,-1
122,0,1.927066,0.279588,10.864234,1.119103,6.072174,19.982578,1.151577,2.423499,4.474155,0.562910,0.205210,1.826684,45,22425,0,0,0.000000,-74.303497,0.000000,50.002083,-1
123,0,1.936337,0.212891,11.449975,1.126489,5.412547,19.925347,1.086653,1.801361,5.763194,0.575192,0.268134,2.204207,55,22425,0,0,0.000000,-74.303497,0.000000,50.002083,-1
124,0,1.966434,0.212606,10.843096,1.129215,6.018117,19.956862,1.031514,2.502153,4.605079,0.599409,0.221341,1.649716,45,22425,0,0,0.000000,-74.303497,0.000000,50.002083,-1
125,0,1.940230,0.212450,11.064985,1.088952,5.863373,19.957540,1.062941,1.649309,5.578240,0.512360,0.247226,2.105828,55,22425,0,0,0.000000,-74.303497,0.000000,50.002083,-1
126,0,1.957523,0.249051,10.984840,1.113034,5.929047,19.984443,1.167555,2.382406,4.449531,0.555427,0.208072,1.645972,45,22425,0,0,0.000000,-74.303497,0.000000,50.002083,-1
127,0,1.930722,0.244466,11.033295,1.091407,5.867279,19.922702,0.931630,1.735738,5.667894,0.518572,0.247525,2.109595,55,22425,0,0,0.000000,-74.303497,0.000000,49.997211,-1
128,0,1.932824,0.249919,11.192691,1.090044,5.741770,19.957330,1.106642,2.462830,4.643799,0.522163,0.210059,1.985067,45,22425,0,0,0.000000,-74.303497,0.000000,49.997211,-1
129,0,1.938148,0.212958,11.174950,1.090152,5.723372,19.926622,0.971941,1.769138,5.766279,0.558828,0.298469,2.187171,55,22425,0,0,0.000000,-74.303497,0.000000,49.997211,-1
130,0,1.967526,0.213060,10.851668,1.122114,6.016490,19.957798,1.079376,2.496945,4.608958,0.617374,0.183919,1.666382,45,22425,0,0,0.000000,-74.303497,0.000000,49.997211,-1
131,0,1.969798,0.213420,11.070879,1.089447,5.827477,19.957601,1.055654,1.741245,5.684119,0.551212,0.313900,2.154585,55,22425,0,0,0.000000,-74.303497,0.000000,49.997211,-1
132,0,1.949297,0.247986,11.959476,1.094886,4.953054,19.956713,1.115828,2.412126,4.632494,0.552029,0.204403,1.723199,45,22425,0,0,0.000000,-74.303497,0.000000,49.997211,-1
133,0,1.923709,0.241991,10.781559,1.091631,6.130463,19.927361,1.037594,2.422984,4.534515,0.594767,0.209839,1.590793,45,22425,0,0,0.000000,-74.303497,0.000000,49.997211,-1
134,0,1.928057,0.249512,10.882124,1.081913,6.065094,19.957187,1.080756,2.435516,4.656874,0.527812,0.226946,1.854021,45,22425,0,0,0.000000,-74.303497,0.000000,49.997211,-1
135,0,1.970469,0.212796,10.754269,1.081791,6.150604,19.957133,1.036126,2.465091,4.644202,0.600301,0.330933,1.757494,45,22425,0,0,0.000000,-74.303497,0.000000,49.997211,-1
136,0,1.961097,0.213040,10.815575,1.115102,6.065453,19.957228,1.114319,2.428650,4.487817,0.591305,0.184536,1.654324,45,22425,0,0,0.000000,-74.303497,0.000000,49.997211,-1
137,0,1.962257,0.247620,10.671390,1.124820,6.199738,19.958204,1.017978,2.413517,4.571557,0.525380,0.217129,1.742306,45,22425,0,0,0.000000,-74.303497,0.000000,49.997211,-1
138,0,1.920610,0.248474,10.763092,1.083513,6.159068,19.926283,1.122596,2.321618,4.527890,0.645833,0.276588,1.498159,45,22425,0,0,0.000000,-74.303497,0.000000,49.997211,-1
139,0,1.912662,0.266018,10.908308,1.081702,6.053986,19.956658,1.270043,2.337402,4.488173,0.563260,0.208934,1.677762,45,22425,0,0,0.000000,-74.303497,0.000000,49.997211,-1
140,0,1.967980,0.212870,10.833947,1.090437,6.065481,19.957845,1.013245,2.543433,4.572144,0.670420,0.205994,1.751034,45,22425,0,0,0.000000,-74.303497,0.000000,49.997211,-1
141,0,1.970625,0.212769,10.774851,1.088871,6.122989,19.957336,1.068010,2.375437,4.731842,0.602549,0.184353,1.811659,45,22425,0,0,0.000000,-74.303497,0.000000,49.997211,-1
142,0,1.959903,0.247816,10.799191,1.117910,6.080509,19.957513,1.032128,2.344001,4.514947,0.608273,0.206017,1.644453,45,22425,0,0,0.000000,-74.303497,0.000000,49.997211,-1
143,0,1.936276,0.249776,10.885237,1.094465,6.009755,19.925734,1.053104,2.283630,4.451711,0.518453,0.181400,1.727010,45,22425,0,0,0.000000,-74.303497,0.000000,49.997211,-1
144,0,1.932417,0.212735,10.875831,1.085961,6.062612,19.956821,0.999369,2.376882,4.691101,0.526469,0.271335,1.850932,45,22425,0,0,0.000000,-74.303497,0.000000,49.997211,-1
145,0,1.969737,0.243673,10.698503,1.090451,6.198971,19.957662,0.966780,2.407915,4.550073,0.563032,0.210792,1.781748,45,22425,0,0,0.000000,-74.303497,0.000000,49.997211,-1
146,0,1.959795,0.212809,10.822072,1.133406,6.041914,19.957187,1.084605,2.462165,4.456560,0.561554,0.183316,1.693108,45,22425,0,0,0.000000,-74.303497,0.000000,49.997211,-1
147,0,1.951948,0.247850,11.024126,1.093265,5.888519,19.957859,1.213074,2.519972,4.510752,0.611403,0.185194,1.727000,45,22425,0,0,0.000000,-74.303497,0.000000,49.997211,-1
148,0,1.921424,0.250041,10.816613,1.090342,6.120785,19.949164,1.089515,2.388885,4.352081,0.596686,0.277971,1.431576,45,22425,0,0,0.000000,-74.303497,0.000000,49.997211,-1
149,0,1.932302,0.248277,11.002967,1.122047,5.877248,19.934564,1.142019,2.425890,4.482459,0.600484,0.225366,1.542504,45,22425,0,0,0.000000,-74.303497,0.000000,49.997211,-1
150,0,1.594886,0.248596,10.726837,1.092601,6.544206,19.958530,1.073215,2.400489,4.647759,0.651764,0.274299,1.599772,45,22425,0,0,0.000000,-74.303497,0.000000,49.997211,-1
151,0,1.606917,0.248847,10.646366,1.087250,6.616540,19.957072,1.063137,2.365506,4.523756,0.611820,0.183194,1.708259,45,22425,0,0,0.000000,-74.303497,0.000000,49.997211,-1
152,0,1.560754,0.250427,10.838742,1.088667,6.469004,19.957167,1.001227,2.435720,4.543064,0.595506,0.204349,1.696136,45,22425,0,0,0.000000,-74.303497,0.000000,49.997211,-1
153,0,1.603594,0.212565,10.923750,1.091549,6.319163,19.938056,1.142124,2.542209,4.457706,0.572005,0.239356,1.608877,45,22425,0,0,0.000000,-74.303497,0.000000,50.002670,-1
154,0,1.606306,0.212301,10.690325,1.086083,6.556691,19.939406,1.117584,2.373844,4.546299,0.565145,0.255507,1.645772,45,22425,0,0,0.000000,-74.303497,0.000000,50.002670,-1
155,0,1.592967,0.212450,10.864783,1.128069,6.371002,19.956821,1.101529,2.373647,4.663679,0.632809,0.273539,1.676717,45,22425,0,0,0.000000,-74.303497,0.000000,50.002670,-1
156,0,1.598067,0.274170,10.727081,1.105275,6.526974,19.957397,1.113556,2.266964,4.623949,0.521454,0.252133,1.629503,45,22425,0,0,0.000000,-74.303497,0.000000,50.002670,-1
157,0,1.604526,0.251824,10.753526,1.085982,6.513418,19.957452,0.994422,2.540666,4.495860,0.522597,0.247748,1.577220,45,22425,0,0,0.000000,-74.303497,0.000000,50.002670,-1
158,0,1.561859,0.250427,10.873328,1.117957,6.431447,19.984592,1.036811,2.415422,4.610647,0.599982,0.246874,1.935015,45,22425,0,0,0.000000,-74.303497,0.000000,50.002670,-1
159,0,1.603899,0.213114,10.655318,1.091292,6.579051,19.929559,1.041436,2.426154,4.430725,0.521779,0.237206,1.837891,45,22425,0,0,0.000000,-74.303497,0.000000,50.002670,-1
160,0,1.596012,0.212911,10.725352,1.091061,6.545298,19.957723,1.141524,2.397444,4.531013,0.560835,0.184448,1.675710,45,22425,0,0,0.000000,-74.303497,0.000000,50.002670,-1
161,0,1.602298,0.247945,10.672000,1.125763,6.557580,19.957642,1.009772,2.473996,4.549191,0.588830,0.241160,1.732086,45,22425,0,0,0.000000,-74.303497,0.000000,50.002670,-1
162,0,1.586307,0.274658,10.765717,1.087602,6.517120,19.956746,1.083835,2.370683,4.582618,0.562442,0.241140,1.630252,45,22425,0,0,0.000000,-74.303497,0.000000,50.002670,-1
163,0,1.594608,0.213508,10.664283,1.092058,6.596656,19.947605,1.036157,2.522834,4.468370,0.562361,0.211778,1.645650,45,22425,0,0,0.000000,-74.303497,0.000000,50.002670,-1
164,0,1.566715,0.213521,10.764631,1.080448,6.523265,19.935059,1.007501,2.448544,4.553708,0.572116,0.226908,1.693712,45,22425,0,0,0.000000,-74.303497,0.000000,50.002670,-1
165,0,1.604557,0.212735,10.943939,1.086985,6.321381,19.956862,1.165053,2.431237,4.572374,0.603804,0.204898,1.765886,45,22425,0,0,0.000000,-74.303497,0.000000,50.002670,-1
166,0,1.602929,0.250610,10.655901,1.117320,6.581465,19.957614,1.023261,2.406050,4.502143,0.552792,0.338667,1.505927,45,22425,0,0,0.000000,-74.303497,0.000000,50.002670,-1
167,0,1.595991,0.247620,10.604862,1.123566,6.632809,19.957228,0.981377,2.422770,4.512187,0.561022,0.205865,1.552016,45,22425,0,0,0.000000,-74.303497,0.000000,50.002670,-1
168,0,1.593835,0.242655,10.736081,1.096297,6.500539,19.926751,1.083428,2.371229,4.610816,0.567651,0.286926,1.864560,45,22425,0,0,0.000000,-74.303497,0.000000,50.002670,-1
169,0,1.604004,0.212911,10.648566,1.089345,6.615278,19.957194,1.046173,2.423428,4.521661,0.655212,0.208099,1.670285,45,22425,0,0,0.000000,-74.303497,0.000000,50.002670,-1
170,0,1.571923,0.212585,11.077633,1.088504,6.219330,19.957391,1.110192,2.380446,4.529378,0.604862,0.179738,1.792494,45,22425,0,0,0.000000,-74.303497,0.000000,50.002670,-1
171,0,1.563527,0.250285,10.623864,1.098304,6.671600,19.957296,1.103407,2.533875,4.369113,0.568837,0.242571,1.576243,45,22425,0,0,0.000000,-74.303497,0.000000,50.002670,-1
172,0,1.589461,0.212592,10.811622,1.116621,6.469160,19.986864,1.034593,2.399251,4.428762,0.560438,0.209513,1.709113,45,22425,0,0,0.000000,-74.303497,0.000000,50.002670,-1
173,0,1.596900,0.212423,10.665307,1.085188,6.580821,19.928216,1.027588,2.401449,4.585259,0.522817,0.238898,1.763184,45,22425,0,0,0.000000,-74.303497,0.000000,50.002670,-1
174,0,1.596419,0.246033,11.015703,1.089318,6.255951,19.957391,1.058495,2.516123,4.546302,0.567647,0.275577,1.720235,45,22425,0,0,0.000000,-74.303497,0.000000,50.002670,-1
175,0,1.606628,0.212063,10.658217,1.089386,6.602793,19.957024,0.990529,2.507365,4.554148,0.607785,0.186317,1.662391,45,22425,0,0,0.000000,-74.303497,0.000000,50.002670,-1
176,0,1.569434,0.250244,10.978661,1.091007,6.318444,19.957547,1.062639,2.420915,4.545895,0.552924,0.247379,1.631093,45,22425,0,0,0.000000,-74.303497,0.000000,50.002670,-1
177,0,1.594872,0.249390,10.631677,1.157318,6.602875,19.986742,1.086850,2.374288,4.452013,0.562249,0.209571,1.608053,45,22425,0,0,0.000000,-74.303497,0.000000,50.002670,-1
178,0,1.593950,0.212572,10.690575,1.085432,6.551097,19.921054,1.037957,2.383352,4.664473,0.520949,0.246741,1.813744,45,22425,0,0,0.000000,-74.303497,0.000000,49.997051,-1
179,0,1.578400,0.212423,10.665911,1.090010,6.622813,19.957133,0.985853,2.470703,4.611396,0.594733,0.245372,1.736898,45,22425,0,0,0.000000,-74.303497,0.000000,49.997051,-1
180,0,13.188880,11.868286,153.098358,1.134152,12.577783,179.999173,19.805559,4.928477,52.081336,23.442878,0.866197,1.232730,113,47092,1,0,0.000000,-74.303497,0.000000,49.997051,0
181,0,1.962297,0.896993,21.323001,1.242211,15.430145,39.957655,2.551822,4.383538,9.587738,0.946659,0.473328,4.930528,77,46096,0,0,0.000000,-74.303497,0.000000,49.997051,0
182,0,1.052521,0.645515,19.799889,1.242171,17.913069,40.007650,2.411296,4.472690,8.291880,0.453840,0.454451,4.997965,77,46096,0,0,0.000000,-74.303497,0.000000,49.997051,0
183,0,1.020484,0.608826,19.896549,1.210019,17.809316,39.936367,2.476176,4.554572,8.432980,0.452945,0.436147,5.205393,77,46096,0,0,0.000000,-74.303497,0.000000,49.997051,0
184,0,1.017588,0.613512,19.786048,1.171278,17.954010,39.928925,2.345567,4.368659,8.505208,0.415856,0.412038,5.199571,77,46096,0,0,0.000000,-74.303497,0.000000,49.997051,0
185,0,1.062910,0.651998,20.270342,1.210453,17.443492,39.987196,2.675707,4.447198,8.423625,0.433261,0.408671,5.010671,77,46096,0,0,0.000000,-74.303497,0.000000,49.997051,0
186,0,1.019352,0.607707,19.730086,1.162832,18.015445,39.927714,2.404497,4.445797,8.288618,0.370799,0.364081,5.215308,77,46096,0,0,0.000000,-74.303497,0.000000,49.997051,0
187,0,1.019148,0.612759,19.795631,1.156491,17.986481,39.957750,2.318780,4.538649,8.336107,0.414534,0.396522,5.182671,77,46096,0,0,0.000000,-74.303497,0.000000,49.997051,0
188,0,1.050839,0.641025,20.341420,1.239031,17.349884,39.981174,2.328668,4.388624,8.576857,0.460690,0.399584,5.264587,77,46096,0,0,0.000000,-74.303497,0.000000,19.999485,0
189,0,1.022234,0.609049,19.724274,1.177216,18.003123,39.926846,2.500173,4.589861,8.228814,0.418142,0.432292,5.082055,77,46096,0,0,0.000000,-74.303497,0.000000,19.999485,0
190,0,1.020362,0.616258,20.310001,1.187015,17.439477,39.956855,2.538622,4.671695,8.278317,0.421566,0.429555,5.220751,77,46096,0,0,0.000000,-74.303497,0.000000,19.999485,0
191,0,2.175127,1.805447,20.265649,1.227488,16.311846,39.980109,2.332340,4.461090,8.499708,0.386261,0.400296,5.253489,77,46096,0,0,0.000000,-74.303497,0.000000,19.999485,0
192,0,1.037052,0.605299,20.100013,1.172611,17.624352,39.934028,2.482402,4.562846,8.182563,0.429175,0.470730,5.005537,77,46096,0,0,0.000000,-74.303497,0.000000,19.999485,0
193,0,1.017500,0.614827,19.858483,1.154524,17.927758,39.958266,2.502194,4.825775,8.274058,0.376468,0.364285,5.185594,77,46096,0,0,0.000000,-74.303497,0.000000,19.999485,0
194,0,1.038550,0.668179,20.345218,1.182654,17.391368,39.957791,2.542833,4.469537,8.304091,0.380096,0.361298,5.237108,77,46096,0,0,0.000000,-74.303497,0.000000,19.999485,0
195,0,1.030582,0.604696,19.490821,1.165707,18.269155,39.956265,2.400028,4.493666,8.259864,0.370032,0.395226,5.143907,77,46096,0,0,0.000000,-74.303497,0.000000,19.999485,0
196,0,0.981611,0.612203,19.830061,1.169166,17.946353,39.927192,2.629683,4.473378,8.250743,0.415890,0.450758,5.092801,77,46096,0,0,0.000000,-74.303497,0.000000,19.999485,0
197,0,1.049503,0.644287,19.776852,1.154402,17.976057,39.956814,2.369893,4.292135,8.517510,0.414995,0.359643,5.247281,77,46096,0,0,0.000000,-74.303497,0.000000,19.999485,0
198,0,1.011146,0.601298,19.844994,1.219262,17.910973,39.986376,2.293688,4.614800,8.335229,0.411421,0.398838,5.112267,77,46096,0,0,0.000000,-74.303497,0.000000,19.999485,0
199,0,1.044763,0.602112,20.269697,1.229855,17.382938,39.927253,2.540639,4.656576,8.400248,0.433434,0.398353,5.226478,77,46096,0,0,0.000000,-74.303497,0.000000,19.999485,0
200,0,1.054691,0.650581,19.759416,1.165388,17.989811,39.969306,2.462172,4.468465,8.439518,0.363861,0.511712,5.149682,77,46096,0,0,0.000000,-74.303497,0.000000,19.999485,0
201,0,1.013811,0.642890,20.248681,1.202416,17.474206,39.939114,2.492398,4.313287,8.590993,0.419091,0.392571,5.368686,77,46096,0,0,0.000000,-74.303497,0.000000,24.999456,0
202,0,1.009416,0.599080,19.459334,1.162547,18.296004,39.927300,2.142585,4.523309,8.508955,0.433543,0.392365,5.294766,77,46096,0,0,0.000000,-74.303497,0.000000,24.999456,0
203,0,1.064036,0.651550,20.094988,1.161401,17.605554,39.925978,2.426724,4.529690,8.415609,0.420007,0.426653,5.154141,77,46096,0,0,0.000000,-74.303497,0.000000,24.999456,0
204,0,2.307248,1.862413,19.943288,1.279131,16.458276,39.987942,2.252055,4.436283,8.656318,0.349128,0.362298,5.502489,77,46096,0,0,0.000000,-74.303497,0.000000,24.999456,0
205,0,1.011722,0.601942,19.415877,1.180247,18.344479,39.952325,2.182827,4.419223,8.578386,0.422804,0.434502,5.381765,77,46096,0,0,0.000000,-74.303497,0.000000,24.999456,0
206,0,1.060849,0.651754,20.532210,1.207665,17.131148,39.931871,2.280565,4.466685,9.187263,0.878777,0.435001,5.156477,77,46096,0,0,0.000000,-74.303497,0.000000,24.999456,0
207,0,1.018294,0.615275,19.427005,1.171370,18.364037,39.980706,2.190457,4.409231,8.738383,0.358894,0.402856,5.617879,77,46096,0,0,0.000000,-74.303497,0.000000,24.999456,0
208,0,1.011315,0.641527,19.841956,1.155562,17.924442,39.933275,2.150336,4.577488,8.670726,0.317685,0.433407,5.584530,77,46096,0,0,0.000000,-74.303497,0.000000,24.999456,0
209,0,1.048994,0.638794,19.343645,1.166087,18.398638,39.957364,2.157237,4.439328,8.587660,0.307078,0.425059,5.500854,77,46096,0,0,0.000000,-74.303497,0.000000,24.999456,0
210,0,0.975833,0.606642,19.461782,1.176517,18.313494,39.927626,2.172713,4.606866,8.480089,0.341624,0.387068,5.455824,77,46096,0,0,0.000000,-74.303497,0.000000,24.999456,0
211,0,1.050208,0.645874,19.250939,1.158613,18.497826,39.957587,2.006124,4.483259,8.713365,0.301971,0.398088,5.586314,77,46096,0,0,0.000000,-74.303497,0.000000,24.999456,0
212,0,1.037432,0.602132,19.874373,1.151282,17.894589,39.957676,2.378757,4.489044,8.639052,0.377719,0.399292,5.580661,77,46096,0,0,0.000000,-74.303497,0.000000,24.999456,0
213,0,1.013404,0.604852,18.985518,1.179372,18.808780,39.987074,1.986694,4.631239,8.548018,0.305288,0.473073,5.436245,77,46096,0,0,0.000000,-74.303497,0.000000,24.999456,0
214,0,1.049740,0.639567,19.851227,1.183224,17.836653,39.920844,2.193285,4.664741,8.356544,0.316983,0.363624,5.374040,77,46096,0,0,0.000000,-74.303497,0.000000,24.999100,0
215,0,1.055559,0.611192,19.404280,1.159278,18.338267,39.957384,2.122321,4.426415,8.649129,0.387336,0.357534,5.565979,77,46096,0,0,0.000000,-74.303497,0.000000,24.999100,0
216,0,2.151791,1.781664,19.839929,1.222416,16.767378,39.981513,2.191084,4.592689,8.685689,0.358429,0.408118,5.662584,77,46096,0,0,0.000000,-74.303497,0.000000,24.999100,0
217,0,1.043922,0.601888,19.332279,1.152666,18.404388,39.933255,2.290995,4.498074,8.357717,0.306922,0.360589,5.346588,77,46096,0,0,0.000000,-74.303497,0.000000,24.999100,0
218,0,1.060340,0.656297,19.922780,1.198727,17.775068,39.956916,2.191098,4.626200,8.740390,0.348178,0.424950,5.554328,77,46096,0,0,0.000000,-74.303497,0.000000,24.999100,0
219,0,1.013126,0.642049,19.870419,1.166426,17.907739,39.957709,2.283234,4.582950,8.648560,0.360636,0.468760,5.591844,77,46096,0,0,0.000000,-74.303497,0.000000,24.999100,0
220,0,1.011003,0.600423,19.471486,1.196638,18.278364,39.957492,2.138862,4.526137,8.527625,0.344703,0.434791,5.486688,77,46096,0,0,0.000000,-74.303497,0.000000,24.999100,0
221,0,1.064165,0.654243,19.800669,1.196699,17.865292,39.926826,2.191522,4.567990,8.820553,0.360708,0.389520,5.593486,77,46096,0,0,0.000000,-74.303497,0.000000,24.999100,0
222,0,1.021061,0.614712,19.580733,1.171316,18.208221,39.981330,2.208418,4.557007,8.757426,0.299106,0.359806,5.689897,77,46096,0,0,0.000000,-74.303497,0.000000,24.999100,0
223,0,1.011844,0.601481,19.395810,1.156477,18.387129,39.951260,2.114587,4.484551,8.527764,0.345320,0.394053,5.588708,77,46096,0,0,0.000000,-74.303497,0.000000,24.999100,0
224,0,1.056542,0.647054,19.311913,1.162472,18.408288,39.939216,2.132796,4.390425,8.464230,0.354482,0.396033,5.340797,77,46096,0,0,0.000000,-74.303497,0.000000,24.999100,0
225,0,0.981218,0.611959,19.967594,1.175378,17.802839,39.927029,2.183489,4.580899,8.830299,0.319370,0.388160,5.635084,77,46096,0,0,0.000000,-74.303497,0.000000,24.999100,0
226,0,1.017439,0.613186,19.466475,1.159481,18.314701,39.958096,2.030691,4.615241,8.619520,0.340118,0.437144,5.532973,77,46096,0,0,0.000000,-74.303497,0.000000,24.999100,0
227,0,1.053301,0.682726,19.187707,1.189233,18.544620,39.974860,2.076660,4.454224,8.474884,0.304386,0.393450,5.297462,77,46096,0,0,0.000000,-74.303497,0.000000,25.001440,0
228,0,1.015221,0.605245,19.830549,1.200904,17.886376,39.933051,2.267948,4.644986,8.453003,0.318858,0.395257,5.441311,77,46096,0,0,0.000000,-74.303497,0.000000,25.001440,0
229,0,2.306129,1.862515,19.923024,1.222490,16.506290,39.957933,2.037747,4.474016,8.306186,0.351023,0.395396,5.125790,77,46096,0,0,0.000000,-74.303497,0.000000,25.001440,0
230,0,1.038510,0.669054,19.819075,1.155446,17.944760,39.957791,2.228648,4.400326,8.721493,0.350969,0.360870,5.634945,77,46096,0,0,0.000000,-74.303497,0.000000,25.001440,0
231,0,1.039412,0.600810,19.358008,1.211945,18.378645,39.988010,2.142877,4.597727,8.635891,0.403778,0.358846,5.457967,77,46096,0,0,0.000000,-74.303497,0.000000,25.001440,0
232,0,1.018334,0.606201,19.451019,1.163469,18.293725,39.926548,2.154714,4.529945,8.606011,0.305973,0.551876,5.438429,77,46096,0,0,0.000000,-74.303497,0.000000,25.001440,0
233,0,1.048825,0.644904,20.292016,1.190036,17.426687,39.957564,2.065196,3.897417,9.964345,0.314385,0.491591,6.177728,100,46096,0,0,0.000000,-74.303497,0.000000,25.001440,0
234,0,1.040144,0.602966,19.905860,1.164920,17.852753,39.963677,2.250010,4.467041,8.727980,0.325650,0.363742,5.664697,77,46096,0,0,0.000000,-74.303497,0.000000,25.001440,0
235,0,1.013953,0.604228,19.527978,1.163008,18.246565,39.951504,2.112128,3.977251,9.795749,0.300534,0.591319,6.007124,100,46096,0,0,0.000000,-74.303497,0.000000,25.001440,0
236,0,1.056196,0.607354,19.419973,1.158301,18.292484,39.926954,2.164001,4.497779,8.582052,0.302487,0.361637,5.539866,77,46096,0,0,0.000000,-74.303497,0.000000,25.001440,0
237,0,1.052270,0.609687,19.770972,1.149011,17.985396,39.957648,2.095642,3.754574,10.126478,0.337223,0.487210,6.067145,100,46096,0,0,0.000000,-74.303497,0.000000,25.001440,0
238,0,1.026004,0.616577,19.434018,1.180098,18.331811,39.971931,2.154565,4.548604,8.547777,0.345954,0.360314,5.582425,77,46096,0,0,0.000000,-74.303497,0.000000,25.001440,0
239,0,1.044308,0.599609,20.365482,1.200653,17.332496,39.942939,2.192084,4.005452,9.881209,0.315328,0.521074,5.905623,100,46096,0,0,0.000000,-74.303497,0.000000,25.001440,0
240,0,1.060137,0.655667,19.636315,1.160078,18.094649,39.951179,2.154999,4.469682,8.604631,0.377479,0.393799,5.545776,77,46096,0,0,0.000000,-74.303497,0.000000,25.000011,0
241,0,2.154117,1.783637,20.162655,1.242984,16.397586,39.957343,2.125624,3.922770,9.884338,0.346337,0.510095,5.999569,100,46096,0,0,0.000000,-74.303497,0.000000,25.000011,0
242,0,1.009708,0.598735,19.613739,1.208452,18.123539,39.955438,2.273546,4.421702,8.543894,0.350806,0.435357,5.372725,77,46096,0,0,0.000000,-74.303497,0.000000,25.000011,0
243,0,1.066498,0.656291,20.468035,1.214813,17.178511,39.927856,2.232368,3.835181,9.786594,0.358324,0.545461,6.009240,100,46096,0,0,0.000000,-74.303497,0.000000,25.000011,0
244,0,1.018436,0.613736,19.764747,1.189178,18.014265,39.986627,2.164802,4.604645,8.577281,0.338396,0.393456,5.584835,77,46096,0,0,0.000000,-74.303497,0.000000,25.000011,0
245,0,1.010095,0.640991,20.459469,1.193397,17.286448,39.949409,2.298757,4.016269,9.795841,0.357368,0.595822,5.735518,100,46096,0,0,0.000000,-74.303497,0.000000,25.000011,0
246,0,1.061120,0.651957,20.006371,1.152815,17.716597,39.936903,2.282413,4.437561,8.639947,0.364424,0.432397,5.499875,77,46096,0,0,0.000000,-74.303497,0.000000,25.000011,0
247,0,1.019962,0.615797,20.100691,1.178199,17.658349,39.957201,2.192742,3.967126,9.598097,0.298818,0.498661,6.018979,100,46096,0,0,0.000000,-74.303497,0.000000,25.000011,0
248,0,1.012977,0.642293,21.287866,1.240129,16.439938,39.980910,2.287910,4.340179,8.653232,0.318878,0.361633,5.529985,77,46096,0,0,0.000000,-74.303497,0.000000,25.000011,0
249,0,1.046390,0.636678,19.681970,1.668084,18.047733,40.444177,2.177748,4.333198,8.682807,0.306054,0.364397,5.535797,77,46096,0,0,0.000000,-74.303497,0.000000,25.000011,0
250,0,1.047875,0.645189,19.693865,1.164208,17.534163,39.440111,2.136882,4.520287,8.656257,0.414113,0.463433,5.539469,77,46096,0,0,0.000000,-74.303497,0.000000,25.000011,0
251,0,1.013980,0.644701,19.708927,1.311520,18.066233,40.100661,2.107941,4.933417,8.410489,0.368276,0.360782,5.474918,77,46096,0,0,0.000000,-74.303497,0.000000,25.000011,0
252,0,1.040307,0.671495,20.093306,1.318539,17.470584,39.922736,2.230872,4.424208,8.666009,0.405538,0.378401,5.412140,77,46096,0,0,0.000000,-74.303497,0.000000,25.000011,0
253,0,1.042545,0.603373,19.553484,1.239261,18.092166,39.927456,2.231734,4.422685,8.765255,0.306359,0.363895,5.607418,77,46096,0,0,0.000000,-74.303497,0.000000,24.995228,0
254,0,2.271630,1.825867,19.565711,1.208174,16.828088,39.873603,2.210212,4.415273,8.527523,0.378649,0.436052,5.301724,77,46096,0,0,0.000000,-74.303497,0.000000,24.995228,0
255,0,1.025367,0.614577,19.926659,1.147132,17.882762,39.981920,2.378394,4.416741,8.553908,0.319122,0.431539,5.446974,77,46096,0,0,0.000000,-74.303497,0.000000,24.995228,0
256,0,1.026574,0.606181,19.602434,1.161869,18.141605,39.932482,2.045976,4.475742,8.546363,0.302595,0.396935,5.475440,77,46096,0,0,0.000000,-74.303497,0.000000,24.995228,0
257,0,1.016144,0.613919,20.122901,1.182851,17.636125,39.958021,2.370670,4.596778,8.670841,0.317366,0.471568,5.597663,77,46096,0,0,0.000000,-74.303497,0.000000,24.995228,0
258,0,1.037398,0.668911,20.204749,1.171031,17.544498,39.957676,2.342472,4.669339,8.525482,0.312042,0.366811,5.393199,77,46096,0,0,0.000000,-74.303497,0.000000,24.995228,0
259,0,1.035641,0.605245,19.253367,1.173140,18.524519,39.986667,2.054084,4.559035,8.613173,0.426873,0.435103,5.519847,77,46096,0,0,0.000000,-74.303497,0.000000,24.995228,0
260,0,1.021447,0.608860,20.139347,1.161014,17.605981,39.927789,2.298720,4.571045,8.579959,0.359758,0.480676,5.549876,77,46096,0,0,0.000000,-74.303497,0.000000,24.995228,0
261,0,1.048336,0.642402,20.120934,1.166955,17.620568,39.956794,2.326792,4.496290,8.577745,0.319187,0.428006,5.410973,77,46096,0,0,0.000000,-74.303497,0.000000,24.995228,0
262,0,1.036624,0.602512,19.715213,1.177901,18.053124,39.982863,2.098945,4.677029,8.571001,0.386607,0.357378,5.446313,77,46096,0,0,0.000000,-74.303497,0.000000,24.995228,0
263,0,1.017805,0.607178,19.577226,1.153798,18.182716,39.931546,2.164585,4.470896,8.719842,0.345862,0.430254,5.551544,77,46096,0,0,0.000000,-74.303497,0.000000,24.995228,0
264,0,1.045827,0.613403,19.682919,1.159020,18.069075,39.956841,2.212107,4.511882,8.529104,0.305145,0.474511,5.445862,77,46096,0,0,0.000000,-74.303497,0.000000,24.995228,0
265,0,1.043332,0.642192,20.130029,1.159251,17.624630,39.957241,2.247670,4.345279,8.856913,0.363729,0.442861,5.608398,77,46096,0,0,0.000000,-74.303497,0.000000,24.995228,0
266,0,2.150957,1.745694,19.260529,1.191837,17.347354,39.950677,2.202464,4.492815,8.432136,0.299232,0.403954,5.585130,77,46096,0,0,0.000000,-74.303497,0.000000,25.005154,0
267,0,1.051327,0.605774,19.565921,1.158451,18.150801,39.926500,2.150170,4.561374,8.493486,0.304559,0.392493,5.476651,77,46096,0,0,0.000000,-74.303497,0.000000,25.005154,0
268,0,1.049191,0.644633,20.132328,1.153466,17.622399,39.957384,2.213108,4.482853,8.668525,0.359717,0.401872,5.590773,77,46096,0,0,0.000000,-74.303497,0.000000,25.005154,0
269,0,1.011186,0.601176,19.673974,1.239607,18.056753,39.981520,2.070482,4.533017,8.764421,0.354099,0.429389,5.516113,77,46096,0,0,0.000000,-74.303497,0.000000,25.005154,0
270,0,1.015934,0.603699,20.074215,1.162465,17.651689,39.904304,2.314663,4.568420,8.657474,0.355520,0.440274,5.516788,77,46096,0,0,0.000000,-74.303497,0.000000,25.005154,0
271,0,1.049259,0.646878,19.566403,1.155996,18.185754,39.957411,2.152757,4.519758,8.406559,0.301849,0.407671,5.596313,77,46096,0,0,0.000000,-74.303497,0.000000,25.005154,0
272,0,1.013791,0.642971,20.214440,1.182933,17.577844,39.989007,2.187815,4.510064,8.726919,0.317858,0.446286,5.540256,77,46096,0,0,0.000000,-74.303497,0.000000,25.005154,0
273,0,1.012739,0.603834,20.051795,1.142053,17.720361,39.926948,2.401998,4.431464,8.644857,0.321815,0.364105,5.599297,77,46096,0,0,0.000000,-74.303497,0.000000,25.005154,0
274,0,1.017744,0.647868,19.641761,1.164948,18.101315,39.925768,2.128581,4.493476,8.530121,0.390628,0.392504,5.405894,77,46096,0,0,0.000000,-74.303497,0.000000,25.005154,0
275,0,1.014238,0.644674,20.157474,1.162493,17.646495,39.980699,2.222887,4.498260,8.671526,0.315125,0.357937,5.608320,77,46096,0,0,0.000000,-74.303497,0.000000,25.005154,0
276,0,1.010637,0.601291,19.569156,1.190257,18.193831,39.963881,2.136587,4.419491,8.501750,0.386783,0.436768,5.326457,77,46096,0,0,0.000000,-74.303497,0.000000,25.005154,0
277,0,1.059723,0.648593,19.548601,1.153520,18.165721,39.927565,2.323893,4.260739,8.575005,0.362844,0.424886,5.376773,77,46096,0,0,0.000000,-74.303497,0.000000,25.005154,0
278,0,1.020138,0.615295,19.783193,1.150652,18.003401,39.957384,2.118927,4.686225,8.504930,0.385339,0.390737,5.565837,77,46096,0,0,0.000000,-74.303497,0.000000,25.005154,0
279,0,2.298926,1.929877,20.747501,1.214583,15.690989,39.951999,2.308563,4.531013,8.422943,0.321109,0.392307,5.203593,77,46096,0,0,0.000000,-74.303497,0.000000,25.000046,0
280,0,1.060204,0.649997,19.531654,1.203623,18.193668,39.989149,2.054969,4.707716,8.510942,0.352108,0.433926,5.491489,77,46096,0,0,0.000000,-74.303497,0.000000,25.000046,0
281,0,1.029782,0.608493,19.602081,1.157237,18.136105,39.925205,2.221612,4.427690,8.602431,0.348155,0.390066,5.475647,77,46096,0,0,0.000000,-74.303497,0.000000,25.000046,0
282,0,1.019711,0.614427,20.193939,1.148888,17.594988,39.957526,2.220703,4.809706,8.572618,0.313304,0.406925,5.724572,77,46096,0,0,0.000000,-74.303497,0.000000,25.000046,0
283,0,1.048825,0.638916,19.438663,1.152781,18.332319,39.972588,2.142076,4.496423,8.622026,0.350623,0.422102,5.472226,77,46096,0,0,0.000000,-74.303497,0.000000,25.000046,0
284,0,1.013702,0.604635,20.039608,1.167694,17.722639,39.943644,2.323263,4.652656,8.410268,0.417558,0.395535,5.378601,77,46096,0,0,0.000000,-74.303497,0.000000,25.000046,0
285,0,1.031586,0.614780,20.093075,1.199351,17.632952,39.956963,2.313012,4.587474,8.760742,0.361487,0.464196,5.469272,77,46096,0,0,0.000000,-74.303497,0.000000,25.000046,0
286,0,1.055518,0.670803,20.179657,1.164588,17.557722,39.957486,2.351569,4.614841,8.407959,0.313039,0.392493,5.337494,77,46096,0,0,0.000000,-74.303497,0.000000,25.000046,0
287,0,1.056902,0.604919,19.245466,1.184947,18.502201,39.989516,2.046366,4.640140,8.627336,0.382304,0.400174,5.480699,77,46096,0,0,0.000000,-74.303497,0.000000,25.000046,0
288,0,1.033329,0.607720,20.118262,1.151920,17.622053,39.925564,2.343146,4.533118,8.531172,0.318234,0.407271,5.519460,77,46096,0,0,0.000000,-74.303497,0.000000,25.000046,0
289,0,1.064246,0.641914,19.664127,1.168081,18.061201,39.957655,2.256192,4.510217,8.542548,0.303721,0.434808,5.512173,77,46096,0,0,0.000000,-74.303497,0.000000,25.000046,0
290,0,1.050168,0.601841,19.693492,1.199643,18.042728,39.986030,1.990312,4.814901,8.604123,0.385732,0.357256,5.459724,77,46096,0,0,0.000000,-74.303497,0.000000,25.000046,0
291,0,2.168318,1.748990,19.531803,1.232914,16.995853,39.928887,2.027934,4.572883,8.661523,0.307119,0.400567,5.558896,77,46096,0,0,0.000000,-74.303497,0.000000,25.000046,0
292,0,1.064748,0.616984,20.072791,1.172312,17.641198,39.951050,2.304494,4.522207,8.459167,0.358354,0.393077,5.428816,77,46096,0,0,0.000000,-74.303497,0.000000,24.999987,0
293,0,1.052894,0.601881,19.636437,1.150333,18.117272,39.956936,2.118513,4.710775,8.606042,0.390869,0.394328,5.478892,77,46096,0,0,0.000000,-74.303497,0.000000,24.999987,0
294,0,1.033037,0.605421,19.654388,1.167823,18.103193,39.958442,2.153602,4.493435,8.549510,0.408210,0.431488,5.362834,77,46096,0,0,0.000000,-74.303497,0.000000,24.999987,0
295,0,1.064484,0.605808,19.970761,1.148726,17.742720,39.926690,2.353255,4.488061,8.454403,0.318153,0.433095,5.435591,77,46096,0,0,0.000000,-74.303497,0.000000,24.999987,0
296,0,1.066125,0.644945,19.638370,1.165321,18.087406,39.957221,2.143334,4.365672,8.639269,0.345740,0.363102,5.640815,77,46096,0,0,0.000000,-74.303497,0.000000,24.999987,0
297,0,1.026310,0.602214,20.054386,1.170902,17.736454,39.988051,2.218859,4.576521,8.721286,0.370962,0.509338,5.404717,77,46096,0,0,0.000000,-74.303497,0.000000,24.999987,0
298,0,1.031938,0.605632,19.643802,1.166324,18.057905,39.899970,2.247284,4.459730,8.589596,0.301565,0.401696,5.565915,77,46096,0,0,0.000000,-74.303497,0.000000,24.999987,0
299,0,1.064701,0.645596,20.205332,1.169498,17.518348,39.957879,2.295478,4.509989,8.618761,0.356320,0.398617,5.620151,77,46096,0,0,0.000000,-74.303497,0.000000,24.999987,0
300,0,1.025679,0.601759,20.280460,1.192563,17.509979,40.008681,2.173984,4.678728,8.666870,0.316898,0.438229,5.525055,77,46096,0,0,0.000000,-74.303497,0.000000,24.999987,0
301,0,1.029117,0.604126,19.615095,1.162771,18.098935,39.905918,2.193227,4.481703,8.623271,0.305993,0.362291,5.597205,77,46096,0,0,0.000000,-74.303497,0.000000,24.999987,0
302,0,1.107154,0.651937,20.099145,1.166857,17.583940,39.957096,2.391829,4.367299,8.490712,0.372264,0.426290,5.372769,77,46096,0,0,0.000000,-74.303497,0.000000,24.999987,0
303,0,1.029070,0.644409,19.670312,1.193417,18.095517,39.988315,2.113881,4.538269,8.655745,0.302504,0.361094,5.655111,77,46096,0,0,0.000000,-74.303497,0.000000,24.999987,0
304,0,2.328583,1.944682,19.567956,1.209856,16.820580,39.926975,2.155145,4.347972,8.619815,0.306427,0.405772,5.528330,77,46096,0,0,0.000000,-74.303497,0.000000,24.999987,0
305,0,1.074988,0.648831,19.943424,1.177161,17.725006,39.920580,2.231272,4.437476,8.621860,0.393253,0.392178,5.382436,77,46096,0,0,0.000000,-74.303497,0.000000,24.998533,0
306,0,1.035200,0.614163,19.818193,1.160370,17.946062,39.959825,2.069973,4.542697,8.742164,0.340498,0.497372,5.603702,77,46096,0,0,0.000000,-74.303497,0.000000,24.998533,0
307,0,1.026425,0.601583,19.539432,1.169539,18.245161,39.980557,2.218580,4.461978,8.479296,0.303653,0.472694,5.453057,77,46096,0,0,0.000000,-74.303497,0.000000,24.998533,0
308,0,1.062558,0.636759,19.552758,1.156660,18.160628,39.932604,2.174483,4.390072,8.493408,0.304955,0.481747,5.379510,77,46096,0,0,0.000000,-74.303497,0.000000,24.998533,0
309,0,0.996680,0.612325,20.056298,1.165836,17.707360,39.926175,2.283305,4.504578,8.465939,0.318098,0.431569,5.509949,77,46096,0,0,0.000000,-74.303497,0.000000,24.998533,0
310,0,1.027978,0.644735,20.211653,1.165700,17.552175,39.957506,2.330315,4.410702,8.834208,0.312595,0.365380,5.723640,77,46096,0,0,0.000000,-74.303497,0.000000,24.998533,0
311,0,1.066484,0.640184,19.482283,1.173228,18.265364,39.987359,2.156833,4.402286,8.584761,0.304264,0.507555,5.337955,77,46096,0,0,0.000000,-74.303497,0.000000,24.998533,0
312,0,1.031009,0.607463,20.047828,1.156620,17.692488,39.927945,2.390201,4.515486,8.479831,0.348596,0.395287,5.464271,77,46096,0,0,0.000000,-74.303497,0.000000,24.998533,0
313,0,1.032006,0.614176,20.113780,1.159081,17.652991,39.957859,2.396895,4.553775,8.684136,0.360436,0.390845,5.572618,77,46096,0,0,0.000000,-74.303497,0.000000,24.998533,0
314,0,1.051558,0.668009,19.702979,1.149011,18.053918,39.957465,2.075660,4.516747,8.746738,0.300632,0.439785,5.514476,77,46096,0,0,0.000000,-74.303497,0.000000,24.998533,0
315,0,1.060642,0.603353,19.740797,1.172075,17.983259,39.956774,2.352308,4.605862,8.578200,0.360012,0.400733,5.544512,77,46096,0,0,0.000000,-74.303497,0.000000,24.998533,0
316,0,2.177853,1.756293,19.573652,1.236596,16.938826,39.926927,2.128465,4.520793,8.509742,0.372888,0.395979,5.329742,77,46096,0,0,0.000000,-74.303497,0.000000,24.998533,0
317,0,1.061513,0.642463,19.656701,1.196374,18.043108,39.957696,2.261719,4.508582,8.490390,0.305695,0.393372,5.458391,77,46096,0,0,0.000000,-74.303497,0.000000,24.998533,0
318,0,1.054704,0.602451,20.198497,1.210568,17.516001,39.979770,2.380402,4.767717,8.515971,0.359385,0.361172,5.535102,77,46096,0,0,0.000000,-74.303497,0.000000,25.001463,0
319,0,1.031694,0.607544,19.579512,1.140425,18.176476,39.928107,2.226423,4.469330,8.671760,0.346466,0.434553,5.589013,77,46096,0,0,0.000000,-74.303497,0.000000,25.001463,0
320,0,1.067685,0.616462,19.691654,1.147491,18.050805,39.957635,2.182529,4.630069,8.500505,0.346541,0.430925,5.482815,77,46096,0,0,0.000000,-74.303497,0.000000,25.001463,0
321,0,1.059248,0.643032,19.680200,1.153690,18.064090,39.957228,2.225450,4.449053,8.642938,0.348121,0.360287,5.568431,77,46096,0,0,0.000000,-74.303497,0.000000,25.001463,0
322,0,1.028507,0.605347,19.875268,1.153134,17.900496,39.957404,2.116350,4.821214,8.637170,0.313256,0.358042,5.525550,77,46096,0,0,0.000000,-74.303497,0.000000,25.001463,0
323,0,1.065182,0.605225,19.567569,1.150753,18.142466,39.925971,2.134732,4.428107,8.532895,0.305064,0.393599,5.478088,77,46096,0,0,0.000000,-74.303497,0.000000,25.001463,0
324,0,1.063005,0.679633,20.132307,1.147444,17.615482,39.958238,2.295125,4.446031,8.631938,0.359175,0.403012,5.609646,77,46096,0,0,0.000000,-74.303497,0.000000,25.001463,0
325,0,1.026676,0.600620,20.057349,1.190948,17.711795,39.986769,2.213148,4.617062,8.692949,0.371206,0.511441,5.416823,77,46096,0,0,0.000000,-74.303497,0.000000,25.001463,0
326,0,1.030989,0.605191,19.640174,1.144921,18.084964,39.901048,2.195723,4.579430,8.542247,0.301687,0.478726,5.463518,77,46096,0,0,0.000000,-74.303497,0.000000,25.001463,0
327,0,1.058597,0.641812,20.016659,1.214094,17.667972,39.957323,2.304586,4.512858,8.544159,0.315698,0.401455,5.589006,77,46096,0,0,0.000000,-74.303497,0.000000,25.001463,0
328,0,1.026994,0.601766,19.799950,1.155473,17.974497,39.956916,2.183472,4.671387,8.630500,0.303694,0.438283,5.554111,77,46096,0,0,0.000000,-74.303497,0.000000,25.001463,0
329,0,2.329112,1.944397,20.744809,1.225752,15.627547,39.927219,2.329505,4.397505,8.488393,0.319129,0.363024,5.426446,77,46096,0,0,0.000000,-74.303497,0.000000,25.001463,0
330,0,1.071509,0.653205,19.629703,1.148970,18.106734,39.956916,2.241628,4.343489,8.642897,0.367259,0.393582,5.489868,77,46096,0,0,0.000000,-74.303497,0.000000,25.001463,0
331,0,1.034746,0.650675,20.150007,1.186696,17.609928,39.981377,2.246687,4.570550,8.654680,0.314735,0.395711,5.591699,77,46096,0,0,0.000000,-74.303497,0.000000,24.999987,0
332,0,1.024628,0.600823,19.568424,1.153364,18.203122,39.949537,2.060889,4.453630,8.468102,0.345042,0.422136,5.302490,77,46096,0,0,0.000000,-74.303497,0.000000,24.999987,0
333,0,1.076826,0.651415,19.525740,1.146956,18.184777,39.934299,2.157372,4.285428,8.732344,0.342797,0.433634,5.342631,77,46096,0,0,0.000000,-74.303497,0.000000,24.999987,0
334,0,0.998199,0.612915,19.691613,1.144894,18.090681,39.925388,2.237871,4.389160,8.644504,0.343218,0.435449,5.524004,77,46096,0,0,0.000000,-74.303497,0.000000,24.999987,0
335,0,1.033247,0.613118,19.622745,1.164751,18.136722,39.957465,2.264709,4.602193,8.475586,0.303355,0.396495,5.392778,77,46096,0,0,0.000000,-74.303497,0.000000,24.999987,0
336,0,1.072513,0.648682,20.045000,1.184262,17.683604,39.985379,2.260437,4.523607,8.586887,0.362172,0.403208,5.476708,77,46096,0,0,0.000000,-74.303497,0.000000,24.999987,0
337,0,1.033973,0.608880,20.074609,1.160899,17.659461,39.928942,2.231720,4.512102,8.737851,0.388126,0.408220,5.533549,77,46096,0,0,0.000000,-74.303497,0.000000,24.999987,0
338,0,1.031945,0.613627,19.710385,1.140615,18.074887,39.957831,2.343828,4.455872,8.573893,0.302032,0.430593,5.525655,77,46096,0,0,0.000000,-74.303497,0.000000,24.999987,0
339,0,1.059750,0.676154,19.912418,1.154707,17.830488,39.957364,2.133965,4.559618,8.548784,0.386146,0.398353,5.499786,77,46096,0,0,0.000000,-74.303497,0.000000,24.999987,0
340,0,1.064670,0.604872,19.782606,1.146583,17.963016,39.956875,2.261800,4.655128,8.658142,0.318075,0.521901,5.462036,77,46096,0,0,0.000000,-74.303497,0.000000,24.999987,0
341,0,2.176741,1.756985,19.568668,1.201372,16.980581,39.927361,2.326226,4.340183,8.747257,0.305640,0.485341,5.536641,77,46096,0,0,0.000000,-74.303497,0.000000,24.999987,0
342,0,1.063107,0.643907,20.115977,1.155555,17.623233,39.957872,2.299879,4.648583,8.518317,0.354713,0.424544,5.439114,77,46096,0,0,0.000000,-74.303497,0.000000,24.999987,0
343,0,1.057227,0.601847,19.447269,1.162384,18.315650,39.982530,2.189816,4.489973,8.425164,0.347015,0.474718,5.279894,77,46096,0,0,0.000000,-74.303497,0.000000,24.999987,0
344,0,1.029151,0.604553,19.592105,1.158220,18.146128,39.925605,2.006561,4.695882,8.398204,0.304935,0.473907,5.409526,77,46096,0,0,0.000000,-74.303497,0.000000,24.998791,0
345,0,1.101203,0.646111,19.990431,1.191410,17.673791,39.956835,2.169654,4.495867,8.615641,0.321550,0.426863,5.425876,77,46096,0,0,0.000000,-74.303497,0.000000,24.998791,0
346,0,1.068668,0.647753,19.677229,1.172306,18.039819,39.958021,2.113305,4.620748,8.519419,0.298262,0.365258,5.670871,77,46096,0,0,0.000000,-74.303497,0.000000,24.998791,0
347,0,1.023176,0.600416,19.114763,1.185632,18.660506,39.984077,2.173069,4.280429,8.614400,0.428755,0.418894,5.274770,77,46096,0,0,0.000000,-74.303497,0.000000,24.998791,0
348,0,1.059594,0.599433,19.585466,1.141239,18.144535,39.930834,2.056458,4.753733,8.272664,0.347578,0.438063,5.321313,77,46096,0,0,0.000000,-74.303497,0.000000,24.998791,0
349,0,1.072106,0.653612,20.732629,1.200111,16.952850,39.957696,2.177544,4.133609,9.661319,0.317305,0.510427,5.864010,100,46096,0,0,0.000000,-74.303497,0.000000,24.998791,0
350,0,1.028371,0.602492,19.828434,1.169383,17.954865,39.981052,2.072255,4.700046,8.668518,0.304657,0.398936,5.610599,77,46096,0,0,0.000000,-74.303497,0.000000,24.998791,0
351,0,1.029599,0.604390,20.514794,1.186656,17.172855,39.903904,2.189395,3.948849,9.847873,0.315823,0.523929,6.011549,100,46096,0,0,0.000000,-74.303497,0.000000,24.998791,0
352,0,1.062442,0.644335,20.080346,1.178192,17.636349,39.957330,2.340447,4.455393,8.559285,0.314657,0.391842,5.449192,77,46096,0,0,0.000000,-74.303497,0.000000,24.998791,0
353,0,1.025692,0.639533,20.070662,1.171743,17.719242,39.987339,2.171675,3.749227,9.877380,0.454926,0.479546,5.954966,100,46096,0,0,0.000000,-74.303497,0.000000,24.998791,0
354,0,2.341997,1.958008,20.066023,1.222965,16.297387,39.928372,2.344065,4.412513,8.566077,0.317135,0.425296,5.364665,77,46096,0,0,0.000000,-74.303497,0.000000,24.998791,0
355,0,1.087663,0.657430,20.114207,1.169640,17.554989,39.926500,2.152917,3.999434,9.749498,0.341607,0.512027,5.981503,100,46096,0,0,0.000000,-74.303497,0.000000,24.998791,0
356,0,1.027259,0.608242,20.176788,1.186262,17.596805,39.987115,2.209910,4.556332,8.563894,0.316593,0.366879,5.612715,77,46096,0,0,0.000000,-74.303497,0.000000,24.998791,0
357,0,1.027503,0.601746,20.100345,1.152727,17.664459,39.945034,1.997125,4.084683,9.806427,0.447656,0.551144,5.822964,100,46096,0,0,0.000000,-74.303497,0.000000,24.999800,0
358,0,1.074995,0.650696,20.015276,1.155948,17.687727,39.933946,2.249722,4.483768,8.641903,0.367415,0.433814,5.511234,77,46096,0,0,0.000000,-74.303497,0.000000,24.999800,0
359,0,1.031633,0.614712,20.069278,1.171410,17.684655,39.956977,2.069214,4.000231,9.624207,0.298069,0.497664,6.019986,100,46096,0,0,0.000000,-74.303497,0.000000,24.999800,0
360,1,1.027774,0.641418,19.747677,1.190514,17.991418,39.957384,2.324921,4.460982,8.500332,0.299781,0.356279,5.588443,77,46096,0,0,0.000000,-74.303497,0.000000,24.999800,0
361,1,1.060889,0.638102,19.559418,1.184472,18.183048,39.987827,2.044607,3.964623,9.654015,0.387977,0.516327,5.865251,100,46096,0,0,0.000000,-74.303497,0.000000,24.999800,0
362,1,1.036930,0.607137,19.626678,1.153826,18.110009,39.927443,2.127319,4.607730,8.601864,0.304304,0.398807,5.454024,77,46096,0,0,0.000000,-74.303497,0.000000,24.999800,0
363,1,1.035092,0.614848,20.568607,1.200124,17.154212,39.958035,2.334167,4.023329,9.839494,0.346178,0.455393,6.118483,100,46096,0,0,0.000000,-74.303497,0.000000,24.999800,0
364,1,1.061988,0.677416,21.303192,1.206777,16.409861,39.981818,2.180874,4.600884,8.662493,0.317569,0.400482,5.691121,77,46096,0,0,0.000000,-74.303497,0.000000,24.999800,0
365,1,1.030602,0.605889,19.594133,1.148319,18.159224,39.932278,2.219245,4.352071,8.773539,0.306278,0.524268,5.525079,77,46096,0,0,0.000000,-74.303497,0.000000,24.999800,0
366,1,2.210168,1.752652,20.081763,1.214115,16.452070,39.958116,2.367533,4.403364,8.630388,0.315772,0.439768,5.545678,77,46096,0,0,0.000000,-74.303497,0.000000,24.999800,0
367,1,1.053836,0.669359,19.895932,1.141273,17.866079,39.957119,2.091505,4.833449,8.406101,0.394758,0.359202,5.375668,77,46096,0,0,0.000000,-74.303497,0.000000,24.999800,0
368,1,1.055946,0.604241,19.350576,1.221012,18.362410,39.989943,2.122576,4.670220,8.631151,0.303667,0.431766,5.517741,77,46096,0,0,0.000000,-74.303497,0.000000,24.999800,0
369,1,1.032149,0.606181,20.068749,1.152415,17.671370,39.924683,2.554769,4.544613,8.491174,0.361779,0.394881,5.505598,77,46096,0,0,0.000000,-74.303497,0.000000,24.999800,0
370,1,1.063555,0.642782,19.662608,1.163903,18.060360,39.950426,2.106523,4.470598,8.502574,0.299422,0.430308,5.563446,77,46096,0,0,0.000000,-74.303497,0.000000,25.001413,0
371,1,1.051409,0.601339,19.552555,1.151120,18.227427,39.982510,2.081685,4.348996,8.754435,0.387309,0.390750,5.512828,77,46096,0,0,0.000000,-74.303497,0.000000,25.001413,0
372,1,1.029422,0.603977,20.091020,1.154992,17.657311,39.932746,2.201792,4.536248,8.545654,0.401716,0.430125,5.399258,77,46096,0,0,0.000000,-74.303497,0.000000,25.001413,0
373,1,1.060910,0.614800,19.584320,1.161903,18.150597,39.957730,2.131690,4.593404,8.479804,0.347307,0.473880,5.399584,77,46096,0,0,0.000000,-74.303497,0.000000,25.001413,0
374,1,1.059404,0.642381,19.692020,1.150218,18.055688,39.957330,2.143331,4.580007,8.447096,0.299245,0.364390,5.555006,77,46096,0,0,0.000000,-74.303497,0.000000,25.001413,0
375,1,1.030256,0.605808,19.097978,1.201874,18.657494,39.987603,2.086521,4.597765,8.436405,0.387980,0.457140,5.339345,77,46096,0,0,0.000000,-74.303497,0.000000,25.001413,0
376,1,1.061968,0.605231,20.102298,1.161991,17.601281,39.927538,2.249712,4.636532,8.609205,0.363976,0.366055,5.595574,77,46096,0,0,0.000000,-74.303497,0.000000,25.001413,0
377,1,1.069231,0.649238,19.606530,1.157305,18.124997,39.958062,2.250546,4.445241,8.521315,0.305810,0.363708,5.586595,77,46096,0,0,0.000000,-74.303497,0.000000,25.001413,0
378,1,1.027001,0.603102,20.276235,1.203840,17.479292,39.986369,2.252407,4.663964,8.571923,0.314145,0.404049,5.583421,77,46096,0,0,0.000000,-74.303497,0.000000,25.001413,0
379,1,2.281470,1.893351,20.762760,1.241214,15.615462,39.900906,2.415839,4.497979,8.356795,0.357527,0.398454,5.299927,77,46096,0,0,0.000000,-74.303497,0.000000,25.001413,0
380,1,1.061344,0.640286,19.602156,1.162106,18.132104,39.957709,2.219581,4.402334,8.607296,0.385251,0.473870,5.530958,77,46096,0,0,0.000000,-74.303497,0.000000,25.001413,0
381,1,1.027286,0.601095,20.015784,1.196659,17.763580,40.003309,2.268856,4.568678,8.510647,0.454597,0.433584,5.389367,77,46096,0,0,0.000000,-74.303497,0.000000,25.001413,0
382,1,1.028236,0.604248,19.574934,1.150475,18.159671,39.913317,1.999342,4.618683,8.396745,0.382545,0.438402,5.374912,77,46096,0,0,0.000000,-74.303497,0.000000,25.001413,0
383,1,1.078467,0.652303,19.888736,1.196760,17.754764,39.918728,2.313761,4.449632,8.623996,0.317963,0.390649,5.528334,77,46096,0,0,0.000000,-74.303497,0.000000,24.999992,0
384,1,1.032671,0.647508,19.821740,1.198022,17.932844,39.985277,2.213352,4.521057,8.651113,0.303023,0.405738,5.633046,77,46096,0,0,0.000000,-74.303497,0.000000,24.999992,0
385,1,1.028934,0.602614,19.952328,1.177758,17.800344,39.959364,2.369334,4.490919,8.603631,0.360999,0.433601,5.490072,77,46096,0,0,0.000000,-74.303497,0.000000,24.999992,0
386,1,1.074622,0.651408,19.536930,1.164086,18.152062,39.927700,2.217136,4.404524,8.507212,0.345490,0.439084,5.342706,77,46096,0,0,0.000000,-74.303497,0.000000,24.999992,0
387,1,1.032596,0.614000,19.734338,1.140961,18.049259,39.957153,2.151530,4.554562,8.602688,0.302358,0.402490,5.663751,77,46096,0,0,0.000000,-74.303497,0.000000,24.999992,0
388,1,1.026716,0.643127,19.783112,1.164900,17.982947,39.957676,2.190647,4.452053,8.731113,0.303063,0.407983,5.643992,77,46096,0,0,0.000000,-74.303497,0.000000,24.999992,0
389,1,1.063738,0.637939,19.235619,1.165693,18.492333,39.957384,2.096832,4.626634,8.502458,0.392388,0.402239,5.443468,77,46096,0,0,0.000000,-74.303497,0.000000,24.999992,0
390,1,1.034264,0.607035,20.112064,1.171200,17.609996,39.927524,2.269626,4.462782,8.667243,0.349084,0.408424,5.571374,77,46096,0,0,0.000000,-74.303497,0.000000,24.999992,0
391,1,2.173987,1.790290,20.060408,1.214318,16.508589,39.957303,2.145610,4.527673,8.722276,0.322106,0.428043,5.496212,77,46096,0,0,0.000000,-74.303497,0.000000,24.999992,0
392,1,1.056847,0.631327,19.583215,1.178511,18.161869,39.980442,2.058923,4.521695,8.545342,0.473887,0.397458,5.445452,77,46096,0,0,0.000000,-74.303497,0.000000,24.999992,0
393,1,1.064521,0.606995,20.008416,1.150536,17.710676,39.934150,2.303307,4.381104,8.687432,0.319360,0.404965,5.553748,77,46096,0,0,0.000000,-74.303497,0.000000,24.999992,0
394,1,1.034766,0.615214,20.156864,1.169437,17.596195,39.957262,2.488712,4.542284,8.418467,0.355852,0.394752,5.485087,77,46096,0,0,0.000000,-74.303497,0.000000,24.999992,0
395,1,1.059750,0.676744,19.471622,1.177846,18.248742,39.957960,2.075124,4.486389,8.675103,0.386532,0.440467,5.485243,77,46096,0,0,0.000000,-74.303497,0.000000,24.999992,0
396,1,1.053667,0.600966,19.788523,1.182702,17.955163,39.980055,2.302819,4.579970,8.553562,0.315996,0.403161,5.514537,77,46096,0,0,0.000000,-74.303497,0.000000,25.000004,0
397,1,1.038700,0.608887,19.624461,1.154131,18.110701,39.927992,2.111620,4.702671,8.547696,0.346398,0.392737,5.603644,77,46096,0,0,0.000000,-74.303497,0.000000,25.000004,0
398,1,1.064477,0.647644,20.105628,1.180159,17.606856,39.957119,2.267341,4.579793,8.569485,0.314762,0.422780,5.565474,77,46096,0,0,0.000000,-74.303497,0.000000,25.000004,0
399,1,1.051863,0.600579,19.622725,1.160133,18.122562,39.957282,2.028836,4.458116,8.753143,0.441440,0.430993,5.454183,77,46096,0,0,0.000000,-74.303497,0.000000,25.000004,0
400,1,1.025089,0.602085,19.274784,1.184933,18.503198,39.988003,2.097758,4.794732,8.322008,0.303918,0.440175,5.336494,77,46096,0,0,0.000000,-74.303497,0.000000,25.000004,0
401,1,1.064531,0.606517,19.555118,1.148421,18.159163,39.927233,2.119256,4.491258,8.591149,0.346344,0.401913,5.580773,77,46096,0,0,0.000000,-74.303497,0.000000,25.000004,0
402,1,1.074724,0.613959,19.702477,1.139754,18.039412,39.956367,2.200226,4.680650,8.512017,0.345496,0.392270,5.551320,77,46096,0,0,0.000000,-74.303497,0.000000,25.000004,0
403,1,1.026567,0.601800,19.922428,1.147749,17.879093,39.975837,2.247901,4.566037,8.523814,0.358592,0.394965,5.393066,77,46096,0,0,0.000000,-74.303497,0.000000,25.000004,0
404,1,2.349565,1.889336,20.207197,1.219099,16.162316,39.938178,2.254317,4.604865,8.538286,0.316837,0.365740,5.640208,77,46096,0,0,0.000000,-74.303497,0.000000,25.000004,0
405,1,1.073144,0.653998,19.600895,1.184492,18.098636,39.957167,2.116245,4.623990,8.583432,0.341163,0.466231,5.548811,77,46096,0,0,0.000000,-74.303497,0.000000,25.000004,0
406,1,1.025876,0.602437,20.222524,1.160628,17.571428,39.980455,2.245043,4.579400,8.648207,0.314063,0.396725,5.590257,77,46096,0,0,0.000000,-74.303497,0.000000,25.000004,0
407,1,1.059594,0.602926,20.021216,1.154978,17.697812,39.933601,2.350677,4.531121,8.657016,0.317359,0.437724,5.573008,77,46096,0,0,0.000000,-74.303497,0.000000,25.000004,0
408,1,1.116533,0.659322,19.584334,1.160546,18.094872,39.956285,2.154249,4.409461,8.705207,0.347185,0.395467,5.542989,77,46096,0,0,0.000000,-74.303497,0.000000,25.000004,0
409,1,1.028622,0.642626,19.694868,1.158864,18.068214,39.950568,2.104011,4.472293,8.707804,0.304935,0.395138,5.559187,77,46096,0,0,0.000000,-74.303497,0.000000,25.000000,0
410,1,1.021467,0.598931,20.014279,1.171865,17.751570,39.959181,2.221202,4.492913,8.559211,0.314884,0.477234,5.525757,77,46096,0,0,0.000000,-74.303497,0.000000,25.000000,0
411,1,1.076799,0.651598,19.510847,1.154300,18.183170,39.925117,2.232113,4.305532,8.626434,0.348562,0.388048,5.516195,77,46096,0,0,0.000000,-74.303497,0.000000,25.000000,0
412,1,1.035071,0.614081,20.141164,1.208411,17.599877,39.984524,2.217292,4.725627,8.441176,0.359216,0.392025,5.466665,77,46096,0,0,0.000000,-74.303497,0.000000,25.000000,0
413,1,1.024356,0.599874,19.550900,1.153344,18.207096,39.935696,2.159458,4.426999,8.535041,0.387346,0.462911,5.272020,77,46096,0,0,0.000000,-74.303497,0.000000,25.000000,0
414,1,1.076745,0.651245,19.520098,1.151839,18.203271,39.951952,2.144158,4.572045,8.508813,0.348663,0.397956,5.477000,77,46096,0,0,0.000000,-74.303497,0.000000,25.000000,0
415,1,0.996077,0.611267,19.679481,1.158145,18.093041,39.926744,2.130605,4.609795,8.629330,0.346290,0.392561,5.622935,77,46096,0,0,0.000000,-74.303497,0.000000,25.000000,0
416,1,2.170936,1.785061,19.604882,1.215620,16.965641,39.957079,2.036940,4.533858,8.681044,0.306230,0.434513,5.591715,77,46096,0,0,0.000000,-74.303497,0.000000,25.000000,0
417,1,1.065962,0.640808,19.930254,1.181095,17.806929,39.984239,2.250068,4.563293,8.573124,0.409671,0.467756,5.422221,77,46096,0,0,0.000000,-74.303497,0.000000,25.000000,0
418,1,1.031165,0.606486,20.051253,1.150116,17.698958,39.931491,2.331855,4.577613,8.501756,0.370826,0.478088,5.421980,77,46096,0,0,0.000000,-74.303497,0.000000,25.000000,0
419,1,1.034604,0.616096,19.682356,1.146813,18.093774,39.957547,2.185174,4.583564,8.605062,0.301598,0.466305,5.632239,77,46096,0,0,0.000000,-74.303497,0.000000,25.000000,0
420,1,1.054786,0.672451,20.188182,1.172468,17.542274,39.957709,2.222510,4.578603,8.656504,0.317827,0.443302,5.516252,77,46096,0,0,0.000000,-74.303497,0.000000,25.000000,0
421,1,1.065504,0.603780,19.753994,1.208228,17.929331,39.957058,2.090366,4.730842,8.619815,0.402174,0.438697,5.467190,77,46096,0,0,0.000000,-74.303497,0.000000,25.000000,0
422,1,1.000471,0.614665,19.721249,1.140262,18.058109,39.920091,2.155738,4.639767,8.469872,0.341190,0.397688,5.611620,77,46096,0,0,0.000000,-74.303497,0.000000,25.000023,0
423,1,1.057756,0.673930,20.115238,1.171980,17.612389,39.957364,2.218859,4.517053,8.797974,0.316016,0.363156,5.718797,77,46096,0,0,0.000000,-74.303497,0.000000,25.000023,0
424,1,1.026669,0.600891,19.723948,1.196469,18.038028,39.985114,2.242143,4.782040,8.470561,0.346395,0.452213,5.448252,77,46096,0,0,0.000000,-74.303497,0.000000,25.000023,0
425,1,1.058495,0.599284,19.930417,1.172618,17.768307,39.929837,2.308906,4.611772,8.390805,0.320730,0.392381,5.438934,77,46096,0,0,0.000000,-74.303497,0.000000,25.000023,0
426,1,1.076291,0.616069,19.684167,1.149668,18.047360,39.957486,2.259243,4.529717,8.531484,0.301008,0.430952,5.632511,77,46096,0,0,0.000000,-74.303497,0.000000,25.000023,0
427,1,1.025821,0.601868,19.463620,1.160465,18.314660,39.964566,2.086121,4.629615,8.396145,0.306471,0.470934,5.360996,77,46096,0,0,0.000000,-74.303497,0.000000,25.000023,0
428,1,1.060021,0.602865,19.207279,2.928860,18.504500,41.700660,2.093506,4.486026,8.671427,0.304881,0.362261,5.501119,77,46096,0,0,0.000000,-74.303497,0.000000,25.000023,0
429,1,2.167477,1.740702,20.620121,2.445818,14.195892,39.429308,2.287547,4.344231,8.427561,0.343448,0.420224,5.138000,77,46096,0,0,0.000000,-74.303497,0.000000,25.000023,0
430,1,1.069719,0.612752,19.647179,1.368910,16.783023,38.868832,2.193685,4.534743,8.504595,0.341576,0.428762,5.404409,77,46096,0,0,0.000000,-74.303497,0.000000,25.000023,0
431,1,1.028975,0.644165,19.521359,1.219459,18.051280,39.821072,1.988237,4.614865,8.620141,0.344052,0.422336,5.485942,77,46096,0,0,0.000000,-74.303497,0.000000,25.000023,0
432,1,1.077287,0.655056,19.530094,1.129222,18.166419,39.903022,2.120751,4.513458,8.501133,0.309642,0.398505,5.349284,77,46096,0,0,0.000000,-74.303497,0.000000,25.000023,0
433,1,1.032169,0.614163,20.116248,1.125404,17.706533,39.980353,2.198398,4.514815,8.644470,0.318451,0.363631,5.691769,77,46096,0,0,0.000000,-74.303497,0.000000,25.000023,0
434,1,1.025550,0.600382,19.956953,1.138397,17.812829,39.933729,2.103509,4.596503,8.516547,0.311907,0.529911,5.234779,77,46096,0,0,0.000000,-74.303497,0.000000,25.000023,0
435,1,1.074337,0.650201,19.493818,1.132592,18.250451,39.951199,2.113420,4.468150,8.677229,0.342295,0.404690,5.427816,77,46096,0,0,0.000000,-74.303497,0.000000,25.001280,0
436,1,1.030989,0.613071,19.681413,1.124556,18.120548,39.957506,2.288761,4.388811,8.535563,0.345117,0.391571,5.442132,77,46096,0,0,0.000000,-74.303497,0.000000,25.001280,0
437,1,1.028195,0.643094,20.164920,1.139082,17.624942,39.957140,2.142053,4.811551,8.623515,0.320631,0.477607,5.407420,77,46096,0,0,0.000000,-74.303497,0.000000,25.001280,0
438,1,1.065779,0.641554,19.511010,1.154721,18.254723,39.986233,2.106689,4.475128,8.595317,0.346842,0.478743,5.444699,77,46096,0,0,0.000000,-74.303497,0.000000,25.001280,0
439,1,1.035404,0.607463,19.966061,1.129405,17.797997,39.928867,2.232646,4.483039,8.645043,0.358707,0.443264,5.565806,77,46096,0,0,0.000000,-74.303497,0.000000,25.001280,0
440,1,1.032128,0.613878,19.739607,1.127892,18.058150,39.957777,2.191694,4.508948,8.677287,0.345903,0.513451,5.545678,77,46096,0,0,0.000000,-74.303497,0.000000,25.001280,0
441,1,2.196001,1.809767,19.784631,1.184404,16.810720,39.975755,2.124356,4.375180,8.786075,0.304616,0.407613,5.666941,77,46096,0,0,0.000000,-74.303497,0.000000,25.001280,0
442,1,1.045732,0.607978,19.571557,1.122616,18.198700,39.938605,2.246941,4.425235,8.639703,0.302107,0.399499,5.558957,77,46096,0,0,0.000000,-74.303497,0.000000,25.001280,0
443,1,1.033064,0.614556,19.649743,1.136668,18.138309,39.957784,2.202579,4.471812,8.625217,0.340091,0.428450,5.562310,77,46096,0,0,0.000000,-74.303497,0.000000,25.001280,0
444,1,1.060788,0.674120,19.673269,1.122257,18.101193,39.957506,2.237318,4.478509,8.546590,0.303585,0.362369,5.645857,77,46096,0,0,0.000000,-74.303497,0.000000,25.001280,0
445,1,1.023176,0.600755,19.133582,1.126448,18.698571,39.981778,2.194099,4.355906,8.507694,0.386288,0.458913,5.334798,77,46096,0,0,0.000000,-74.303497,0.000000,25.001280,0
446,1,1.062354,0.601963,20.054515,1.131039,17.685367,39.933275,2.257524,4.645060,8.517297,0.397858,0.397983,5.442400,77,46096,0,0,0.000000,-74.303497,0.000000,25.001280,0
447,1,1.068153,0.651103,19.594282,1.149133,18.146291,39.957859,2.114736,4.563928,8.715339,0.302270,0.363427,5.670885,77,46096,0,0,0.000000,-74.303497,0.000000,25.001280,0
448,1,1.028927,0.642646,20.254276,1.153954,17.532657,39.969815,2.169284,4.677117,8.677544,0.317705,0.403995,5.530243,77,46096,0,0,0.000000,-74.303497,0.000000,24.999960,0
449,1,1.026527,0.602356,19.671438,1.136390,18.071862,39.906216,2.150448,4.527367,8.476203,0.306522,0.364404,5.423221,77,46096,0,0,0.000000,-74.303497,0.000000,24.999960,0
450,1,1.078874,0.651415,19.952647,1.161211,17.734114,39.926846,2.337609,4.265778,8.592943,0.357188,0.390910,5.505273,77,46096,0,0,0.000000,-74.303497,0.000000,24.999960,0
451,1,1.034909,0.649129,19.652856,1.148020,18.121701,39.957486,2.166711,4.555200,8.684170,0.302544,0.439741,5.511603,77,46096,0,0,0.000000,-74.303497,0.000000,24.999960,0
452,1,1.025231,0.600301,19.969744,1.132362,17.823619,39.950955,2.345276,4.320757,8.653141,0.401737,0.463355,5.303267,77,46096,0,0,0.000000,-74.303497,0.000000,24.999960,0
453,1,1.079709,0.654134,19.512251,1.134464,18.206852,39.933275,2.237281,4.263604,8.750370,0.437341,0.366692,5.403259,77,46096,0,0,0.000000,-74.303497,0.000000,24.999960,0
454,1,2.361752,1.899970,19.630564,1.179616,16.808244,39.980177,2.319611,4.478265,8.515615,0.303335,0.517256,5.312490,77,46096,0,0,0.000000,-74.303497,0.000000,24.999960,0
455,1,1.026249,0.641357,19.530867,1.144460,18.263282,39.964857,2.321533,4.422824,8.525560,0.386444,0.459937,5.324904,77,46096,0,0,0.000000,-74.303497,0.000000,24.999960,0
456,1,1.070329,0.645623,19.506127,1.129317,18.221846,39.927619,2.059750,4.620622,8.529439,0.309031,0.436408,5.471832,77,46096,0,0,0.000000,-74.303497,0.000000,24.999960,0
457,1,0.999895,0.615784,19.217533,1.141774,18.567969,39.927171,2.102546,4.632524,8.481069,0.306407,0.364790,5.408437,77,46096,0,0,0.000000,-74.303497,0.000000,24.999960,0
458,1,1.034285,0.649801,19.773888,1.121809,18.027022,39.957004,2.098511,4.434201,8.723168,0.298676,0.365462,5.625349,77,46096,0,0,0.000000,-74.303497,0.000000,24.999960,0
459,1,1.063290,0.638448,19.491153,1.147383,18.279382,39.981208,2.194784,4.329041,8.677487,0.304216,0.473046,5.385935,77,46096,0,0,0.000000,-74.303497,0.000000,24.999960,0
460,1,1.032474,0.608148,20.059302,1.127519,17.714101,39.933397,2.368612,4.443553,8.647976,0.351362,0.397912,5.518704,77,46096,0,0,0.000000,-74.303497,0.000000,24.999960,0
461,1,1.034400,0.614156,20.103397,1.114180,17.699019,39.950996,2.329600,4.657542,8.643110,0.353512,0.391103,5.627313,77,46096,0,0,0.000000,-74.303497,0.000000,25.000069,0
462,1,1.056013,0.672187,19.733904,1.121958,18.045556,39.957431,2.106856,4.501997,8.675778,0.298615,0.398817,5.717621,77,46096,0,0,0.000000,-74.303497,0.000000,25.000069,0
463,1,1.031213,0.605164,19.588152,1.142602,18.195479,39.957445,2.147715,4.563270,8.619476,0.303992,0.432777,5.593564,77,46096,0,0,0.000000,-74.303497,0.000000,25.000069,0
464,1,1.102800,0.613261,19.608348,1.126868,18.118981,39.956997,2.110385,4.607649,8.602051,0.408010,0.427327,5.526808,77,46096,0,0,0.000000,-74.303497,0.000000,25.000069,0
465,1,1.068763,0.647529,20.117476,1.154972,17.616764,39.957974,2.095093,3.968777,9.889672,0.316074,0.523536,6.041718,100,46096,0,0,0.000000,-74.303497,0.000000,25.000069,0
466,1,2.202348,1.817424,19.216665,1.158891,17.379337,39.957241,2.089657,4.386783,8.704383,0.360931,0.470123,5.518233,77,46096,0,0,0.000000,-74.303497,0.000000,25.000069,0
467,1,1.065691,0.605977,20.107690,1.122542,17.631229,39.927151,2.186795,4.041409,9.783183,0.302070,0.516469,5.983402,100,46096,0,0,0.000000,-74.303497,0.000000,25.000069,0
468,1,1.066138,0.644843,19.625071,1.150048,18.115902,39.957160,2.133596,4.358283,8.692156,0.301015,0.479380,5.645755,77,46096,0,0,0.000000,-74.303497,0.000000,25.000069,0
469,1,1.026059,0.601095,20.024519,1.120568,17.786279,39.957425,2.124956,3.996687,9.560126,0.347348,0.555769,5.749891,100,46096,0,0,0.000000,-74.303497,0.000000,25.000069,0
470,1,1.063500,0.602227,19.222070,1.160004,18.511770,39.957343,2.045559,4.443868,8.848921,0.302127,0.440738,5.501112,77,46096,0,0,0.000000,-74.303497,0.000000,25.000069,0
471,1,1.085310,0.657586,20.128401,1.150821,17.561547,39.926080,2.246901,3.813053,9.910360,0.302619,0.547611,6.144979,100,46096,0,0,0.000000,-74.303497,0.000000,25.000069,0
472,1,1.031945,0.648424,19.799720,1.124637,18.001367,39.957669,2.123437,4.563473,8.612644,0.345320,0.365618,5.707435,77,46096,0,0,0.000000,-74.303497,0.000000,25.000069,0
473,1,1.043535,0.617106,20.503767,1.189579,17.216841,39.953722,2.114960,4.001539,10.016218,0.403690,0.637722,5.796370,100,46096,0,0,0.000000,-74.303497,0.000000,25.000069,0
474,1,1.075884,0.652045,19.538381,1.127682,18.181929,39.923876,1.999522,4.399156,8.629110,0.309716,0.479051,5.347605,77,46096,0,0,0.000000,-74.303497,0.000000,24.998669,0
475,1,1.032759,0.614285,20.431400,1.184872,17.332631,39.981662,2.155192,3.878157,9.911652,0.394884,0.489966,6.081333,100,46096,0,0,0.000000,-74.303497,0.000000,24.998669,0
476,1,1.025916,0.640917,19.703054,1.138628,18.064884,39.932482,2.300415,4.616241,8.339389,0.299289,0.398631,5.402232,77,46096,0,0,0.000000,-74.303497,0.000000,24.998669,0
477,1,1.077172,0.654670,20.467892,1.160465,17.251733,39.957262,2.257039,3.900150,9.938083,0.318261,0.522017,5.986888,100,46096,0,0,0.000000,-74.303497,0.000000,24.998669,0
478,1,0.999474,0.614197,19.717994,1.135691,18.073564,39.926724,2.126438,4.710470,8.501373,0.303206,0.401038,5.474986,77,46096,0,0,0.000000,-74.303497,0.000000,24.998669,0
479,1,2.380558,1.956387,21.383135,1.190026,15.004256,39.957974,2.188724,3.998308,9.644440,0.343665,0.522132,5.690962,100,46096,0,0,0.000000,-74.303497,0.000000,24.998669,0
