frame,x,z,fps
1,0.00000,-74.30350,50.13038
2,0.00000,-74.30350,50.13038
3,0.00000,-74.30350,50.13038
4,0.00000,-74.30350,13.99820
5,0.00000,-74.30350,13.99820
6,0.00000,-74.30350,13.99820
7,0.00000,-74.30350,13.99820
8,0.00000,-74.30350,13.99820
9,0.00000,-74.30350,13.99820
10,0.00000,-74.30350,13.99820
11,0.00000,-74.30350,13.99820
12,0.00000,-74.30350,13.99820
13,0.00000,-74.30350,13.99820
14,0.00000,-74.30350,13.99820
15,0.00000,-74.30350,13.99820
16,0.00000,-74.30350,13.99820
17,0.00000,-74.30350,13.99820
18,0.00000,-74.30350,13.99820
19,0.00000,-74.30350,13.99820
20,0.00000,-74.30350,13.99820
21,0.00000,-74.30350,13.99820
22,0.00000,-74.30350,13.99820
23,0.00000,-74.30350,13.99820
24,0.00000,-74.30350,13.99820
25,0.00000,-74.30350,13.99820
26,0.00000,-74.30350,13.99820
27,0.00000,-74.30350,13.99820
28,0.00000,-74.30350,13.99820
29,0.00000,-74.30350,48.07922
30,0.00000,-74.30350,48.07922
31,0.00000,-74.30350,48.07922
32,0.00000,-74.30350,48.07922
33,0.00000,-74.30350,48.07922
34,0.00000,-74.30350,48.07922
35,0.00000,-74.30350,48.07922
36,0.00000,-74.30350,48.07922
37,0.00000,-74.30350,48.07922
38,0.00000,-74.30350,48.07922
39,0.00000,-74.30350,48.07922
40,0.00000,-74.30350,48.07922
41,0.00000,-74.30350,48.07922
42,0.00000,-74.30350,48.07922
43,0.00000,-74.30350,48.07922
44,0.00000,-74.30350,48.07922
45,0.00000,-74.30350,48.07922
46,0.00000,-74.30350,48.07922
47,0.00000,-74.30350,48.07922
48,0.00000,-74.30350,48.07922
49,0.00000,-74.30350,48.07922
50,0.00000,-74.30350,48.07922
51,0.00000,-74.30350,48.07922
52,0.00000,-74.30350,48.07922
53,0.00000,-74.30350,48.07922
54,0.00000,-74.30350,49.99990
55,0.00000,-74.30350,49.99990
56,0.00000,-74.30350,49.99990
57,0.00000,-74.30350,49.99990
58,0.00000,-74.30350,49.99990
59,0.00000,-74.30350,49.99990
60,0.00000,-74.30350,49.99990
61,0.00000,-74.30350,49.99990
62,0.00000,-74.30350,49.99990
63,0.00000,-74.30350,49.99990
64,0.00000,-74.30350,49.99990
65,0.00000,-74.30350,49.99990
66,0.00000,-74.30350,49.99990
67,0.00000,-74.30350,49.99990
68,0.00000,-74.30350,49.99990
69,0.00000,-74.30350,49.99990
70,0.00000,-74.30350,49.99990
71,0.00000,-74.30350,49.99990
72,0.00000,-74.30350,49.99990
73,0.00000,-74.30350,49.99990
74,0.00000,-74.30350,49.99990
75,0.00000,-74.30350,49.99990
76,0.00000,-74.30350,49.99990
77,0.00000,-74.30350,49.99990
78,0.00000,-74.30350,49.99990
79,0.00000,-74.30350,49.99990
80,0.00000,-74.30350,49.99702
81,0.00000,-74.30350,49.99702
82,0.00000,-74.30350,49.99702
83,0.00000,-74.30350,49.99702
84,0.00000,-74.30350,49.99702
85,0.00000,-74.30350,49.99702
86,0.00000,-74.30350,49.99702
87,0.00000,-74.30350,49.99702
88,0.00000,-74.30350,49.99702
89,0.00000,-74.30350,49.99702
90,0.00000,-74.30350,49.99702
91,0.00000,-74.30350,49.99702
92,0.00000,-74.30350,49.99702
93,0.00000,-74.30350,49.99702
94,0.00000,-74.30350,49.99702
95,0.00000,-74.30350,49.99702
96,0.00000,-74.30350,49.99702
97,0.00000,-74.30350,49.99702
98,0.00000,-74.30350,49.99702
99,0.00000,-74.30350,49.99702
100,0.00000,-74.30350,49.99702
101,0.00000,-74.30350,49.99702
102,0.00000,-74.30350,49.99702
103,0.00000,-74.30350,49.99702
104,0.00000,-74.30350,49.99702
105,0.00000,-74.30350,49.99702
106,0.00000,-74.30350,50.00301
107,0.00000,-74.30350,50.00301
108,0.00000,-74.30350,50.00301
109,0.00000,-74.30350,50.00301
110,0.00000,-74.30350,50.00301
111,0.00000,-74.30350,50.00301
112,0.00000,-74.30350,50.00301
113,0.00000,-74.30350,50.00301
114,0.00000,-74.30350,50.00301
115,0.00000,-74.30350,50.00301
116,0.00000,-74.30350,50.00301
117,0.00000,-74.30350,50.00301
118,0.00000,-74.30350,50.00301
119,0.00000,-74.30350,50.00301
120,0.00000,-74.30350,50.00301
121,0.00000,-74.30350,50.00301
122,0.00000,-74.30350,50.00301
123,0.00000,-74.30350,50.00301
124,0.00000,-74.30350,50.00301
125,0.00000,-74.30350,50.00301
126,0.00000,-74.30350,50.00301
127,0.00000,-74.30350,50.00301
128,0.00000,-74.30350,50.00301
129,0.00000,-74.30350,50.00301
130,0.00000,-74.30350,50.00301
131,0.00000,-74.30350,49.99779
132,0.00000,-74.30350,49.99779
133,0.00000,-74.30350,49.99779
134,0.00000,-74.30350,49.99779
135,0.00000,-74.30350,49.99779
136,0.00000,-74.30350,49.99779
137,0.00000,-74.30350,49.99779
138,0.00000,-74.30350,49.99779
139,0.00000,-74.30350,49.99779
140,0.00000,-74.30350,49.99779
141,0.00000,-74.30350,49.99779
142,0.00000,-74.30350,49.99779
143,0.00000,-74.30350,49.99779
144,0.00000,-74.30350,49.99779
145,0.00000,-74.30350,49.99779
146,0.00000,-74.30350,49.99779
147,0.00000,-74.30350,49.99779
148,0.00000,-74.30350,49.99779
149,0.00000,-74.30350,49.99779
150,0.00000,-74.30350,49.99779
151,0.00000,-74.30350,49.99779
152,0.00000,-74.30350,49.99779
153,0.00000,-74.30350,49.99779
154,0.00000,-74.30350,49.99779
155,0.00000,-74.30350,49.99779
156,0.00000,-74.30350,49.99779
157,0.00000,-74.30350,50.00215
158,0.00000,-74.30350,50.00215
159,0.00000,-74.30350,50.00215
160,0.00000,-74.30350,50.00215
161,0.00000,-74.30350,50.00215
162,0.00000,-74.30350,50.00215
163,0.00000,-74.30350,50.00215
164,0.00000,-74.30350,50.00215
165,0.00000,-74.30350,50.00215
166,0.00000,-74.30350,50.00215
167,0.00000,-74.30350,50.00215
168,0.00000,-74.30350,50.00215
169,0.00000,-74.30350,50.00215
170,0.00000,-74.30350,50.00215
171,0.00000,-74.30350,50.00215
172,0.00000,-74.30350,50.00215
173,0.00000,-74.30350,50.00215
174,0.00000,-74.30350,50.00215
175,0.00000,-74.30350,50.00215
176,0.00000,-74.30350,50.00215
177,0.00000,-74.30350,50.00215
178,0.00000,-74.30350,50.00215
179,0.00000,-74.30350,50.00215
180,0.00000,-74.30350,50.00215
181,0.00000,-74.30350,50.00215
182,0.00000,-74.30350,37.87473
183,0.00000,-74.30350,37.87473
184,0.00000,-74.30350,37.87473
185,0.00000,-74.30350,37.87473
186,0.00000,-74.30350,37.87473
187,0.00000,-74.30350,37.87473
188,0.00000,-74.30350,37.87473
189,0.00000,-74.30350,37.87473
190,0.00000,-74.30350,37.87473
191,0.00000,-74.30350,37.87473
192,0.00000,-74.30350,37.87473
193,0.00000,-74.30350,37.87473
194,0.00000,-74.30350,37.87473
195,0.00000,-74.30350,37.87473
196,0.00000,-74.30350,37.87473
197,0.00000,-74.30350,37.87473
198,0.00000,-74.30350,37.87473
199,0.00000,-74.30350,37.87473
200,0.00000,-74.30350,37.87473
201,0.00000,-74.30350,37.87473
202,0.00000,-74.30350,37.87473
203,0.00000,-74.30350,37.87473
204,0.00000,-74.30350,37.87473
205,0.00000,-74.30350,37.87473
206,0.00000,-74.30350,37.87473
207,0.00000,-74.30350,37.87473
208,0.00000,-74.30350,50.00061
209,0.00000,-74.30350,50.00061
210,0.00000,-74.30350,50.00061
211,0.00000,-74.30350,50.00061
212,0.00000,-74.30350,50.00061
213,0.00000,-74.30350,50.00061
214,0.00000,-74.30350,50.00061
215,0.00000,-74.30350,50.00061
216,0.00000,-74.30350,50.00061
217,0.00000,-74.30350,50.00061
218,0.00000,-74.30350,50.00061
219,0.00000,-74.30350,50.00061
220,0.00000,-74.30350,50.00061
221,0.00000,-74.30350,50.00061
222,0.00000,-74.30350,50.00061
223,0.00000,-74.30350,50.00061
224,0.00000,-74.30350,50.00061
225,0.00000,-74.30350,50.00061
226,0.00000,-74.30350,50.00061
227,0.00000,-74.30350,50.00061
228,0.00000,-74.30350,50.00061
229,0.00000,-74.30350,50.00061
230,0.00000,-74.30350,50.00061
231,0.00000,-74.30350,50.00061
232,0.00000,-74.30350,50.00061
233,0.00000,-74.30350,50.00061
234,0.00000,-74.30350,50.00217
235,0.00000,-74.30350,50.00217
236,0.00000,-74.30350,50.00217
237,0.00000,-74.30350,50.00217
238,0.00000,-74.30350,50.00217
239,0.00000,-74.30350,50.00217
240,0.00000,-74.30350,50.00217
241,0.00000,-74.30350,50.00217
242,0.00000,-74.30350,50.00217
243,0.00000,-74.30350,50.00217
244,0.00000,-74.30350,50.00217
245,0.00000,-74.30350,50.00217
246,0.00000,-74.30350,50.00217
247,0.00000,-74.30350,50.00217
248,0.00000,-74.30350,50.00217
249,0.00000,-74.30350,50.00217
250,0.00000,-74.30350,50.00217
251,0.00000,-74.30350,50.00217
252,0.00000,-74.30350,50.00217
253,0.00000,-74.30350,50.00217
254,0.00000,-74.30350,50.00217
255,0.00000,-74.30350,50.00217
256,0.00000,-74.30350,50.00217
257,0.00000,-74.30350,50.00217
258,0.00000,-74.30350,50.00217
259,0.00000,-74.30350,49.99768
260,0.00000,-74.30350,49.99768
261,0.00000,-74.30350,49.99768
262,0.00000,-74.30350,49.99768
263,0.00000,-74.30350,49.99768
264,0.00000,-74.30350,49.99768
265,0.00000,-74.30350,49.99768
266,0.00000,-74.30350,49.99768
267,0.00000,-74.30350,49.99768
268,0.00000,-74.30350,49.99768
269,0.00000,-74.30350,49.99768
270,0.00000,-74.30350,49.99768
271,0.00000,-74.30350,49.99768
272,0.00000,-74.30350,49.99768
273,0.00000,-74.30350,49.99768
274,0.00000,-74.30350,49.99768
275,0.00000,-74.30350,49.99768
276,0.00000,-74.30350,49.99768
277,0.00000,-74.30350,49.99768
278,0.00000,-74.30350,49.99768
279,0.00000,-74.30350,49.99768
280,0.00000,-74.30350,49.99768
281,0.00000,-74.30350,49.99768
282,0.00000,-74.30350,49.99768
283,0.00000,-74.30350,49.99768
284,0.00000,-74.30350,49.99768
285,0.00000,-74.30350,50.00294
286,0.00000,-74.30350,50.00294
287,0.00000,-74.30350,50.00294
288,0.00000,-74.30350,50.00294
289,0.00000,-74.30350,50.00294
290,0.00000,-74.30350,50.00294
291,0.00000,-74.30350,50.00294
292,0.00000,-74.30350,50.00294
293,0.00000,-74.30350,50.00294
294,0.00000,-74.30350,50.00294
295,0.00000,-74.30350,50.00294
296,0.00000,-74.30350,50.00294
297,0.00000,-74.30350,50.00294
298,0.00000,-74.30350,50.00294
299,0.00000,-74.30350,50.00294
300,0.00000,-74.30350,50.00294
301,0.00000,-74.30350,50.00294
302,0.00000,-74.30350,50.00294
303,0.00000,-74.30350,50.00294
304,0.00000,-74.30350,50.00294
305,0.00000,-74.30350,50.00294
306,0.00000,-74.30350,50.00294
307,0.00000,-74.30350,50.00294
308,0.00000,-74.30350,50.00294
309,0.00000,-74.30350,50.00294
310,0.00000,-74.30350,49.99789
311,0.00000,-74.30350,49.99789
312,0.00000,-74.30350,49.99789
313,0.00000,-74.30350,49.99789
314,0.00000,-74.30350,49.99789
315,0.00000,-74.30350,49.99789
316,0.00000,-74.30350,49.99789
317,0.00000,-74.30350,49.99789
318,0.00000,-74.30350,49.99789
319,0.00000,-74.30350,49.99789
320,0.00000,-74.30350,49.99789
321,0.00000,-74.30350,49.99789
322,0.00000,-74.30350,49.99789
323,0.00000,-74.30350,49.99789
324,0.00000,-74.30350,49.99789
325,0.00000,-74.30350,49.99789
326,0.00000,-74.30350,49.99789
327,0.00000,-74.30350,49.99789
328,0.00000,-74.30350,49.99789
329,0.00000,-74.30350,49.99789
330,0.00000,-74.30350,49.99789
331,0.00000,-74.30350,49.99789
332,0.00000,-74.30350,49.99789
333,0.00000,-74.30350,49.99789
334,0.00000,-74.30350,49.99789
335,0.00000,-74.30350,49.99927
336,0.00000,-74.30350,49.99927
337,0.00000,-74.30350,49.99927
338,0.00000,-74.30350,49.99927
339,0.00000,-74.30350,49.99927
340,0.00000,-74.30350,49.99927
341,0.00000,-74.30350,49.99927
342,0.00000,-74.30350,49.99927
343,0.00000,-74.30350,49.99927
344,0.00000,-74.30350,49.99927
345,0.00000,-74.30350,49.99927
346,0.00000,-74.30350,49.99927
347,0.00000,-74.30350,49.99927
348,0.00000,-74.30350,49.99927
349,0.00000,-74.30350,49.99927
350,0.00000,-74.30350,49.99927
351,0.00000,-74.30350,49.99927
352,0.00000,-74.30350,49.99927
353,0.00000,-74.30350,49.99927
354,0.00000,-74.30350,49.99927
355,0.00000,-74.30350,49.99927
356,0.00000,-74.30350,49.99927
357,0.00000,-74.30350,49.99927
358,0.00000,-74.30350,49.99927
359,0.00000,-74.30350,49.99927
360,0.00000,-74.30350,49.99927
361,0.00000,-74.30350,50.00275
362,0.00000,-74.30350,50.00275
363,0.00000,-74.30350,50.00275
364,0.00000,-74.30350,50.00275
365,0.00000,-74.30350,50.00275
366,0.00000,-74.30350,50.00275
367,0.00000,-74.30350,50.00275
368,0.00000,-74.30350,50.00275
369,0.00000,-74.30350,50.00275
370,0.00000,-74.30350,50.00275
371,0.00000,-74.30350,50.00275
372,0.00000,-74.30350,50.00275
373,0.00000,-74.30350,50.00275
374,0.00000,-74.30350,50.00275
375,0.00000,-74.30350,50.00275
376,0.00000,-74.30350,50.00275
377,0.00000,-74.30350,50.00275
378,0.00000,-74.30350,50.00275
379,0.00000,-74.30350,50.00275
380,0.00000,-74.30350,50.00275
381,0.00000,-74.30350,50.00275
382,0.00000,-74.30350,50.00275
383,0.00000,-74.30350,50.00275
384,0.00000,-74.30350,50.00275
385,0.00000,-74.30350,50.00275
386,0.00000,-74.30350,50.00275
387,0.00000,-74.30350,50.00001
388,0.00000,-74.30350,50.00001
389,0.00000,-74.30350,50.00001
390,0.00000,-74.30350,50.00001
391,0.00000,-74.30350,50.00001
392,0.00000,-74.30350,50.00001
393,0.00000,-74.30350,50.00001
394,0.00000,-74.30350,50.00001
395,0.00000,-74.30350,50.00001
396,0.00000,-74.30350,50.00001
397,0.00000,-74.30350,50.00001
398,0.00000,-74.30350,50.00001
399,0.00000,-74.30350,50.00001
400,0.00000,-74.30350,50.00001
401,0.00000,-74.30350,50.00001
402,0.00000,-74.30350,50.00001
403,0.00000,-74.30350,50.00001
404,0.00000,-74.30350,50.00001
405,0.00000,-74.30350,50.00001
406,0.00000,-74.30350,50.00001
407,0.00000,-74.30350,50.00001
408,0.00000,-74.30350,50.00001
409,0.00000,-74.30350,50.00001
410,0.00000,-74.30350,50.00001
411,0.00000,-74.30350,50.00001
412,0.00000,-74.30350,49.99998
413,0.00000,-74.30350,49.99998
414,0.00000,-74.30350,49.99998
415,0.00000,-74.30350,49.99998
416,0.00000,-74.30350,49.99998
417,0.00000,-74.30350,49.99998
418,0.00000,-74.30350,49.99998
419,0.00000,-74.30350,49.99998
420,0.00000,-74.30350,49.99998
421,0.00000,-74.30350,49.99998
422,0.00000,-74.30350,49.99998
423,0.00000,-74.30350,49.99998
424,0.00000,-74.30350,49.99998
425,0.00000,-74.30350,49.99998
426,0.00000,-74.30350,49.99998
427,0.00000,-74.30350,49.99998
428,0.00000,-74.30350,49.99998
429,0.00000,-74.30350,49.99998
430,0.00000,-74.30350,49.99998
431,0.00000,-74.30350,49.99998
432,0.00000,-74.30350,49.99998
433,0.00000,-74.30350,49.99998
434,0.00000,-74.30350,49.99998
435,0.00000,-74.30350,49.99998
436,0.00000,-74.30350,49.99998
437,0.00000,-74.30350,49.99998
438,0.00000,-74.30350,50.00261
439,0.00000,-74.30350,50.00261
440,0.00000,-74.30350,50.00261
441,0.00000,-74.30350,50.00261
442,0.00000,-74.30350,50.00261
443,0.00000,-74.30350,50.00261
444,0.00000,-74.30350,50.00261
445,0.00000,-74.30350,50.00261
446,0.00000,-74.30350,50.00261
447,0.00000,-74.30350,50.00261
448,0.00000,-74.30350,50.00261
449,0.00000,-74.30350,50.00261
450,0.00000,-74.30350,50.00261
451,0.00000,-74.30350,50.00261
452,0.00000,-74.30350,50.00261
453,0.00000,-74.30350,50.00261
454,0.00000,-74.30350,50.00261
455,0.00000,-74.30350,50.00261
456,0.00000,-74.30350,50.00261
457,0.00000,-74.30350,50.00261
458,0.00000,-74.30350,50.00261
459,0.00000,-74.30350,50.00261
460,0.00000,-74.30350,50.00261
461,0.00000,-74.30350,50.00261
462,0.00000,-74.30350,50.00261
463,0.00000,-74.30350,50.00261
464,0.00000,-74.30350,50.00003
465,0.00000,-74.30350,50.00003
466,0.00000,-74.30350,50.00003
467,0.00000,-74.30350,50.00003
468,0.00000,-74.30350,50.00003
469,0.00000,-74.30350,50.00003
470,0.00000,-74.30350,50.00003
471,0.00000,-74.30350,50.00003
472,0.00000,-74.30350,50.00003
473,0.00000,-74.30350,50.00003
474,0.00000,-74.30350,50.00003
475,0.00000,-74.30350,50.00003
476,0.00000,-74.30350,50.00003
477,0.00000,-74.30350,50.00003
478,0.00000,-74.30350,50.00003
479,0.00000,-74.30350,50.00003
480,0.00000,-74.30350,50.00003
