bag_ptr,rejected_vertices,error
14935680,108,0
14935728,108,0
14829728,72,0
15006272,0,0
15159504,1500,0
14432512,0,0
15114416,900,0
14432640,450,0
14432688,0,0
15054336,0,0
15122768,0,0
15058992,225,0
15743440,300,0
9594368,75,0
10342304,0,0
10342352,75,0
11851168,0,0
11851600,75,0
11852560,0,0
11852992,75,0
10396832,690,0
11854352,75,0
11854496,606,0
11857088,75,0
8019824,12,0
8019968,12,0
11291936,1800,0
16856240,0,0
14279712,0,0
16866608,0,0
13083760,0,0
16879952,0,0
14315120,66,0
16874784,0,0
16956624,0,0
16957168,0,0
16957840,0,0
16983328,0,0
16983520,159,0
16930512,321,0
16930704,159,0
17451344,141,0
17451456,42,0
14460208,0,0
13148544,0,0
13148688,36,0
14394208,36,0
17677664,0,0
17527616,120,0
17567712,3390,0
17776320,2025,0
17567904,0,0
17565328,0,0
14462896,0,0
14462992,120,0
17783120,3636,0
20425264,1200,0
20425264,0,0
20425264,1200,0
18588032,0,0
18588144,0,0
17514224,204,0
17565136,0,0
14463104,168,0
18221424,0,0
