label,start_ticks,duration_ticks,frame,value
Pad,180,7943,1500,0
Update,8630,1878970,1500,0
Portal,2166953,127,1500,0
Bounds,2168456,22682,1500,0
Package_classify,2200629,2273,1500,0
Package_classify,2203359,1522,1500,0
Package_classify,2205146,628,1500,0
Package_classify,2205998,425,1500,0
Package_classify,2206660,290,1500,0
Package_create,2199250,7818,1500,0
Package_classify,2208164,1196,1500,0
Package_classify,2209691,1178,1500,0
Package_classify,2211153,1056,1500,0
Package_classify,2212533,1210,1500,0
Package_classify,2213966,1135,1500,0
Package_classify,2215407,1116,1500,0
Package_create,2207712,8952,1500,0
Package_classify,2233401,830,1500,0
Package_classify,2234615,1732,1500,0
Package_classify,2236620,1240,1500,0
Package_classify,2238092,1262,1500,0
Package_classify,2239578,221,1500,0
Package_classify,2240093,180,1500,0
Package_create,2232906,7458,1500,0
Packet_build,2243260,6732,1500,0
VIF1_DMA_wait,2250476,9208,1500,0
GIF_DMA_wait,2259892,124,1500,0
Packet_qwords,2264193,0,1500,82
VIF1_submit,2264182,5520,1500,0
Dispatch,2198899,72241,1500,0
Static_bag,2167786,103464,1500,0
Bounds,2274236,3068,1500,0
GS_FINISH_wait,2311006,12447,1500,0
Align3D,2279667,43943,1500,0
Packet_build,2333254,2677,1500,0
VIF1_DMA_wait,2336426,368,1500,0
GIF_DMA_wait,2336938,124,1500,0
Packet_qwords,2339087,0,1500,43
VIF1_submit,2339076,4492,1500,0
GS_FINISH_wait,2350408,11413,1500,0
Align3D,2344611,17366,1500,0
Dispatch,2331488,33174,1500,0
Static_bag,2273686,91016,1500,0
Bounds,2366618,3360,1500,0
GS_FINISH_wait,2375878,501,1500,0
Align3D,2371455,5086,1500,0
Packet_build,2397394,3343,1500,0
VIF1_DMA_wait,2401358,438,1500,0
GIF_DMA_wait,2401976,122,1500,0
Packet_qwords,2404587,0,1500,50
VIF1_submit,2404576,5004,1500,0
GS_FINISH_wait,2420914,9983,1500,0
Align3D,2411033,20016,1500,0
Dispatch,2395242,38515,1500,0
Static_bag,2366218,67616,1500,0
Bounds,2435944,3182,1500,0
GS_FINISH_wait,2445004,511,1500,0
Align3D,2440517,5163,1500,0
Packet_build,2455909,5506,1500,0
VIF1_DMA_wait,2461804,394,1500,0
GIF_DMA_wait,2462342,122,1500,0
Packet_qwords,2466839,0,1500,92
VIF1_submit,2466828,4636,1500,0
GS_FINISH_wait,2510740,9565,1500,0
Align3D,2472587,47909,1500,0
Dispatch,2452519,70597,1500,0
Static_bag,2435482,87674,1500,0
Bounds,2526377,8007,1500,0
Static_bag,2526070,19832,1500,0
Sky,2167396,378888,1500,0
Bounds,2550566,4968,1500,0
Static_bag,2550138,5600,1500,0
Bounds,2556442,2301,1500,0
Static_bag,2556269,2619,1500,0
Bounds,2559524,2233,1500,0
Static_bag,2559413,2487,1500,0
Bounds,2562532,2375,1500,0
Static_bag,2562312,2816,1500,0
Bounds,2565697,1988,1500,0
Static_bag,2565619,2209,1500,0
Bounds,2568495,2345,1500,0
Static_bag,2568319,2663,1500,0
Bounds,2571516,2577,1500,0
Package_classify,2586585,1137,1500,0
Package_classify,2588139,1623,1500,0
Package_classify,2589995,1354,1500,0
Package_classify,2591658,1292,1500,0
Package_classify,2593175,561,1500,0
Package_classify,2593964,1106,1500,0
Package_create,2582476,12714,1500,0
Package_classify,2596998,560,1500,0
Package_classify,2597795,403,1500,0
Package_classify,2598439,208,1500,0
Package_classify,2598920,176,1500,0
Package_classify,2599292,317,1500,0
Package_classify,2599859,289,1500,0
Package_create,2596524,3732,1500,0
Package_classify,2601788,292,1500,0
Package_classify,2602275,292,1500,0
Package_classify,2602811,1172,1500,0
Package_classify,2604178,1070,1500,0
Package_classify,2605443,182,1500,0
Package_classify,2605856,179,1500,0
Package_create,2601546,4549,1500,0
QBuffer_copy,2607002,3880,1500,0
Package_classify,2613248,612,1500,0
Package_classify,2614105,331,1500,0
Package_classify,2614631,295,1500,0
Package_classify,2615121,295,1500,0
Package_classify,2615647,1225,1500,0
Package_classify,2617074,1070,1500,0
Package_create,2612945,5259,1500,0
QBuffer_copy,2618792,2999,1500,0
Packet_build,2623580,3826,1500,0
VIF1_DMA_wait,2627906,474,1500,0
GIF_DMA_wait,2628584,122,1500,0
Packet_qwords,2631351,0,1500,50
VIF1_submit,2631340,5292,1500,0
Dispatch,2582110,55754,1500,0
Static_bag,2571392,66576,1500,0
Bounds,2639392,5144,1500,0
Static_bag,2639044,5799,1500,0
Bounds,2645433,2280,1500,0
Package_classify,2656584,1214,1500,0
Package_classify,2658277,796,1500,0
Package_classify,2659322,771,1500,0
Package_classify,2660371,760,1500,0
Package_classify,2661359,782,1500,0
Package_classify,2662373,1574,1500,0
Package_classify,2664144,1623,1500,0
Package_classify,2666047,1603,1500,0
Package_classify,2668503,1486,1500,0
Package_classify,2670186,1558,1500,0
Package_classify,2671941,1494,1500,0
Package_classify,2673716,1493,1500,0
Package_classify,2675445,1480,1500,0
Package_classify,2677122,1576,1500,0
Package_classify,2678898,1491,1500,0
Package_classify,2680619,1510,1500,0
Package_classify,2682909,1582,1500,0
Package_classify,2684721,1631,1500,0
Package_classify,2686663,1635,1500,0
Package_classify,2688495,1191,1500,0
Package_classify,2689913,12739,1500,0
Package_classify,2703328,1062,1500,0
Package_create,2655202,49352,1500,0
Packet_build,2711298,9437,1500,0
VIF1_DMA_wait,2721070,442,1500,0
GIF_DMA_wait,2721656,122,1500,0
Packet_qwords,2728433,0,1500,141
VIF1_submit,2728422,5452,1500,0
Packet_build,2736418,1702,1500,0
VIF1_DMA_wait,2738385,71405,1500,0
GIF_DMA_wait,2809935,40,1500,0
Packet_qwords,2810881,0,1500,8
VIF1_submit,2810871,4086,1500,0
Dispatch,2654905,160965,1500,0
Static_bag,2645310,170649,1500,0
Bounds,2817244,4878,1500,0
Static_bag,2816794,5645,1500,0
Bounds,2823084,2007,1500,0
Static_bag,2822911,2489,1500,0
Bounds,2825930,1942,1500,0
Static_bag,2825801,2355,1500,0
Bounds,2828806,2172,1500,0
Static_bag,2828677,2557,1500,0
Bounds,2831784,2368,1500,0
Package_classify,2844953,16665,1500,0
Package_classify,2862265,940,1500,0
Package_classify,2863409,692,1500,0
Package_classify,2864298,689,1500,0
Package_classify,2865230,727,1500,0
Package_classify,2866154,707,1500,0
Package_classify,2867103,1825,1500,0
Package_classify,2869247,1546,1500,0
Package_classify,2871700,795,1500,0
Package_classify,2872799,1576,1500,0
Package_classify,2874689,1513,1500,0
Package_classify,2876465,1473,1500,0
Package_classify,2878282,1485,1500,0
Package_classify,2880044,855,1500,0
Package_create,2841982,39122,1500,0
Packet_build,2885596,5232,1500,0
VIF1_DMA_wait,2891188,436,1500,0
GIF_DMA_wait,2891842,124,1500,0
Packet_qwords,2895933,0,1500,78
VIF1_submit,2895922,5212,1500,0
Dispatch,2841610,60770,1500,0
Static_bag,2831707,70713,1500,0
Bounds,2904428,5366,1500,0
Static_bag,2903818,6261,1500,0
Bounds,2910675,1934,1500,0
Static_bag,2910503,2385,1500,0
Bounds,2913550,2190,1500,0
Package_classify,2925480,1197,1500,0
Package_classify,2927338,1602,1500,0
Package_classify,2929140,1436,1500,0
Package_classify,2930773,1445,1500,0
Package_classify,2932510,1420,1500,0
Package_classify,2934146,1443,1500,0
Package_classify,2935786,1575,1500,0
Package_classify,2937689,1477,1500,0
Package_classify,2939839,777,1500,0
Package_classify,2940813,1420,1500,0
Package_classify,2942430,783,1500,0
Package_classify,2943455,840,1500,0
Package_classify,2944558,762,1500,0
Package_classify,2945517,808,1500,0
Package_classify,2946556,806,1500,0
Package_classify,2947591,896,1500,0
Package_create,2924248,25595,1500,0
Package_classify,2951286,1187,1500,0
Package_classify,2952695,1077,1500,0
Package_classify,2953966,298,1500,0
Package_classify,2954516,295,1500,0
Package_classify,2955005,337,1500,0
Package_classify,2955593,292,1500,0
Package_create,2950842,5109,1500,0
QBuffer_copy,2957420,3524,1500,0
Package_classify,2963438,661,1500,0
Package_classify,2964337,329,1500,0
Package_classify,2964895,1302,1500,0
Package_classify,2966391,1072,1500,0
Package_classify,2967657,301,1500,0
Package_classify,2968203,295,1500,0
Package_create,2963159,5399,1500,0
QBuffer_copy,2969065,2976,1500,0
Package_classify,2973333,641,1500,0
Package_classify,2974219,339,1500,0
Package_classify,2974752,292,1500,0
Package_classify,2975269,292,1500,0
Package_classify,2975755,1291,1500,0
Package_classify,2977247,1072,1500,0
Package_create,2973129,5250,1500,0
QBuffer_copy,2978888,3323,1500,0
Package_classify,2983856,715,1500,0
Package_classify,2984815,329,1500,0
Package_classify,2985381,354,1500,0
Package_classify,2985972,295,1500,0
Package_classify,2986461,1264,1500,0
Package_classify,2987976,1090,1500,0
Package_create,2983606,5520,1500,0
Package_classify,2991330,1360,1500,0
Package_classify,2992936,1070,1500,0
Package_classify,2994200,375,1500,0
Package_classify,2994816,298,1500,0
Package_classify,2995349,354,1500,0
Package_classify,2995904,295,1500,0
Package_create,2991126,5133,1500,0
QBuffer_copy,2996906,2987,1500,0
Package_classify,3001436,907,1500,0
Package_classify,3002587,509,1500,0
Package_classify,3003290,13092,1500,0
Package_classify,3017131,1674,1500,0
Package_classify,3019034,416,1500,0
Package_classify,3019733,292,1500,0
Package_create,3001185,18975,1500,0
QBuffer_copy,3021275,3553,1500,0
Package_classify,3026869,722,1500,0
Package_classify,3027929,331,1500,0
Package_classify,3028454,526,1500,0
Package_classify,3029174,465,1500,0
Package_classify,3029863,1357,1500,0
Package_classify,3031457,1175,1500,0
Package_create,3026592,6100,1500,0
QBuffer_copy,3033259,3092,1500,0
Package_classify,3037902,1670,1500,0
Package_classify,3039858,1254,1500,0
Package_classify,3041306,375,1500,0
Package_classify,3041919,295,1500,0
Package_classify,3042408,353,1500,0
Package_classify,3042962,295,1500,0
Package_create,3037564,5786,1500,0
QBuffer_copy,3043891,3087,1500,0
Packet_build,3048778,8372,1500,0
VIF1_DMA_wait,3057740,438,1500,0
GIF_DMA_wait,3058306,124,1500,0
Packet_qwords,3063009,0,1500,92
VIF1_submit,3062998,5292,1500,0
Dispatch,2923924,145544,1500,0
Static_bag,2913473,156129,1500,0
Bounds,3071246,5194,1500,0
Static_bag,3070816,5849,1500,0
Bounds,3077262,2478,1500,0
Package_classify,3089328,2076,1500,0
Package_classify,3091779,1416,1500,0
Package_classify,3093395,1400,1500,0
Package_classify,3094992,1393,1500,0
Package_classify,3096710,1433,1500,0
Package_classify,3098340,1449,1500,0
Package_classify,3100043,1527,1500,0
Package_classify,3101893,1073,1500,0
Package_create,3087610,18861,1500,0
Packet_build,3112642,9086,1500,0
VIF1_DMA_wait,3122126,374,1500,0
GIF_DMA_wait,3122644,124,1500,0
Packet_qwords,3129371,0,1500,141
VIF1_submit,3129360,5188,1500,0
Packet_build,3138720,4359,1500,0
VIF1_DMA_wait,3143439,60183,1500,0
GIF_DMA_wait,3203806,186,1500,0
Packet_qwords,3207273,0,1500,43
VIF1_submit,3207262,4750,1500,0
Dispatch,3087274,126002,1500,0
Static_bag,3077126,136269,1500,0
Bounds,3215278,5370,1500,0
Static_bag,3214678,6185,1500,0
Bounds,3221481,2430,1500,0
Package_classify,3235635,2199,1500,0
Package_classify,3238157,1460,1500,0
Package_classify,3239855,1479,1500,0
Package_classify,3241531,1081,1500,0
Package_classify,3242846,1445,1500,0
Package_classify,3244489,1452,1500,0
Package_classify,3246138,1486,1500,0
Package_classify,3247855,1473,1500,0
Package_classify,3250118,1483,1500,0
Package_classify,3251887,1572,1500,0
Package_classify,3253693,1501,1500,0
Package_classify,3255391,1459,1500,0
Package_classify,3257134,1464,1500,0
Package_classify,3258842,1260,1500,0
Package_create,3232198,28016,1500,0
Packet_build,3265848,9514,1500,0
VIF1_DMA_wait,3275636,438,1500,0
GIF_DMA_wait,3276166,124,1500,0
Packet_qwords,3283041,0,1500,141
VIF1_submit,3283030,5064,1500,0
Packet_build,3292070,4117,1500,0
VIF1_DMA_wait,3296547,76173,1500,0
GIF_DMA_wait,3372958,204,1500,0
Packet_qwords,3376407,0,1500,43
VIF1_submit,3376396,4752,1500,0
Dispatch,3231880,150356,1500,0
Static_bag,3221309,160967,1500,0
Bounds,3384218,5570,1500,0
Static_bag,3383580,6423,1500,0
Bounds,3390552,1937,1500,0
Static_bag,3390425,2205,1500,0
Bounds,3393330,1868,1500,0
Static_bag,3393253,2173,1500,0
Bounds,3395946,2631,1500,0
Packet_build,3409602,9238,1500,0
VIF1_DMA_wait,3419308,383,1500,0
GIF_DMA_wait,3419818,124,1500,0
Packet_qwords,3426561,0,1500,141
VIF1_submit,3426550,5058,1500,0
Packet_build,3435563,4420,1500,0
VIF1_DMA_wait,3440295,60273,1500,0
GIF_DMA_wait,3500850,202,1500,0
Packet_qwords,3504303,0,1500,43
VIF1_submit,3504292,4812,1500,0
Dispatch,3404806,105552,1500,0
Static_bag,3395869,114529,1500,0
Terrain,2546504,964738,1500,0
Bounds,3513356,5306,1500,0
Static_bag,3512928,6001,1500,0
Bounds,3519806,2603,1500,0
Static_bag,3519618,3018,1500,0
Bounds,3523509,2324,1500,0
Package_classify,3536201,2044,1500,0
Package_classify,3538661,1218,1500,0
Package_classify,3540069,1133,1500,0
Package_classify,3541442,1124,1500,0
Package_create,3535606,7022,1500,0
QBuffer_copy,3544028,3034,1500,0
Packet_build,3550066,4052,1500,0
VIF1_DMA_wait,3554476,430,1500,0
GIF_DMA_wait,3554994,124,1500,0
Packet_qwords,3557523,0,1500,46
VIF1_submit,3557512,5094,1500,0
Dispatch,3535228,28756,1500,0
Static_bag,3523363,40661,1500,0
Bounds,3565473,4856,1500,0
Static_bag,3565084,5549,1500,0
Bounds,3571452,2252,1500,0
Static_bag,3571213,2681,1500,0
Bounds,3574696,1918,1500,0
Static_bag,3574476,2322,1500,0
Bounds,3577658,2534,1500,0
Static_bag,3577493,2841,1500,0
Bounds,3581162,1921,1500,0
Static_bag,3581046,2258,1500,0
Static_batches,3511479,72137,1500,0
Bounds,3584542,2072,1500,0
Static_bag,3584311,2569,1500,0
Bounds,3587349,1939,1500,0
Static_bag,3587178,2328,1500,0
Bounds,3589971,2039,1500,0
Static_bag,3589800,2400,1500,0
Bounds,3592800,2200,1500,0
Static_bag,3592574,2658,1500,0
Bounds,3595776,2517,1500,0
Static_bag,3595562,2922,1500,0
Bounds,3598998,2217,1500,0
Static_bag,3598782,2670,1500,0
Bounds,3601974,1923,1500,0
Static_bag,3601728,2388,1500,0
Bounds,3604626,1887,1500,0
Static_bag,3604386,2312,1500,0
Bounds,3607266,2037,1500,0
Static_bag,3607046,2448,1500,0
Bounds,3610026,1857,1500,0
Static_bag,3609810,2298,1500,0
Bounds,3612654,2231,1500,0
Static_bag,3612402,2702,1500,0
Bounds,3615676,2087,1500,0
Static_bag,3615422,2532,1500,0
Bounds,3618496,2167,1500,0
Static_bag,3618246,2610,1500,0
Bounds,3621408,2149,1500,0
Static_bag,3621186,2558,1500,0
Bounds,3624348,13686,1500,0
Static_bag,3624086,14309,1500,0
Bounds,3639178,3958,1500,0
Static_bag,3638750,4660,1500,0
Bounds,3644020,2478,1500,0
Static_bag,3643818,2930,1500,0
Bounds,3647244,2074,1500,0
Static_bag,3647054,2506,1500,0
Bounds,3650018,2229,1500,0
Static_bag,3649862,2604,1500,0
Bounds,3652999,1980,1500,0
Static_bag,3652842,2280,1500,0
Bounds,3655584,2255,1500,0
Package_classify,3669125,1245,1500,0
Package_classify,3670771,5991,1500,0
Package_classify,3677008,859,1500,0
Package_classify,3678063,689,1500,0
Package_classify,3679022,673,1500,0
Package_classify,3679891,679,1500,0
Package_classify,3680766,1703,1500,0
Package_classify,3682753,726,1500,0
Package_classify,3684252,1494,1500,0
Package_classify,3685941,744,1500,0
Package_classify,3686971,1452,1500,0
Package_classify,3688619,670,1500,0
Package_classify,3689516,1385,1500,0
Package_classify,3691180,671,1500,0
Package_classify,3692047,1394,1500,0
Package_classify,3693679,1432,1500,0
Package_classify,3695878,1401,1500,0
Package_classify,3697474,1443,1500,0
Package_classify,3699113,1394,1500,0
Package_classify,3700744,1490,1500,0
Package_classify,3702560,1427,1500,0
Package_classify,3704183,1413,1500,0
Package_classify,3705792,1387,1500,0
Package_classify,3707489,1105,1500,0
Package_create,3667624,41082,1500,0
Packet_build,3715150,10268,1500,0
VIF1_DMA_wait,3725930,468,1500,0
GIF_DMA_wait,3726526,124,1500,0
Packet_qwords,3732771,0,1500,127
VIF1_submit,3732760,5226,1500,0
Dispatch,3667264,72038,1500,0
Static_bag,3655434,83908,1500,0
Bounds,3740706,5993,1500,0
Package_classify,3758831,2583,1500,0
Package_classify,3761829,1167,1500,0
Package_classify,3763194,1523,1500,0
Package_classify,3765006,1196,1500,0
Package_classify,3766437,1169,1500,0
Package_classify,3767804,1161,1500,0
Package_classify,3769223,1272,1500,0
Package_classify,3770725,1192,1500,0
Package_create,3757342,18309,1500,0
Packet_build,3781304,24028,1500,0
VIF1_DMA_wait,3805810,478,1500,0
GIF_DMA_wait,3806416,124,1500,0
Packet_qwords,3813287,0,1500,141
VIF1_submit,3813276,5260,1500,0
Packet_build,3823854,5632,1500,0
VIF1_DMA_wait,3829893,57516,1500,0
GIF_DMA_wait,3887509,38,1500,0
Packet_qwords,3890701,0,1500,57
VIF1_submit,3890691,4416,1500,0
Dispatch,3757006,139278,1500,0
Static_bag,3740188,156136,1500,0
Bounds,3897928,6120,1500,0
Packet_build,3917410,9325,1500,0
VIF1_DMA_wait,3927094,383,1500,0
GIF_DMA_wait,3927532,124,1500,0
Packet_qwords,3934287,0,1500,141
VIF1_submit,3934276,5088,1500,0
Packet_build,3956774,6591,1500,0
VIF1_DMA_wait,3963974,44502,1500,0
GIF_DMA_wait,4008580,178,1500,0
Packet_qwords,4012263,0,1500,57
VIF1_submit,4012252,5148,1500,0
Dispatch,3912466,106180,1500,0
Static_bag,3897196,121490,1500,0
Bounds,4019998,6084,1500,0
Packet_build,4038922,9373,1500,0
VIF1_DMA_wait,4048732,319,1500,0
GIF_DMA_wait,4049106,154,1500,0
Packet_qwords,4066985,0,1500,141
VIF1_submit,4066974,5428,1500,0
Packet_build,4077194,6501,1500,0
VIF1_DMA_wait,4084424,56914,1500,0
GIF_DMA_wait,4141576,252,1500,0
Packet_qwords,4145697,0,1500,57
VIF1_submit,4145686,4854,1500,0
Dispatch,4033566,118346,1500,0
Static_bag,4019538,132414,1500,0
Bounds,4153336,6294,1500,0
Packet_build,4172618,9597,1500,0
VIF1_DMA_wait,4182646,319,1500,0
GIF_DMA_wait,4183020,124,1500,0
Packet_qwords,4189829,0,1500,141
VIF1_submit,4189818,5104,1500,0
Packet_build,4199382,5884,1500,0
VIF1_DMA_wait,4205619,60693,1500,0
GIF_DMA_wait,4266550,204,1500,0
Packet_qwords,4270605,0,1500,57
VIF1_submit,4270594,4926,1500,0
Dispatch,4167628,109210,1500,0
Static_bag,4152784,124094,1500,0
Bounds,4278328,6138,1500,0
Packet_build,4301908,10549,1500,0
VIF1_DMA_wait,4312960,383,1500,0
GIF_DMA_wait,4313398,124,1500,0
Packet_qwords,4320081,0,1500,141
VIF1_submit,4320070,5022,1500,0
Packet_build,4331651,6881,1500,0
VIF1_DMA_wait,4338831,55409,1500,0
GIF_DMA_wait,4394341,40,1500,0
Packet_qwords,4397593,0,1500,57
VIF1_submit,4397583,4435,1500,0
Dispatch,4292794,110157,1500,0
Static_bag,4277824,125167,1500,0
Bounds,4404170,5851,1500,0
Packet_build,4436194,9307,1500,0
VIF1_DMA_wait,4445944,430,1500,0
GIF_DMA_wait,4446512,122,1500,0
Packet_qwords,4453335,0,1500,141
VIF1_submit,4453324,5454,1500,0
Packet_build,4463189,5765,1500,0
VIF1_DMA_wait,4469307,58289,1500,0
GIF_DMA_wait,4527697,40,1500,0
Packet_qwords,4530961,0,1500,57
VIF1_submit,4530951,4404,1500,0
Dispatch,4430862,105672,1500,0
Static_bag,4403728,132846,1500,0
Bounds,4538008,6174,1500,0
Packet_build,4557058,9061,1500,0
VIF1_DMA_wait,4566568,325,1500,0
GIF_DMA_wait,4566999,125,1500,0
Packet_qwords,4585235,0,1500,141
VIF1_submit,4585224,5434,1500,0
Packet_build,4595432,6255,1500,0
VIF1_DMA_wait,4602142,64112,1500,0
GIF_DMA_wait,4666536,194,1500,0
Packet_qwords,4670571,0,1500,57
VIF1_submit,4670560,4914,1500,0
Dispatch,4551718,125060,1500,0
Static_bag,4537426,139392,1500,0
Bounds,4678174,6156,1500,0
Packet_build,4697102,9501,1500,0
VIF1_DMA_wait,4707056,327,1500,0
GIF_DMA_wait,4707490,124,1500,0
Packet_qwords,4714323,0,1500,141
VIF1_submit,4714312,4950,1500,0
Packet_build,4723752,19260,1500,0
VIF1_DMA_wait,4743602,44664,1500,0
GIF_DMA_wait,4788376,172,1500,0
Packet_qwords,4792065,0,1500,57
VIF1_submit,4792054,4992,1500,0
Dispatch,4692102,106200,1500,0
Static_bag,4677676,120666,1500,0
Bounds,4799626,6408,1500,0
Packet_build,4819070,9165,1500,0
VIF1_DMA_wait,4828780,325,1500,0
GIF_DMA_wait,4829209,123,1500,0
Packet_qwords,4835967,0,1500,141
VIF1_submit,4835956,5190,1500,0
Packet_build,4845708,5482,1500,0
VIF1_DMA_wait,4851543,58545,1500,0
GIF_DMA_wait,4910322,190,1500,0
Packet_qwords,4914537,0,1500,57
VIF1_submit,4914526,4896,1500,0
Dispatch,4813980,106734,1500,0
Static_bag,4799158,121650,1500,0
Bounds,4922146,6186,1500,0
Packet_build,4941404,9417,1500,0
VIF1_DMA_wait,4951298,321,1500,0
GIF_DMA_wait,4951674,124,1500,0
Packet_qwords,4958433,0,1500,141
VIF1_submit,4958422,5100,1500,0
Packet_build,4967891,5651,1500,0
VIF1_DMA_wait,4973895,58379,1500,0
GIF_DMA_wait,5032375,40,1500,0
Packet_qwords,5035717,0,1500,57
VIF1_submit,5035707,15387,1500,0
Dispatch,4936132,116422,1500,0
Static_bag,4921600,131082,1500,0
Bounds,5053990,6146,1500,0
Package_classify,5073543,1649,1500,0
Package_classify,5075650,1149,1500,0
Package_classify,5077063,1108,1500,0
Package_classify,5078372,1463,1500,0
Package_create,5070070,9900,1500,0
Packet_build,5085182,7365,1500,0
VIF1_DMA_wait,5092894,406,1500,0
GIF_DMA_wait,5093392,124,1500,0
Packet_qwords,5099007,0,1500,113
VIF1_submit,5098996,5208,1500,0
Dispatch,5069734,35685,1500,0
Static_bag,5053492,52017,1500,0
Bounds,5106728,5919,1500,0
Package_classify,5124947,2811,1500,0
Package_classify,5128188,831,1500,0
Package_classify,5129225,780,1500,0
Package_create,5123536,6672,1500,0
Packet_build,5132686,2387,1500,0
VIF1_DMA_wait,5135536,19594,1500,0
GIF_DMA_wait,5155222,178,1500,0
Packet_qwords,5157351,0,1500,36
VIF1_submit,5157340,4902,1500,0
Dispatch,5123221,39782,1500,0
Static_bag,5106304,56739,1500,0
Bounds,5164120,5520,1500,0
Static_bag,5163658,6329,1500,0
Bounds,5170454,1934,1500,0
Static_bag,5170298,2320,1500,0
Bounds,5173057,1959,1500,0
Static_bag,5172906,2252,1500,0
Bounds,5175724,1856,1500,0
Static_bag,5175516,2234,1500,0
Bounds,5178220,1866,1500,0
Static_bag,5178062,2238,1500,0
Bounds,5180725,1671,1500,0
Static_bag,5180568,1970,1500,0
Bounds,5183004,1710,1500,0
Static_bag,5182848,2036,1500,0
Bounds,5185360,1844,1500,0
Static_bag,5185188,2204,1500,0
Bounds,5187944,1930,1500,0
Static_bag,5187728,2290,1500,0
Bounds,5190522,1976,1500,0
Static_bag,5190320,2364,1500,0
Bounds,5193192,14760,1500,0
Static_bag,5193026,15265,1500,0
Bounds,5209136,2469,1500,0
Static_bag,5208824,2922,1500,0
Bounds,5212289,1886,1500,0
Static_bag,5212080,2282,1500,0
Bounds,5214867,1834,1500,0
Static_bag,5214702,2192,1500,0
Bounds,5217446,1902,1500,0
Static_bag,5217276,2216,1500,0
Bounds,5219976,2060,1500,0
Static_bag,5219804,2376,1500,0
Bounds,5222732,1863,1500,0
Static_bag,5222508,2228,1500,0
Bounds,5225280,1774,1500,0
Static_bag,5225107,2185,1500,0
Bounds,5227744,1902,1500,0
Static_bag,5227590,2246,1500,0
Bounds,5230371,2103,1500,0
Static_bag,5230200,2450,1500,0
Bounds,5233110,2224,1500,0
Static_bag,5232954,2568,1500,0
Bounds,5235984,2230,1500,0
Static_bag,5235810,2576,1500,0
Bounds,5238878,2017,1500,0
Static_bag,5238714,2354,1500,0
Bounds,5241592,1923,1500,0
Static_bag,5241384,2274,1500,0
Bounds,5244210,2051,1500,0
Static_bag,5244052,2350,1500,0
Bounds,5246872,2113,1500,0
Static_bag,5246720,2460,1500,0
Bounds,5249636,1847,1500,0
Static_bag,5249480,2146,1500,0
Bounds,5252167,1763,1500,0
Static_bag,5252010,2064,1500,0
Bounds,5254556,1733,1500,0
Static_bag,5254400,2152,1500,0
Bounds,5265384,3902,1500,0
Static_bag,5256852,12759,1500,0
Bounds,5270308,2082,1500,0
Static_bag,5270090,2442,1500,0
Bounds,5273050,2092,1500,0
Static_bag,5272850,2478,1500,0
Bounds,5275831,1909,1500,0
Static_bag,5275674,2244,1500,0
Bounds,5278404,1889,1500,0
Static_bag,5278248,2240,1500,0
Bounds,5280976,1949,1500,0
Static_bag,5280818,2250,1500,0
Bounds,5283628,1727,1500,0
Static_bag,5283480,2018,1500,0
Bounds,5286007,1831,1500,0
Static_bag,5285856,2172,1500,0
Bounds,5288460,1730,1500,0
Static_bag,5288310,2024,1500,0
Bounds,5290852,2163,1500,0
Static_bag,5290656,2550,1500,0
Bounds,5293724,2185,1500,0
Static_bag,5293496,2586,1500,0
Bounds,5296668,2365,1500,0
Package_classify,5312655,2195,1500,0
Package_classify,5315307,676,1500,0
Package_classify,5316230,1433,1500,0
Package_classify,5317860,760,1500,0
Package_classify,5319019,1447,1500,0
Package_classify,5320748,1485,1500,0
Package_classify,5322469,1422,1500,0
Package_classify,5324133,658,1500,0
Package_create,5308384,16572,1500,0
Packet_build,5328796,4099,1500,0
VIF1_DMA_wait,5333252,444,1500,0
GIF_DMA_wait,5333918,122,1500,0
Packet_qwords,5337375,0,1500,64
VIF1_submit,5337364,5124,1500,0
Dispatch,5308048,35782,1500,0
Static_bag,5296446,47493,1500,0
Bounds,5345232,18752,1500,0
Package_classify,5375747,2361,1500,0
Package_classify,5378654,1513,1500,0
Package_classify,5380476,1515,1500,0
Package_classify,5382284,1535,1500,0
Package_classify,5384208,1519,1500,0
Package_classify,5386050,1515,1500,0
Package_classify,5387904,1515,1500,0
Package_classify,5389824,1557,1500,0
Package_classify,5392326,1525,1500,0
Package_classify,5394192,1545,1500,0
Package_classify,5396172,1073,1500,0
Package_classify,5397442,1521,1500,0
Package_classify,5399328,1501,1500,0
Package_classify,5401164,1491,1500,0
Package_classify,5403006,1497,1500,0
Package_classify,5404860,1071,1500,0
Package_classify,5406666,1497,1500,0
Package_classify,5408544,1079,1500,0
Package_classify,5409820,1148,1500,0
Package_classify,5411165,1166,1500,0
Package_classify,5412709,1159,1500,0
Package_classify,5414210,1070,1500,0
Package_classify,5415477,1061,1500,0
Package_classify,5416805,1066,1500,0
Package_create,5374258,44597,1500,0
Packet_build,5424632,9578,1500,0
VIF1_DMA_wait,5434468,454,1500,0
GIF_DMA_wait,5435066,122,1500,0
Packet_qwords,5441951,0,1500,141
VIF1_submit,5441940,5260,1500,0
Packet_build,5452158,5486,1500,0
VIF1_DMA_wait,5457937,60629,1500,0
GIF_DMA_wait,5518794,190,1500,0
Packet_qwords,5523273,0,1500,64
VIF1_submit,5523262,4842,1500,0
Dispatch,5373868,155576,1500,0
Static_bag,5344648,184896,1500,0
Bounds,5531036,6116,1500,0
Packet_build,5551862,13377,1500,0
VIF1_DMA_wait,5565812,397,1500,0
GIF_DMA_wait,5566264,124,1500,0
Packet_qwords,5572983,0,1500,141
VIF1_submit,5572972,5232,1500,0
Packet_build,5583017,5769,1500,0
VIF1_DMA_wait,5589021,58015,1500,0
GIF_DMA_wait,5647137,40,1500,0
Packet_qwords,5650735,0,1500,64
VIF1_submit,5650725,4357,1500,0
Dispatch,5546806,109271,1500,0
Static_bag,5530468,125683,1500,0
Bounds,5657253,18783,1500,0
Packet_build,5692960,11412,1500,0
VIF1_DMA_wait,5704838,470,1500,0
GIF_DMA_wait,5705402,122,1500,0
Packet_qwords,5712291,0,1500,141
VIF1_submit,5712280,5346,1500,0
Packet_build,5723249,4885,1500,0
VIF1_DMA_wait,5728495,57915,1500,0
GIF_DMA_wait,5786589,40,1500,0
Packet_qwords,5789977,0,1500,57
VIF1_submit,5789967,4321,1500,0
Dispatch,5685340,110084,1500,0
Static_bag,5656786,138743,1500,0
Bounds,5796964,5676,1500,0
Static_bag,5796496,6557,1500,0
Bounds,5803594,2379,1500,0
Static_bag,5803419,2811,1500,0
Bounds,5806964,2050,1500,0
Static_bag,5806652,2554,1500,0
Bounds,5809681,2274,1500,0
Static_bag,5809508,2590,1500,0
Bounds,5812656,2089,1500,0
Static_bag,5812440,2516,1500,0
Bounds,5815612,2067,1500,0
Static_bag,5815352,2470,1500,0
Bounds,5818328,14700,1500,0
Static_bag,5818157,15178,1500,0
Bounds,5834134,3391,1500,0
Package_create,5847280,4863,1500,0
Dispatch,5846908,6853,1500,0
Static_bag,5833808,19993,1500,0
Bounds,5854442,14698,1500,0
Static_bag,5854230,15225,1500,0
Bounds,5870132,2245,1500,0
Static_bag,5869874,2754,1500,0
Bounds,5873046,1910,1500,0
Static_bag,5872896,2252,1500,0
Bounds,5875680,1950,1500,0
Static_bag,5875484,2290,1500,0
Bounds,5878252,1784,1500,0
Static_bag,5878082,2148,1500,0
Procedural,3583736,2296768,1500,0
Bounds,5887601,3511,1500,0
Package_classify,5901887,2194,1500,0
Package_classify,5904536,1201,1500,0
Package_create,5901244,4555,1500,0
QBuffer_copy,5907068,3602,1500,0
Packet_build,5912582,2588,1500,0
VIF1_DMA_wait,5915672,470,1500,0
GIF_DMA_wait,5916272,122,1500,0
Packet_qwords,5918409,0,1500,34
VIF1_submit,5918398,5040,1500,0
Dispatch,5900848,23902,1500,0
Static_bag,5887192,37640,1500,0
Object,5886932,38392,1500,4
Bounds,5936444,4862,1500,0
Static_bag,5935998,5649,1500,0
Object,5935630,6692,1500,8
Bounds,5945021,3050,1500,0
Static_bag,5944684,3580,1500,0
Object,5944611,3947,1500,9
Bounds,5950983,2614,1500,0
Static_bag,5950786,2990,1500,0
Object,5950607,3535,1500,10
Bounds,5956417,2744,1500,0
Static_bag,5956242,3098,1500,0
Object,5956121,3571,1500,11
Object,5960339,70,1500,12
Object,5960841,106,1500,13
Object,5961437,58,1500,14
Object,5961959,122,1500,15
Object,5962487,106,1500,16
Object,5963211,88,1500,17
Object,5963699,58,1500,18
Object,5964197,106,1500,19
Object,5964779,74,1500,20
Object,5965289,68,1500,21
Object,5965745,58,1500,22
Bounds,5967020,3360,1500,0
Static_bag,5966718,3912,1500,0
Object,5966553,4306,1500,27
Bounds,5971983,2259,1500,0
Static_bag,5971798,2620,1500,0
Object,5971581,3010,1500,30
Bounds,5988126,3912,1500,0
Static_bag,5976326,16067,1500,0
Object,5976071,16795,1500,32
Bounds,5995801,2597,1500,0
Static_bag,5995538,3046,1500,0
Object,5995232,3503,1500,34
Bounds,6000536,2341,1500,0
Static_bag,6000330,2676,1500,0
Object,6000194,3040,1500,36
Bounds,6007040,2488,1500,0
Static_bag,6006840,2880,1500,0
Object,6006615,3334,1500,42
Bounds,6013691,3613,1500,0
Package_classify,6030281,1245,1500,0
Package_classify,6032038,667,1500,0
Package_classify,6032901,672,1500,0
Package_classify,6033769,737,1500,0
Package_classify,6034868,1546,1500,0
Package_classify,6036640,1389,1500,0
Package_create,6028678,9464,1500,0
Packet_build,6040934,2631,1500,0
VIF1_DMA_wait,6043880,432,1500,0
GIF_DMA_wait,6044440,124,1500,0
Packet_qwords,6046683,0,1500,43
VIF1_submit,6046672,5040,1500,0
Dispatch,6028330,24706,1500,0
Static_bag,6013482,39654,1500,0
Bounds,6054548,5439,1500,0
Package_classify,6071723,1237,1500,0
Package_classify,6073456,767,1500,0
Package_classify,6074508,819,1500,0
Package_classify,6075523,777,1500,0
Package_classify,6076540,822,1500,0
Package_classify,6077600,751,1500,0
Package_classify,6078547,770,1500,0
Package_classify,6079547,1710,1500,0
Package_classify,6082054,785,1500,0
Package_classify,6083086,898,1500,0
Package_classify,6084216,864,1500,0
Package_classify,6085320,1673,1500,0
Package_classify,6087330,1491,1500,0
Package_classify,6089017,1482,1500,0
Package_classify,6090699,1363,1500,0
Package_create,6070212,22000,1500,0
Packet_build,6095776,4225,1500,0
VIF1_DMA_wait,6100382,462,1500,0
GIF_DMA_wait,6101048,122,1500,0
Packet_qwords,6104481,0,1500,64
VIF1_submit,6104470,4968,1500,0
Dispatch,6069893,40760,1500,0
Static_bag,6054034,56659,1500,0
Bounds,6111884,5724,1500,0
Static_bag,6111390,6687,1500,0
Bounds,6118508,1856,1500,0
Static_bag,6118321,2185,1500,0
Bounds,6120888,2207,1500,0
Package_classify,6147617,1273,1500,0
Package_classify,6149319,665,1500,0
Package_classify,6150180,662,1500,0
Package_classify,6151111,1768,1500,0
Package_create,6145840,7158,1500,0
Packet_build,6155266,2257,1500,0
VIF1_DMA_wait,6157924,448,1500,0
GIF_DMA_wait,6158516,122,1500,0
Packet_qwords,6160521,0,1500,36
VIF1_submit,6160510,5172,1500,0
Dispatch,6145494,21602,1500,0
Static_bag,6120706,46430,1500,0
Object,6013389,154329,1500,43
Bounds,6172538,4880,1500,0
Static_bag,6172060,5607,1500,0
Object,6171716,6127,1500,52
Bounds,6182312,3044,1500,0
Static_bag,6181968,3564,1500,0
Object,6181791,3839,1500,60
Bounds,6187248,2337,1500,0
Static_bag,6186990,2822,1500,0
Object,6186842,3127,1500,61
Bounds,6191461,2493,1500,0
Static_bag,6191278,2804,1500,0
Object,6191170,2981,1500,62
Bounds,6195674,2293,1500,0
Static_bag,6195448,2648,1500,0
Object,6195272,2933,1500,63
Bounds,6199612,2469,1500,0
Static_bag,6199386,2874,1500,0
Object,6199277,3096,1500,64
Bounds,6203841,2160,1500,0
Static_bag,6203556,2658,1500,0
Object,6203445,2904,1500,65
Bounds,6207904,2273,1500,0
Static_bag,6207754,2600,1500,0
Object,6207609,2928,1500,66
Bounds,6211866,2467,1500,0
Static_bag,6211674,2822,1500,0
Object,6211510,3088,1500,67
Bounds,6217393,2276,1500,0
Static_bag,6217122,2754,1500,0
Bounds,6220183,1709,1500,0
Static_bag,6219970,2066,1500,0
Object,6217011,5184,1500,70
Bounds,6223834,2661,1500,0
Static_bag,6223618,3112,1500,0
Bounds,6227152,2059,1500,0
Static_bag,6226933,2467,1500,0
Object,6223468,6079,1500,71
Bounds,6231548,2773,1500,0
Static_bag,6231287,3235,1500,0
Bounds,6234922,1819,1500,0
Static_bag,6234723,2189,1500,0
Object,6231117,5976,1500,73
Bounds,6242934,3104,1500,0
Package_classify,6256787,1508,1500,0
Package_classify,6258820,820,1500,0
Package_classify,6259832,862,1500,0
Package_classify,6260881,792,1500,0
Package_classify,6261897,853,1500,0
Package_classify,6262966,792,1500,0
Package_classify,6263945,851,1500,0
Package_classify,6265097,792,1500,0
Package_create,6256204,9791,1500,0
QBuffer_copy,6267180,5002,1500,0
QBuffer_copy,6273985,4127,1500,0
QBuffer_copy,6279248,3194,1500,0
Packet_build,6283994,3982,1500,0
VIF1_DMA_wait,6299714,486,1500,0
GIF_DMA_wait,6300572,122,1500,0
Packet_qwords,6303567,0,1500,50
VIF1_submit,6303556,5196,1500,0
Dispatch,6255790,54518,1500,0
Static_bag,6242736,67668,1500,0
Bounds,6311758,5882,1500,0
Packet_build,6329548,4026,1500,0
Dispatch,6326398,7533,1500,0
Static_bag,6311358,22613,1500,0
Bounds,6334810,4095,1500,0
Packet_build,6348596,1527,1500,0
Dispatch,6346937,3617,1500,0
Static_bag,6334564,16030,1500,0
Object,6242589,108357,1500,78
Bounds,6355778,4400,1500,0
Packet_build,6369086,1993,1500,0
Dispatch,6367506,4006,1500,0
Static_bag,6355552,16000,1500,0
Bounds,6372208,4035,1500,0
Packet_build,6385402,3279,1500,0
Submission_batch,6389185,0,1500,4
VIF1_DMA_wait,6389580,428,1500,0
GIF_DMA_wait,6390100,124,1500,0
Packet_qwords,6397743,0,1500,220
VIF1_submit,6397732,5218,1500,0
Dispatch,6383119,21026,1500,0
Static_bag,6371968,32299,1500,0
Bounds,6405621,5884,1500,0
Packet_build,6422186,1803,1500,0
Dispatch,6420557,3868,1500,0
Static_bag,6405054,19411,1500,0
Object,6355246,69680,1500,79
Bounds,6434915,4637,1500,0
Packet_build,6470002,2593,1500,0
Dispatch,6467586,5464,1500,0
Static_bag,6434614,38504,1500,0
Bounds,6474040,5028,1500,0
Packet_build,6489502,3375,1500,0
Dispatch,6486958,6263,1500,0
Static_bag,6473692,19569,1500,0
Bounds,6493993,4128,1500,0
Packet_build,6506738,1406,1500,0
Submission_batch,6508639,0,1500,4
VIF1_DMA_wait,6509042,432,1500,0
GIF_DMA_wait,6509566,156,1500,0
Packet_qwords,6515829,0,1500,192
VIF1_submit,6515818,5406,1500,0
Dispatch,6505163,17330,1500,0
Static_bag,6493666,28932,1500,0
Object,6434294,88780,1500,87
Bounds,6530833,5541,1500,0
Packet_build,6547822,2138,1500,0
Dispatch,6545707,4878,1500,0
Static_bag,6530524,20160,1500,0
Bounds,6551531,4237,1500,0
Packet_build,6565426,3241,1500,0
Dispatch,6562993,6029,1500,0
Static_bag,6551332,17730,1500,0
Bounds,6569795,4250,1500,0
Packet_build,6582334,1348,1500,0
Dispatch,6580907,3092,1500,0
Static_bag,6569602,14485,1500,0
Object,6530199,54201,1500,94
Bounds,6589824,4130,1500,0
Static_bag,6589380,4909,1500,0
Bounds,6594664,1975,1500,0
Static_bag,6594526,2254,1500,0
Object,6589040,7930,1500,99
Bounds,6599833,14153,1500,0
Static_bag,6599616,14727,1500,0
Bounds,6615032,3148,1500,0
Static_bag,6614760,3582,1500,0
Object,6599415,19217,1500,103
Bounds,6621292,2891,1500,0
Static_bag,6621096,3306,1500,0
Bounds,6624739,1917,1500,0
Static_bag,6624571,2257,1500,0
Object,6620823,6151,1500,104
Bounds,6630484,2585,1500,0
Static_bag,6630186,3056,1500,0
Bounds,6633796,1730,1500,0
Static_bag,6633528,2192,1500,0
Object,6629979,5918,1500,108
Bounds,6637608,2629,1500,0
Static_bag,6637312,3062,1500,0
Bounds,6640772,1974,1500,0
Static_bag,6640529,2361,1500,0
Object,6637114,5848,1500,109
Bounds,6644721,2250,1500,0
Static_bag,6644454,2646,1500,0
Bounds,6647470,1730,1500,0
Static_bag,6647285,2059,1500,0
Object,6644308,5108,1500,110
Bounds,6651549,2431,1500,0
Static_bag,6651328,2854,1500,0
Object,6651165,3230,1500,114
Object,6654977,108,1500,115
Object,6655631,60,1500,116
Object,6656093,106,1500,117
Object,6656661,88,1500,118
Object,6657189,124,1500,119
Object,6657813,58,1500,120
Bounds,6661658,3809,1500,0
Static_bag,6661490,4171,1500,0
Object,6661389,5061,1500,121
Bounds,6669870,3168,1500,0
Static_bag,6669633,3633,1500,0
Bounds,6674144,2455,1500,0
Static_bag,6673915,2827,1500,0
Object,6669491,7783,1500,122
Bounds,6678413,2701,1500,0
Static_bag,6678184,3092,1500,0
Object,6677999,3496,1500,123
Bounds,6682471,2393,1500,0
Static_bag,6682326,2708,1500,0
Object,6682131,3067,1500,124
Bounds,6686143,2227,1500,0
Static_bag,6685932,2654,1500,0
Object,6685751,3096,1500,125
Bounds,6689756,2226,1500,0
Static_bag,6689616,2510,1500,0
Object,6689427,2846,1500,126
Bounds,6693169,2455,1500,0
Static_bag,6693024,2738,1500,0
Object,6692873,3056,1500,127
Bounds,6696905,2448,1500,0
Static_bag,6696694,2848,1500,0
Object,6696515,3276,1500,128
Bounds,6700819,2316,1500,0
Static_bag,6700590,2738,1500,0
Object,6700403,3104,1500,129
Bounds,6704354,2390,1500,0
Static_bag,6704212,2762,1500,0
Object,6704043,3148,1500,130
Bounds,6708179,2059,1500,0
Static_bag,6707974,2456,1500,0
Object,6707763,2836,1500,131
Bounds,6711494,2116,1500,0
Static_bag,6711268,2554,1500,0
Object,6711131,2872,1500,132
Bounds,6715093,2225,1500,0
Static_bag,6714876,2634,1500,0
Object,6714639,2985,1500,133
Bounds,6719166,2613,1500,0
Static_bag,6718950,3090,1500,0
Object,6718863,3352,1500,134
Object,6722933,120,1500,135
Object,6723485,70,1500,136
Object,6724007,58,1500,137
Object,6724463,58,1500,138
Object,6725005,86,1500,139
Object,6725504,73,1500,140
Object,6725979,58,1500,141
Object,6726507,72,1500,142
Submission_batch,6728745,0,1500,3
VIF1_DMA_wait,6729322,472,1500,0
GIF_DMA_wait,6729886,124,1500,0
Packet_qwords,6735969,0,1500,153
VIF1_submit,6735958,4518,1500,0
Objects,5880594,860856,1500,0
Wheels,6741700,4316,1500,0
Animation,6746098,118,1500,0
Shadow_decals,6746340,94,1500,0
Mirrors,6746562,1,1500,0
Portal_surfaces,6746596,1,1500,0
Bounds,6770536,11452,1500,0
Static_bag,6769986,12339,1500,0
Bounds,6792812,7362,1500,0
Static_bag,6792545,7900,1500,0
Bounds,6810392,7262,1500,0
Static_bag,6810221,7700,1500,0
Bounds,6828218,8210,1500,0
GS_FINISH_wait,6846592,479,1500,0
Align3D,6840717,6534,1500,0
Package_classify,6856427,1258,1500,0
Package_classify,6858061,645,1500,0
Package_classify,6858942,406,1500,0
Package_classify,6859535,1553,1500,0
Package_classify,6861305,1093,1500,0
Package_classify,6862687,1118,1500,0
Package_create,6855892,7975,1500,0
Packet_build,6868196,3820,1500,0
VIF1_DMA_wait,6872338,384,1500,0
GIF_DMA_wait,6872860,144,1500,0
Packet_qwords,6875367,0,1500,48
VIF1_submit,6875356,4914,1500,0
GS_FINISH_wait,6885604,12179,1500,0
Align3D,6881439,16502,1500,0
Dispatch,6855457,45168,1500,0
Static_bag,6828020,72712,1500,0
Bounds,6911470,21970,1500,0
Static_bag,6911188,22649,1500,0
Bounds,6945262,8112,1500,0
Static_bag,6944880,8797,1500,0
Bounds,6963566,7496,1500,0
Static_bag,6963397,7958,1500,0
Bounds,6980976,7328,1500,0
Static_bag,6980762,7807,1500,0
Light_pools,6746669,242769,1500,0
Projected_shadows,6989516,4204,1500,0
Bounds,6998030,5822,1500,0
Static_bag,6997728,6355,1500,0
Bounds,7007411,4995,1500,0
Static_bag,7007158,5477,1500,0
Bounds,7015514,4674,1500,0
Static_bag,7015289,5175,1500,0
Blob_shadows,6993864,26820,1500,0
Bounds,7023641,4425,1500,0
Static_bag,7023427,4958,1500,0
Bounds,7038107,5615,1500,0
Static_bag,7037833,6206,1500,0
Bounds,7045726,4152,1500,0
Static_bag,7045532,4573,1500,0
Bounds,7077956,7754,1500,0
Static_bag,7077654,8431,1500,0
Bounds,7087973,4047,1500,0
Static_bag,7087826,4423,1500,0
Bounds,7101848,5518,1500,0
Static_bag,7101768,5913,1500,0
Bounds,7109335,4375,1500,0
Static_bag,7109168,4789,1500,0
Bounds,7122841,5189,1500,0
Static_bag,7122728,5587,1500,0
Bounds,7129927,4353,1500,0
Static_bag,7129818,4737,1500,0
Bounds,7143445,5135,1500,0
Static_bag,7143332,5479,1500,0
Bounds,7150438,4350,1500,0
Static_bag,7150298,4741,1500,0
Bounds,7163868,5160,1500,0
Static_bag,7163768,5579,1500,0
Bounds,7170979,4371,1500,0
Static_bag,7170784,4847,1500,0
Bounds,7184426,5438,1500,0
Static_bag,7184330,5849,1500,0
Bounds,7191816,4040,1500,0
Static_bag,7191680,4453,1500,0
Bounds,7204916,5008,1500,0
Static_bag,7204844,5371,1500,0
Light_beams,7020860,189652,1500,0
Highlights_and_outlines,7210727,1,1500,0
Bounds,7240184,7670,1500,0
Static_bag,7239846,8395,1500,0
Particles,7210856,37570,1500,0
Scene,2086422,5162180,1500,0
GS_FINISH_wait,7258486,479,1500,0
Align3D,7253337,5813,1500,0
GS_FINISH_wait,7436662,479,1500,0
Align3D,7431441,5945,1500,0
PostFx,7430958,293100,1500,0
Present,7724762,4061860,1500,0
EndFrame,7276548,4510268,1500,0
Game,8360,11797614,1500,0
Info,11806261,2343,1500,0
Frame,0,11809244,1500,0
Pad,11809745,8051,1501,0
Update,11818244,2233936,1501,0
GS_FINISH_wait,14346484,479,1501,0
Align3D,14340636,6608,1501,0
Bounds,14363654,22262,1501,0
Package_classify,14394873,2279,1501,0
Package_classify,14397517,1514,1501,0
Package_classify,14399231,1438,1501,0
Package_classify,14400892,1389,1501,0
Package_classify,14402518,1233,1501,0
Package_create,14393608,10254,1501,0
Package_classify,14405000,1144,1501,0
Package_classify,14406409,13049,1501,0
Package_classify,14420028,1518,1501,0
Package_classify,14421932,1342,1501,0
Package_classify,14423514,1206,1501,0
Package_classify,14425007,1189,1501,0
Package_create,14404548,21836,1501,0
Package_classify,14431069,482,1501,0
Package_classify,14431801,1423,1501,0
Package_classify,14433455,1085,1501,0
Package_classify,14434778,1216,1501,0
Package_classify,14436187,1057,1501,0
Package_classify,14437509,1065,1501,0
Package_create,14430774,7891,1501,0
Package_classify,14441059,1181,1501,0
Package_classify,14442531,1224,1501,0
Package_classify,14444042,1062,1501,0
Package_classify,14445297,1175,1501,0
Package_classify,14446710,1062,1501,0
Package_classify,14448007,1054,1501,0
Package_create,14440814,8335,1501,0
Packet_build,14451128,9574,1501,0
VIF1_DMA_wait,14461102,448,1501,0
GIF_DMA_wait,14461678,138,1501,0
Packet_qwords,14467595,0,1501,124
VIF1_submit,14467584,5336,1501,0
Package_classify,14476202,1795,1501,0
Package_classify,14478409,1309,1501,0
Package_classify,14479970,239,1501,0
Package_classify,14480438,1180,1501,0
Package_classify,14481882,1098,1501,0
Package_classify,14483227,1099,1501,0
Package_create,14475654,8805,1501,0
Package_classify,14487285,324,1501,0
Package_classify,14487859,1303,1501,0
Package_classify,14489410,1051,1501,0
Package_classify,14490705,1065,1501,0
Package_create,14487042,4819,1501,0
Packet_build,14493726,6203,1501,0
VIF1_DMA_wait,14500312,22800,1501,0
GIF_DMA_wait,14523213,143,1501,0
Packet_qwords,14526719,0,1501,55
VIF1_submit,14526708,4594,1501,0
Dispatch,14393266,139196,1501,0
Static_bag,14362960,169634,1501,0
Bounds,14536090,7884,1501,0
Static_bag,14535708,8553,1501,0
Bounds,14549438,3918,1501,0
Static_bag,14549142,4484,1501,0
Bounds,14553904,2385,1501,0
Static_bag,14553750,2726,1501,0
Bounds,14556790,2109,1501,0
Static_bag,14556636,2406,1501,0
Bounds,14559328,2170,1501,0
Static_bag,14559178,2518,1501,0
Bounds,14561989,14201,1501,0
Static_bag,14561820,14691,1501,0
Bounds,14577919,4153,1501,0
Packet_build,14594024,3820,1501,0
VIF1_DMA_wait,14598460,456,1501,0
GIF_DMA_wait,14599102,160,1501,0
Packet_qwords,14602191,0,1501,57
VIF1_submit,14602180,5118,1501,0
Dispatch,14590804,17752,1501,0
Static_bag,14577500,31147,1501,0
Bounds,14609760,6168,1501,0
Packet_build,14626202,5361,1501,0
VIF1_DMA_wait,14632130,363,1501,0
GIF_DMA_wait,14632548,124,1501,0
Packet_qwords,14636685,0,1501,85
VIF1_submit,14636674,5196,1501,0
Dispatch,14623237,19836,1501,0
Static_bag,14609110,34003,1501,0
Bounds,14644068,5962,1501,0
Packet_build,14659286,3817,1501,0
VIF1_DMA_wait,14663816,9475,1501,0
GIF_DMA_wait,14673346,184,1501,0
Packet_qwords,14676645,0,1501,64
VIF1_submit,14676634,4920,1501,0
Dispatch,14656927,25754,1501,0
Static_bag,14643544,39227,1501,0
Bounds,14683730,6314,1501,0
Packet_build,14699918,4419,1501,0
VIF1_DMA_wait,14704898,333,1501,0
GIF_DMA_wait,14705286,124,1501,0
Packet_qwords,14708835,0,1501,71
VIF1_submit,14708824,5100,1501,0
Dispatch,14697121,18000,1501,0
Static_bag,14683234,31927,1501,0
Bounds,14716214,17944,1501,0
Packet_build,14743658,2055,1501,0
VIF1_DMA_wait,14746126,442,1501,0
GIF_DMA_wait,14746666,124,1501,0
Packet_qwords,14748537,0,1501,36
VIF1_submit,14748526,5088,1501,0
Dispatch,14742046,13018,1501,0
Static_bag,14715658,39495,1501,0
Bounds,14756884,4764,1501,0
Static_bag,14756386,5573,1501,0
Bounds,14762311,1837,1501,0
Static_bag,14762134,2186,1501,0
Bounds,14764611,1936,1501,0
Static_bag,14764444,2318,1501,0
Bounds,14767099,1865,1501,0
Static_bag,14766870,2306,1501,0
Bounds,14769609,1755,1501,0
Static_bag,14769382,2158,1501,0
Bounds,14772576,2260,1501,0
Static_bag,14772378,2642,1501,0
Bounds,14775318,2188,1501,0
Static_bag,14775130,2566,1501,0
Bounds,14778068,1915,1501,0
Static_bag,14777833,2341,1501,0
Bounds,14780474,1903,1501,0
Static_bag,14780292,2264,1501,0
Bounds,14782904,1867,1501,0
Static_bag,14782716,2210,1501,0
Bounds,14785902,2392,1501,0
Packet_build,14797916,4539,1501,0
VIF1_DMA_wait,14802920,397,1501,0
GIF_DMA_wait,14803414,124,1501,0
Packet_qwords,14806979,0,1501,71
VIF1_submit,14806968,5074,1501,0
Dispatch,14795299,17952,1501,0
Static_bag,14785662,27629,1501,0
Bounds,14814264,5904,1501,0
Packet_build,14832080,20224,1501,0
VIF1_DMA_wait,14852824,366,1501,0
GIF_DMA_wait,14853334,124,1501,0
Packet_qwords,14860119,0,1501,134
VIF1_submit,14860108,5088,1501,0
Dispatch,14827333,39203,1501,0
Static_bag,14813766,52810,1501,0
Bounds,14867774,6628,1501,0
Packet_build,14899210,10536,1501,0
VIF1_DMA_wait,14910700,18316,1501,0
GIF_DMA_wait,14929108,202,1501,0
Packet_qwords,14936127,0,1501,141
VIF1_submit,14936116,5346,1501,0
Dispatch,14894190,48761,1501,0
Static_bag,14867166,75825,1501,0
Bounds,14943994,6466,1501,0
Packet_build,14959036,2101,1501,0
VIF1_DMA_wait,14961586,48563,1501,0
GIF_DMA_wait,15010247,183,1501,0
Packet_qwords,15012477,0,1501,43
VIF1_submit,15012466,4896,1501,0
Dispatch,14957347,61112,1501,0
Static_bag,14943472,75027,1501,0
Bounds,15019355,5929,1501,0
Packet_build,15045848,3867,1501,0
VIF1_DMA_wait,15050306,438,1501,0
GIF_DMA_wait,15050882,122,1501,0
Packet_qwords,15054009,0,1501,57
VIF1_submit,15053998,5226,1501,0
Dispatch,15043404,17244,1501,0
Static_bag,15018976,41712,1501,0
Bounds,15064042,5424,1501,0
Static_bag,15063562,6119,1501,0
Bounds,15070062,2184,1501,0
Static_bag,15069808,2632,1501,0
Bounds,15072806,1712,1501,0
Static_bag,15072580,2120,1501,0
Bounds,15075092,2066,1501,0
Static_bag,15074920,2380,1501,0
Bounds,15077614,2082,1501,0
Static_bag,15077460,2430,1501,0
Bounds,15080903,2517,1501,0
Static_bag,15080664,2900,1501,0
Bounds,15083899,1977,1501,0
Static_bag,15083734,2374,1501,0
Bounds,15086434,2003,1501,0
Static_bag,15086218,2416,1501,0
Bounds,15088930,1943,1501,0
Static_bag,15088752,2346,1501,0
Bounds,15091342,2171,1501,0
Static_bag,15091206,2486,1501,0
Bounds,15102959,3363,1501,0
Static_bag,15102628,3922,1501,0
Bounds,15107409,2079,1501,0
Static_bag,15107267,2365,1501,0
Bounds,15110441,1985,1501,0
Static_bag,15110238,2454,1501,0
Bounds,15113372,2054,1501,0
Static_bag,15113232,2372,1501,0
Bounds,15116419,2299,1501,0
Static_bag,15116280,2612,1501,0
Bounds,15119659,2445,1501,0
Static_bag,15119491,2915,1501,0
Bounds,15123169,2414,1501,0
Static_bag,15122940,2882,1501,0
Bounds,15126614,2328,1501,0
Static_bag,15126468,2696,1501,0
Bounds,15130025,1834,1501,0
Static_bag,15129804,2240,1501,0
Bounds,15133004,2134,1501,0
Static_bag,15132798,2520,1501,0
Bounds,15136219,1985,1501,0
Static_bag,15136006,2456,1501,0
GS_FINISH_wait,15150364,479,1501,0
Align3D,15145784,5214,1501,0
Reflections_shared_probe,14339778,815550,1501,0
Portal,15155613,121,1501,0
Bounds,15156571,4967,1501,0
Package_classify,15170291,2241,1501,0
Package_classify,15172948,1513,1501,0
Package_classify,15174654,565,1501,0
Package_classify,15175413,455,1501,0
Package_classify,15176160,346,1501,0
Package_create,15168868,7752,1501,0
Package_classify,15177690,1116,1501,0
Package_classify,15179129,1172,1501,0
Package_classify,15180494,1069,1501,0
Package_classify,15181824,1251,1501,0
Package_classify,15183303,1152,1501,0
Package_classify,15184753,1170,1501,0
Package_create,15177240,8776,1501,0
Package_classify,15202614,959,1501,0
Package_classify,15203899,1706,1501,0
Package_classify,15205842,1218,1501,0
Package_classify,15207318,1278,1501,0
Package_classify,15208836,263,1501,0
Package_classify,15209353,180,1501,0
Package_create,15202128,7495,1501,0
Packet_build,15212154,6252,1501,0
VIF1_DMA_wait,15218872,430,1501,0
GIF_DMA_wait,15219440,122,1501,0
Packet_qwords,15223565,0,1501,82
VIF1_submit,15223554,5206,1501,0
Dispatch,15168490,61718,1501,0
Static_bag,15156232,74106,1501,0
Bounds,15233294,2936,1501,0
GS_FINISH_wait,15270322,12447,1501,0
Align3D,15238581,44374,1501,0
Packet_build,15292700,2661,1501,0
VIF1_DMA_wait,15295838,398,1501,0
GIF_DMA_wait,15296410,124,1501,0
Packet_qwords,15298661,0,1501,43
VIF1_submit,15298650,4318,1501,0
GS_FINISH_wait,15309712,11529,1501,0
Align3D,15303987,17410,1501,0
Dispatch,15290852,33168,1501,0
Static_bag,15232740,91320,1501,0
Bounds,15325964,3352,1501,0
GS_FINISH_wait,15335188,511,1501,0
Align3D,15330771,5084,1501,0
Packet_build,15356696,3165,1501,0
VIF1_DMA_wait,15360424,424,1501,0
GIF_DMA_wait,15360976,124,1501,0
Packet_qwords,15363743,0,1501,50
VIF1_submit,15363732,4822,1501,0
GS_FINISH_wait,15379918,10071,1501,0
Align3D,15369851,20292,1501,0
Dispatch,15342901,49968,1501,0
Static_bag,15325564,67345,1501,0
Bounds,15394990,3292,1501,0
GS_FINISH_wait,15404218,501,1501,0
Align3D,15399701,5215,1501,0
Packet_build,15415866,6533,1501,0
VIF1_DMA_wait,15422930,474,1501,0
GIF_DMA_wait,15423532,124,1501,0
Packet_qwords,15428013,0,1501,92
VIF1_submit,15428002,4686,1501,0
GS_FINISH_wait,15473178,8413,1501,0
Align3D,15433847,47994,1501,0
Dispatch,15412420,72058,1501,0
Static_bag,15394552,89966,1501,0
Bounds,15487838,8196,1501,0
Static_bag,15487492,8871,1501,0
Sky,15155816,340786,1501,0
Bounds,15511216,5106,1501,0
Static_bag,15510876,5815,1501,0
Bounds,15517497,2290,1501,0
Static_bag,15517375,2555,1501,0
Bounds,15520532,2215,1501,0
Static_bag,15520421,2529,1501,0
Bounds,15523576,2473,1501,0
Static_bag,15523355,2835,1501,0
Bounds,15526819,1982,1501,0
Static_bag,15526741,2203,1501,0
Bounds,15529605,2379,1501,0
Static_bag,15529429,2743,1501,0
Bounds,15532746,2595,1501,0
Package_classify,15547623,1151,1501,0
Package_classify,15549205,1556,1501,0
Package_classify,15550993,1392,1501,0
Package_classify,15552612,1292,1501,0
Package_classify,15554129,561,1501,0
Package_classify,15554962,1106,1501,0
Package_create,15543484,12720,1501,0
Package_classify,15557958,520,1501,0
Package_classify,15558763,403,1501,0
Package_classify,15559409,210,1501,0
Package_classify,15559856,176,1501,0
Package_classify,15560280,372,1501,0
Package_classify,15560893,289,1501,0
Package_create,15557508,3737,1501,0
Package_classify,15562826,292,1501,0
Package_classify,15563313,292,1501,0
Package_classify,15563800,1163,1501,0
Package_classify,15565158,1070,1501,0
Package_classify,15566423,182,1501,0
Package_classify,15566807,179,1501,0
Package_create,15562590,4456,1501,0
QBuffer_copy,15567968,3908,1501,0
Package_classify,15573961,613,1501,0
Package_classify,15574819,331,1501,0
Package_classify,15575394,295,1501,0
Package_classify,15575884,295,1501,0
Package_classify,15576374,1201,1501,0
Package_classify,15577848,1070,1501,0
Package_create,15573755,5223,1501,0
QBuffer_copy,15579481,3091,1501,0
Packet_build,15584522,3574,1501,0
VIF1_DMA_wait,15588490,442,1501,0
GIF_DMA_wait,15589060,124,1501,0
Packet_qwords,15591719,0,1501,50
VIF1_submit,15591708,5342,1501,0
Dispatch,15543148,55256,1501,0
Static_bag,15532622,65866,1501,0
Bounds,15599916,4968,1501,0
Static_bag,15599602,5559,1501,0
Bounds,15605736,2267,1501,0
Package_classify,15617292,1230,1501,0
Package_classify,15618973,796,1501,0
Package_classify,15619969,788,1501,0
Package_classify,15621043,794,1501,0
Package_classify,15622073,782,1501,0
Package_classify,15623053,1712,1501,0
Package_classify,15625008,1665,1501,0
Package_classify,15626953,1555,1501,0
Package_classify,15629319,1522,1501,0
Package_classify,15631041,1567,1501,0
Package_classify,15632805,1506,1501,0
Package_classify,15634508,1493,1501,0
Package_classify,15636227,1502,1501,0
Package_classify,15637971,1565,1501,0
Package_classify,15639733,1496,1501,0
Package_classify,15641467,1528,1501,0
Package_classify,15643927,1560,1501,0
Package_classify,15645777,1673,1501,0
Package_classify,15647683,1587,1501,0
Package_classify,15649503,1163,1501,0
Package_classify,15650891,1159,1501,0
Package_classify,15652276,862,1501,0
Package_create,15615936,37386,1501,0
Packet_build,15671990,9518,1501,0
VIF1_DMA_wait,15681904,448,1501,0
GIF_DMA_wait,15682534,124,1501,0
Packet_qwords,15689445,0,1501,141
VIF1_submit,15689434,5322,1501,0
Packet_build,15697654,1576,1501,0
VIF1_DMA_wait,15699513,70381,1501,0
GIF_DMA_wait,15769995,40,1501,0
Packet_qwords,15770937,0,1501,8
VIF1_submit,15770927,4192,1501,0
Dispatch,15615583,160437,1501,0
Static_bag,15605658,170402,1501,0
Bounds,15777476,4946,1501,0
Static_bag,15776980,5625,1501,0
Bounds,15783168,1971,1501,0
Static_bag,15782983,2401,1501,0
Bounds,15785908,1850,1501,0
Static_bag,15785779,2153,1501,0
Bounds,15788598,2070,1501,0
Static_bag,15788471,2421,1501,0
Bounds,15791424,2317,1501,0
Package_classify,15804621,1253,1501,0
Package_classify,15806320,691,1501,0
Package_classify,15807217,692,1501,0
Package_classify,15808106,721,1501,0
Package_classify,15809104,665,1501,0
Package_classify,15809966,679,1501,0
Package_classify,15810842,13060,1501,0
Package_classify,15824543,1926,1501,0
Package_classify,15827388,827,1501,0
Package_classify,15828412,1505,1501,0
Package_classify,15830257,1464,1501,0
Package_classify,15831918,1393,1501,0
Package_classify,15833536,1401,1501,0
Package_classify,15835162,837,1501,0
Package_create,15801796,34362,1501,0
Packet_build,15840546,5903,1501,0
VIF1_DMA_wait,15846884,438,1501,0
GIF_DMA_wait,15847504,124,1501,0
Packet_qwords,15851483,0,1501,78
VIF1_submit,15851472,5240,1501,0
Dispatch,15801370,56618,1501,0
Static_bag,15791347,66681,1501,0
Bounds,15859874,5522,1501,0
Static_bag,15859242,6501,1501,0
Bounds,15866349,1994,1501,0
Static_bag,15866165,2401,1501,0
Bounds,15869376,2248,1501,0
Package_classify,15881271,1200,1501,0
Package_classify,15883022,1406,1501,0
Package_classify,15884628,1412,1501,0
Package_classify,15886237,1445,1501,0
Package_classify,15887918,1494,1501,0
Package_classify,15889609,1452,1501,0
Package_classify,15891381,1563,1501,0
Package_classify,15893225,1525,1501,0
Package_classify,15895453,777,1501,0
Package_classify,15896463,1390,1501,0
Package_classify,15898050,783,1501,0
Package_classify,15899030,837,1501,0
Package_classify,15900170,764,1501,0
Package_classify,15901137,808,1501,0
Package_classify,15902142,774,1501,0
Package_classify,15903187,827,1501,0
Package_create,15879988,25365,1501,0
Package_classify,15906612,1188,1501,0
Package_classify,15908041,1077,1501,0
Package_classify,15909312,298,1501,0
Package_classify,15909830,295,1501,0
Package_classify,15910320,330,1501,0
Package_classify,15910933,292,1501,0
Package_create,15906168,5120,1501,0
QBuffer_copy,15912674,3508,1501,0
Package_classify,15918568,743,1501,0
Package_classify,15919555,329,1501,0
Package_classify,15920078,1317,1501,0
Package_classify,15921634,1072,1501,0
Package_classify,15922900,373,1501,0
Package_classify,15923474,295,1501,0
Package_create,15918335,5524,1501,0
QBuffer_copy,15924337,3068,1501,0
Package_classify,15928827,665,1501,0
Package_classify,15929753,341,1501,0
Package_classify,15930288,350,1501,0
Package_classify,15930832,292,1501,0
Package_classify,15931318,1267,1501,0
Package_classify,15932839,1072,1501,0
Package_create,15928623,5348,1501,0
QBuffer_copy,15934502,3115,1501,0
Package_classify,15939365,688,1501,0
Package_classify,15940297,329,1501,0
Package_classify,15940820,355,1501,0
Package_classify,15941460,295,1501,0
Package_classify,15941949,1382,1501,0
Package_classify,15943533,1090,1501,0
Package_create,15939070,5658,1501,0
Package_classify,15946896,1373,1501,0
Package_classify,15948464,1070,1501,0
Package_classify,15949728,375,1501,0
Package_classify,15950338,298,1501,0
Package_classify,15950830,295,1501,0
Package_classify,15951326,295,1501,0
Package_create,15946692,5023,1501,0
QBuffer_copy,15952318,3275,1501,0
Package_classify,15957129,918,1501,0
Package_classify,15958343,517,1501,0
Package_classify,15959054,1397,1501,0
Package_classify,15960680,1246,1501,0
Package_classify,15962206,367,1501,0
Package_classify,15962804,292,1501,0
Package_create,15956925,6231,1501,0
QBuffer_copy,15963772,2993,1501,0
Package_classify,15980325,1031,1501,0
Package_classify,15981697,298,1501,0
Package_classify,15982192,577,1501,0
Package_classify,15982963,465,1501,0
Package_classify,15983622,1539,1501,0
Package_classify,15985451,1175,1501,0
Package_create,15979692,7041,1501,0
QBuffer_copy,15987761,3637,1501,0
Package_classify,15993431,1734,1501,0
Package_classify,15995530,1173,1501,0
Package_classify,15996897,360,1501,0
Package_classify,15997451,295,1501,0
Package_classify,15997975,356,1501,0
Package_classify,15998532,295,1501,0
Package_create,15993182,5705,1501,0
QBuffer_copy,15999380,3086,1501,0
Packet_build,16004362,7466,1501,0
VIF1_DMA_wait,16012234,424,1501,0
GIF_DMA_wait,16012850,122,1501,0
Packet_qwords,16017587,0,1501,92
VIF1_submit,16017576,5342,1501,0
Dispatch,15879688,144474,1501,0
Static_bag,15869299,155037,1501,0
Bounds,16025864,5218,1501,0
Static_bag,16025482,5825,1501,0
Bounds,16032036,2478,1501,0
Package_classify,16056459,2339,1501,0
Package_classify,16059277,1466,1501,0
Package_classify,16060986,1537,1501,0
Package_classify,16062720,1399,1501,0
Package_classify,16064360,1421,1501,0
Package_classify,16066008,1453,1501,0
Package_classify,16067735,1501,1501,0
Package_classify,16069481,1069,1501,0
Package_create,16054744,19247,1501,0
Packet_build,16080376,9552,1501,0
VIF1_DMA_wait,16090208,438,1501,0
GIF_DMA_wait,16090774,124,1501,0
Packet_qwords,16097649,0,1501,141
VIF1_submit,16097638,5406,1501,0
Packet_build,16107078,4014,1501,0
VIF1_DMA_wait,16111519,60521,1501,0
GIF_DMA_wait,16172224,186,1501,0
Packet_qwords,16175565,0,1501,43
VIF1_submit,16175554,4812,1501,0
Dispatch,16054128,127542,1501,0
Static_bag,16031899,149811,1501,0
Bounds,16183766,5402,1501,0
Static_bag,16183126,6215,1501,0
Bounds,16189965,2514,1501,0
Package_classify,16204359,2333,1501,0
Package_classify,16207019,1452,1501,0
Package_classify,16208668,1456,1501,0
Package_classify,16210321,1081,1501,0
Package_classify,16211724,1435,1501,0
Package_classify,16213356,1453,1501,0
Package_classify,16215006,1486,1501,0
Package_classify,16216775,1451,1501,0
Package_classify,16219016,1541,1501,0
Package_classify,16220789,1528,1501,0
Package_classify,16222579,1485,1501,0
Package_classify,16224261,1459,1501,0
Package_classify,16225954,1452,1501,0
Package_classify,16227686,1260,1501,0
Package_create,16201086,27972,1501,0
Packet_build,16234476,9460,1501,0
VIF1_DMA_wait,16244212,442,1501,0
GIF_DMA_wait,16244746,124,1501,0
Packet_qwords,16251659,0,1501,141
VIF1_submit,16251648,10312,1501,0
Packet_build,16266326,4328,1501,0
VIF1_DMA_wait,16270891,75725,1501,0
GIF_DMA_wait,16346926,204,1501,0
Packet_qwords,16350273,0,1501,43
VIF1_submit,16350262,4840,1501,0
Dispatch,16200646,155496,1501,0
Static_bag,16189763,166505,1501,0
Bounds,16358242,5424,1501,0
Static_bag,16357470,6387,1501,0
Bounds,16364436,2021,1501,0
Static_bag,16364309,2373,1501,0
Bounds,16367314,1942,1501,0
Static_bag,16367237,2265,1501,0
Bounds,16370034,3139,1501,0
Packet_build,16384467,10829,1501,0
VIF1_DMA_wait,16395800,403,1501,0
GIF_DMA_wait,16396360,124,1501,0
Packet_qwords,16403039,0,1501,141
VIF1_submit,16403028,5092,1501,0
Packet_build,16412111,3849,1501,0
VIF1_DMA_wait,16416361,60803,1501,0
GIF_DMA_wait,16477402,204,1501,0
Packet_qwords,16480797,0,1501,43
VIF1_submit,16480786,4620,1501,0
Dispatch,16379560,107282,1501,0
Static_bag,16369957,116997,1501,0
Terrain,15496766,990994,1501,0
Bounds,16489712,5348,1501,0
Static_bag,16489282,6111,1501,0
Bounds,16496288,2636,1501,0
Static_bag,16496124,3042,1501,0
Bounds,16499961,2505,1501,0
Package_classify,16513283,2069,1501,0
Package_classify,16515743,1230,1501,0
Package_classify,16517163,1133,1501,0
Package_classify,16518584,1124,1501,0
Package_create,16512702,7068,1501,0
QBuffer_copy,16521114,3288,1501,0
Packet_build,16527712,4274,1501,0
VIF1_DMA_wait,16532474,468,1501,0
GIF_DMA_wait,16532997,125,1501,0
Packet_qwords,16535561,0,1501,46
VIF1_submit,16535550,4864,1501,0
Dispatch,16512322,29250,1501,0
Static_bag,16499820,41792,1501,0
Bounds,16543131,4886,1501,0
Static_bag,16542736,5507,1501,0
Bounds,16549068,2240,1501,0
Static_bag,16548845,2695,1501,0
Bounds,16552330,1936,1501,0
Static_bag,16552110,2346,1501,0
Bounds,16555310,2544,1501,0
Static_bag,16555145,2901,1501,0
Bounds,16558802,1973,1501,0
Static_bag,16558686,2418,1501,0
Static_batches,16487967,73475,1501,0
Bounds,16562338,1976,1501,0
Static_bag,16562077,2593,1501,0
Bounds,16565139,1935,1501,0
Static_bag,16564968,2282,1501,0
Bounds,16567761,1997,1501,0
Static_bag,16567592,2350,1501,0
Bounds,16570506,2218,1501,0
Static_bag,16570274,2638,1501,0
Bounds,16573494,2451,1501,0
Static_bag,16573274,2850,1501,0
Bounds,16576644,2277,1501,0
Static_bag,16576424,2758,1501,0
Bounds,16579740,2091,1501,0
Static_bag,16579446,2570,1501,0
Bounds,16582578,2025,1501,0
Static_bag,16582356,2426,1501,0
Bounds,16585374,2119,1501,0
Static_bag,16585118,2646,1501,0
Bounds,16588332,1891,1501,0
Static_bag,16588112,2290,1501,0
Bounds,16590966,2153,1501,0
Static_bag,16590744,13826,1501,0
Bounds,16605428,3830,1501,0
Static_bag,16605037,4435,1501,0
Bounds,16610154,2156,1501,0
Static_bag,16609898,2556,1501,0
Bounds,16612974,1965,1501,0
Static_bag,16612752,2372,1501,0
Bounds,16615678,2015,1501,0
Static_bag,16615428,2408,1501,0
Bounds,16618420,2229,1501,0
Static_bag,16618206,2636,1501,0
Bounds,16621324,2463,1501,0
Static_bag,16621164,2858,1501,0
Bounds,16624542,2120,1501,0
Static_bag,16624352,2454,1501,0
Bounds,16627304,2129,1501,0
Static_bag,16627148,2454,1501,0
Bounds,16630081,2002,1501,0
Static_bag,16629924,2300,1501,0
Bounds,16632744,2277,1501,0
Package_classify,16655231,1233,1501,0
Package_classify,16656877,662,1501,0
Package_classify,16657834,679,1501,0
Package_classify,16658709,678,1501,0
Package_classify,16659614,675,1501,0
Package_classify,16660520,667,1501,0
Package_classify,16661383,1668,1501,0
Package_classify,16663331,712,1501,0
Package_classify,16664803,1505,1501,0
Package_classify,16666503,736,1501,0
Package_classify,16667438,1475,1501,0
Package_classify,16669186,669,1501,0
Package_classify,16670096,1381,1501,0
Package_classify,16671673,668,1501,0
Package_classify,16672537,1392,1501,0
Package_classify,16674253,1430,1501,0
Package_classify,16676464,1389,1501,0
Package_classify,16678048,1455,1501,0
Package_classify,16679762,1424,1501,0
Package_classify,16681414,1521,1501,0
Package_classify,16683212,1461,1501,0
Package_classify,16684956,1400,1501,0
Package_classify,16686552,1385,1501,0
Package_classify,16688171,1097,1501,0
Package_create,16653496,35916,1501,0
Packet_build,16695574,8449,1501,0
VIF1_DMA_wait,16704334,454,1501,0
GIF_DMA_wait,16704946,124,1501,0
Packet_qwords,16711245,0,1501,127
VIF1_submit,16711234,5274,1501,0
Dispatch,16653120,64734,1501,0
Static_bag,16632594,85365,1501,0
Bounds,16719490,6253,1501,0
Package_classify,16737809,2881,1501,0
Package_classify,16741113,1167,1501,0
Package_classify,16742478,1591,1501,0
Package_classify,16744267,1177,1501,0
Package_classify,16745705,1164,1501,0
Package_classify,16747080,1255,1501,0
Package_classify,16748533,1162,1501,0
Package_classify,16749973,14725,1501,0
Package_create,16736254,32781,1501,0
Packet_build,16775764,9505,1501,0
VIF1_DMA_wait,16785608,444,1501,0
GIF_DMA_wait,16786196,122,1501,0
Packet_qwords,16793139,0,1501,141
VIF1_submit,16793128,5280,1501,0
Packet_build,16803182,4676,1501,0
VIF1_DMA_wait,16808187,59137,1501,0
GIF_DMA_wait,16867425,40,1501,0
Packet_qwords,16870659,0,1501,57
VIF1_submit,16870649,4367,1501,0
Dispatch,16735943,140133,1501,0
Static_bag,16718836,157352,1501,0
Bounds,16877728,6047,1501,0
Packet_build,16897396,23528,1501,0
VIF1_DMA_wait,16921558,442,1501,0
GIF_DMA_wait,16922092,124,1501,0
Packet_qwords,16929345,0,1501,141
VIF1_submit,16929334,5256,1501,0
Packet_build,16939548,4826,1501,0
VIF1_DMA_wait,16944703,58654,1501,0
GIF_DMA_wait,17003459,41,1501,0
Packet_qwords,17006691,0,1501,57
VIF1_submit,17006681,4403,1501,0
Dispatch,16892626,119692,1501,0
Static_bag,16877080,135343,1501,0
Bounds,17013622,6066,1501,0
Packet_build,17032510,11095,1501,0
VIF1_DMA_wait,17044202,397,1501,0
GIF_DMA_wait,17044654,124,1501,0
Packet_qwords,17051357,0,1501,141
VIF1_submit,17051346,5200,1501,0
Packet_build,17060760,19080,1501,0
VIF1_DMA_wait,17080396,45028,1501,0
GIF_DMA_wait,17125572,182,1501,0
Packet_qwords,17129385,0,1501,57
VIF1_submit,17129374,4902,1501,0
Dispatch,17027412,108044,1501,0
Static_bag,17013172,122375,1501,0
Bounds,17136874,6078,1501,0
Packet_build,17156594,11373,1501,0
VIF1_DMA_wait,17168540,391,1501,0
GIF_DMA_wait,17168986,124,1501,0
Packet_qwords,17175741,0,1501,141
VIF1_submit,17175730,5142,1501,0
Packet_build,17185404,4904,1501,0
VIF1_DMA_wait,17190595,59093,1501,0
GIF_DMA_wait,17249992,198,1501,0
Packet_qwords,17254029,0,1501,57
VIF1_submit,17254018,4932,1501,0
Dispatch,17151532,108796,1501,0
Static_bag,17136268,124100,1501,0
Bounds,17261746,6134,1501,0
Packet_build,17285624,12170,1501,0
VIF1_DMA_wait,17298304,383,1501,0
GIF_DMA_wait,17298742,124,1501,0
Packet_qwords,17305491,0,1501,141
VIF1_submit,17305480,5280,1501,0
Packet_build,17317253,5279,1501,0
VIF1_DMA_wait,17322817,66515,1501,0
GIF_DMA_wait,17389618,208,1501,0
Packet_qwords,17393667,0,1501,57
VIF1_submit,17393656,4752,1501,0
Dispatch,17276770,122912,1501,0
Static_bag,17261224,138498,1501,0
Bounds,17401018,6306,1501,0
Packet_build,17420896,11407,1501,0
VIF1_DMA_wait,17432840,397,1501,0
GIF_DMA_wait,17433292,132,1501,0
Packet_qwords,17439995,0,1501,141
VIF1_submit,17439984,5200,1501,0
Packet_build,17449775,4739,1501,0
VIF1_DMA_wait,17454787,59295,1501,0
GIF_DMA_wait,17514225,40,1501,0
Packet_qwords,17517435,0,1501,57
VIF1_submit,17517425,4433,1501,0
Dispatch,17415934,106955,1501,0
Static_bag,17400484,122445,1501,0
Bounds,17524162,5955,1501,0
Packet_build,17556518,11132,1501,0
VIF1_DMA_wait,17568194,480,1501,0
GIF_DMA_wait,17568766,124,1501,0
Packet_qwords,17575641,0,1501,141
VIF1_submit,17575630,5346,1501,0
Packet_build,17585417,4739,1501,0
VIF1_DMA_wait,17590537,59199,1501,0
GIF_DMA_wait,17649889,40,1501,0
Packet_qwords,17653083,0,1501,57
VIF1_submit,17653073,4295,1501,0
Dispatch,17551026,107502,1501,0
Static_bag,17523682,134886,1501,0
Bounds,17659816,6114,1501,0
Packet_build,17678476,11077,1501,0
VIF1_DMA_wait,17690188,11450,1501,0
GIF_DMA_wait,17701964,122,1501,0
Packet_qwords,17709371,0,1501,141
VIF1_submit,17709360,5146,1501,0
Packet_build,17719322,5455,1501,0
VIF1_DMA_wait,17725294,58164,1501,0
GIF_DMA_wait,17783559,38,1501,0
Packet_qwords,17786811,0,1501,57
VIF1_submit,17786801,4415,1501,0
Dispatch,17673376,118960,1501,0
Static_bag,17659354,133022,1501,0
Bounds,17793668,6294,1501,0
Packet_build,17813252,11055,1501,0
VIF1_DMA_wait,17824844,433,1501,0
GIF_DMA_wait,17825332,124,1501,0
Packet_qwords,17832101,0,1501,141
VIF1_submit,17832090,20684,1501,0
Packet_build,17858102,5613,1501,0
VIF1_DMA_wait,17864164,57389,1501,0
GIF_DMA_wait,17921656,138,1501,0
Packet_qwords,17925393,0,1501,57
VIF1_submit,17925382,5130,1501,0
Dispatch,17808358,123292,1501,0
Static_bag,17793078,138612,1501,0
Bounds,17933182,6156,1501,0
Packet_build,17952484,11107,1501,0
VIF1_DMA_wait,17964170,397,1501,0
GIF_DMA_wait,17964671,125,1501,0
Packet_qwords,17971437,0,1501,141
VIF1_submit,17971426,5220,1501,0
Packet_build,17980728,4678,1501,0
VIF1_DMA_wait,17985781,59867,1501,0
GIF_DMA_wait,18045935,203,1501,0
Packet_qwords,18050025,0,1501,57
VIF1_submit,18050014,4812,1501,0
Dispatch,17947528,108562,1501,0
Static_bag,17932582,123548,1501,0
Bounds,18057436,6188,1501,0
Package_classify,18077187,1691,1501,0
Package_classify,18079306,1099,1501,0
Package_classify,18080605,1216,1501,0
Package_classify,18082057,1522,1501,0
Package_create,18073726,10002,1501,0
Packet_build,18088898,8715,1501,0
VIF1_DMA_wait,18098074,378,1501,0
GIF_DMA_wait,18098546,122,1501,0
Packet_qwords,18104061,0,1501,113
VIF1_submit,18104050,5106,1501,0
Dispatch,18073378,37063,1501,0
Static_bag,18056958,53523,1501,0
Bounds,18111828,5915,1501,0
Package_classify,18129773,2409,1501,0
Package_classify,18132572,727,1501,0
Package_classify,18133539,714,1501,0
Package_create,18128308,6128,1501,0
Packet_build,18136840,1921,1501,0
VIF1_DMA_wait,18139024,27338,1501,0
GIF_DMA_wait,18166682,278,1501,0
Packet_qwords,18168963,0,1501,36
VIF1_submit,18168952,4944,1501,0
Dispatch,18128011,47225,1501,0
Static_bag,18111358,63918,1501,0
Bounds,18176524,5352,1501,0
Static_bag,18176152,5957,1501,0
Bounds,18182582,1928,1501,0
Static_bag,18182426,2266,1501,0
Bounds,18185185,1911,1501,0
Static_bag,18185022,2216,1501,0
Bounds,18187750,1796,1501,0
Static_bag,18187550,2208,1501,0
Bounds,18190210,1824,1501,0
Static_bag,18190056,2114,1501,0
Bounds,18192595,1659,1501,0
Static_bag,18192438,2000,1501,0
Bounds,18194862,1756,1501,0
Static_bag,18194706,2054,1501,0
Bounds,18197290,1778,1501,0
Static_bag,18197118,2138,1501,0
Bounds,18199778,1888,1501,0
Static_bag,18199562,2274,1501,0
Bounds,18202374,1973,1501,0
Static_bag,18202140,2348,1501,0
Bounds,18205044,2023,1501,0
Static_bag,18204878,2380,1501,0
Bounds,18207796,2012,1501,0
Static_bag,18207584,2362,1501,0
Bounds,18210481,1791,1501,0
Static_bag,18210278,2136,1501,0
Bounds,18212949,1894,1501,0
Static_bag,18212784,2288,1501,0
Bounds,18215570,1861,1501,0
Static_bag,18215400,2174,1501,0
Bounds,18218104,1909,1501,0
Static_bag,18217932,2216,1501,0
Bounds,18220710,1886,1501,0
Static_bag,18220458,2324,1501,0
Bounds,18223266,1888,1501,0
Static_bag,18223109,2187,1501,0
Bounds,18225794,1860,1501,0
Static_bag,18225638,2208,1501,0
Bounds,18228315,2165,1501,0
Static_bag,18228158,2490,1501,0
Bounds,18231128,2186,1501,0
Static_bag,18230964,2492,1501,0
Bounds,18233910,2078,1501,0
Static_bag,18233736,2474,1501,0
Bounds,18236686,2069,1501,0
Static_bag,18236496,2432,1501,0
Bounds,18239500,1965,1501,0
Static_bag,18239292,2316,1501,0
Bounds,18242076,2057,1501,0
Static_bag,18241920,2400,1501,0
Bounds,18244794,2123,1501,0
Static_bag,18244638,2414,1501,0
Bounds,18247562,1946,1501,0
Static_bag,18247406,2244,1501,0
Bounds,18250143,1725,1501,0
Static_bag,18249986,2026,1501,0
Bounds,18252498,1698,1501,0
Static_bag,18252342,1998,1501,0
Bounds,18254820,2018,1501,0
Static_bag,18254654,2376,1501,0
Bounds,18257516,2024,1501,0
Static_bag,18257360,2322,1501,0
Bounds,18260242,2104,1501,0
Static_bag,18260046,2444,1501,0
Bounds,18262977,1925,1501,0
Static_bag,18262820,2274,1501,0
Bounds,18265620,1929,1501,0
Static_bag,18265464,2228,1501,0
Bounds,18268218,1981,1501,0
Static_bag,18268062,2376,1501,0
Bounds,18270890,1753,1501,0
Static_bag,18270734,2104,1501,0
Bounds,18273307,1795,1501,0
Static_bag,18273150,2096,1501,0
Bounds,18275748,1694,1501,0
Static_bag,18275520,2114,1501,0
Bounds,18278062,2073,1501,0
Static_bag,18277902,2378,1501,0
Bounds,18280862,2269,1501,0
Static_bag,18280634,2670,1501,0
Bounds,18283842,2329,1501,0
Package_classify,18300375,2345,1501,0
Package_classify,18303133,702,1501,0
Package_classify,18304032,1467,1501,0
Package_classify,18305781,747,1501,0
Package_classify,18306847,1459,1501,0
Package_classify,18308624,1523,1501,0
Package_classify,18310405,12737,1501,0
Package_classify,18323763,936,1501,0
Package_create,18296134,28728,1501,0
Packet_build,18328972,4837,1501,0
VIF1_DMA_wait,18334268,438,1501,0
GIF_DMA_wait,18334834,124,1501,0
Packet_qwords,18338235,0,1501,64
VIF1_submit,18338224,5322,1501,0
Dispatch,18295786,49098,1501,0
Static_bag,18283622,61302,1501,0
Bounds,18346618,6187,1501,0
Package_classify,18364511,2197,1501,0
Package_classify,18367191,1538,1501,0
Package_classify,18369049,1552,1501,0
Package_classify,18370891,1552,1501,0
Package_classify,18372759,1568,1501,0
Package_classify,18374640,1553,1501,0
Package_classify,18376471,1564,1501,0
Package_classify,18378355,1580,1501,0
Package_classify,18380857,1612,1501,0
Package_classify,18382875,1548,1501,0
Package_classify,18384736,1071,1501,0
Package_classify,18386004,1535,1501,0
Package_classify,18387921,1506,1501,0
Package_classify,18389702,1521,1501,0
Package_classify,18391491,1530,1501,0
Package_classify,18393401,1116,1501,0
Package_classify,18395252,1513,1501,0
Package_classify,18397041,1070,1501,0
Package_classify,18398352,1110,1501,0
Package_classify,18399659,1204,1501,0
Package_classify,18401233,1127,1501,0
Package_classify,18402704,1078,1501,0
Package_classify,18403979,1059,1501,0
Package_classify,18405269,1066,1501,0
Package_create,18362976,44331,1501,0
Packet_build,18413080,9199,1501,0
VIF1_DMA_wait,18422624,374,1501,0
GIF_DMA_wait,18423142,124,1501,0
Packet_qwords,18430001,0,1501,141
VIF1_submit,18429990,5140,1501,0
Packet_build,18452694,7355,1501,0
VIF1_DMA_wait,18460790,43234,1501,0
GIF_DMA_wait,18504252,244,1501,0
Packet_qwords,18508715,0,1501,64
VIF1_submit,18508704,5200,1501,0
Dispatch,18362620,152630,1501,0
Static_bag,18345970,169320,1501,0
Bounds,18516662,6284,1501,0
Packet_build,18536240,10911,1501,0
VIF1_DMA_wait,18547658,1863,1501,0
GIF_DMA_wait,18549576,176,1501,0
Packet_qwords,18556449,0,1501,141
VIF1_submit,18556438,5106,1501,0
Packet_build,18566399,7453,1501,0
VIF1_DMA_wait,18574431,58857,1501,0
GIF_DMA_wait,18633570,206,1501,0
Packet_qwords,18637971,0,1501,64
VIF1_submit,18637960,4854,1501,0
Dispatch,18531460,112792,1501,0
Static_bag,18516096,128196,1501,0
Bounds,18645710,6224,1501,0
Packet_build,18667576,10447,1501,0
VIF1_DMA_wait,18678760,347,1501,0
GIF_DMA_wait,18679162,124,1501,0
Packet_qwords,18685947,0,1501,141
VIF1_submit,18685936,5052,1501,0
Packet_build,18696437,5705,1501,0
VIF1_DMA_wait,18702495,57257,1501,0
GIF_DMA_wait,18759853,40,1501,0
Packet_qwords,18763093,0,1501,57
VIF1_submit,18763083,4404,1501,0
Dispatch,18660340,108167,1501,0
Static_bag,18645220,123327,1501,0
Bounds,18769626,5732,1501,0
Static_bag,18769216,6369,1501,0
Bounds,18776086,15292,1501,0
Static_bag,18775911,15850,1501,0
Bounds,18792572,3824,1501,0
Static_bag,18792260,4264,1501,0
Bounds,18797049,1966,1501,0
Static_bag,18796878,2324,1501,0
Bounds,18799730,2189,1501,0
Static_bag,18799514,2580,1501,0
Bounds,18802608,1927,1501,0
Static_bag,18802436,2278,1501,0
Bounds,18805214,2159,1501,0
Static_bag,18805039,2593,1501,0
Bounds,18808144,2389,1501,0
Package_create,18819778,4943,1501,0
Dispatch,18819436,6979,1501,0
Static_bag,18807944,18511,1501,0
Bounds,18827084,3728,1501,0
Static_bag,18826876,4209,1501,0
Bounds,18831579,1824,1501,0
Static_bag,18831421,2161,1501,0
Bounds,18834120,1880,1501,0
Static_bag,18833958,2244,1501,0
Bounds,18836700,1794,1501,0
Static_bag,18836504,2194,1501,0
Bounds,18839206,1898,1501,0
Static_bag,18839052,2232,1501,0
Procedural,16561520,2280012,1501,0
Bounds,18848879,3410,1501,0
Package_classify,18861957,2134,1501,0
Package_classify,18864600,1185,1501,0
Package_create,18861406,4476,1501,0
QBuffer_copy,18867236,3662,1501,0
Packet_build,18872308,2466,1501,0
VIF1_DMA_wait,18875098,442,1501,0
GIF_DMA_wait,18875668,124,1501,0
Packet_qwords,18877577,0,1501,34
VIF1_submit,18877566,5080,1501,0
Dispatch,18861133,22859,1501,0
Static_bag,18848420,35654,1501,0
Object,18848072,36484,1501,4
Bounds,18895676,4982,1501,0
Static_bag,18895228,5739,1501,0
Object,18894914,6724,1501,8
Bounds,18904493,3026,1501,0
Static_bag,18904140,3572,1501,0
Object,18904017,3909,1501,9
Bounds,18910412,2623,1501,0
Static_bag,18910216,2948,1501,0
Object,18910001,3499,1501,10
Bounds,18915841,2762,1501,0
Static_bag,18915672,3074,1501,0
Object,18915569,3463,1501,11
Object,18919737,60,1501,12
Object,18920189,106,1501,13
Object,18920735,88,1501,14
Object,18921251,116,1501,15
Object,18921837,58,1501,16
Object,18922413,88,1501,17
Object,18922901,58,1501,18
Object,18923439,108,1501,19
Object,18924029,74,1501,20
Object,18924503,58,1501,21
Object,18925007,104,1501,22
Bounds,18926276,3408,1501,0
Static_bag,18925974,3906,1501,0
Object,18925823,4334,1501,27
Bounds,18931329,2235,1501,0
Static_bag,18931144,2548,1501,0
Object,18930891,3006,1501,30
Bounds,18948170,3698,1501,0
Static_bag,18947918,4205,1501,0
Object,18947482,4946,1501,32
Bounds,18954805,2454,1501,0
Static_bag,18954540,2892,1501,0
Object,18954365,3212,1501,34
Bounds,18959468,2419,1501,0
Static_bag,18959262,2754,1501,0
Object,18959126,3040,1501,36
Bounds,18966008,2530,1501,0
Static_bag,18965808,2922,1501,0
Object,18965573,3372,1501,42
Bounds,18972782,3616,1501,0
Package_classify,18989697,1275,1501,0
Package_classify,18991432,667,1501,0
Package_classify,18992295,664,1501,0
Package_classify,18993155,667,1501,0
Package_classify,18994118,1701,1501,0
Package_classify,18996062,1391,1501,0
Package_create,18988084,9530,1501,0
Packet_build,19000448,3075,1501,0
VIF1_DMA_wait,19003958,438,1501,0
GIF_DMA_wait,19004590,124,1501,0
Packet_qwords,19007001,0,1501,43
VIF1_submit,19006990,4968,1501,0
Dispatch,18987730,25613,1501,0
Static_bag,18972578,40864,1501,0
Bounds,19014840,5453,1501,0
Package_classify,19032053,1231,1501,0
Package_classify,19033762,767,1501,0
Package_classify,19034766,819,1501,0
Package_classify,19035782,770,1501,0
Package_classify,19036792,816,1501,0
Package_classify,19037816,751,1501,0
Package_classify,19038763,752,1501,0
Package_classify,19039793,13425,1501,0
Package_classify,19054278,967,1501,0
Package_classify,19055522,852,1501,0
Package_classify,19056648,784,1501,0
Package_classify,19057674,1668,1501,0
Package_classify,19059618,1539,1501,0
Package_classify,19061400,1505,1501,0
Package_classify,19063105,1359,1501,0
Package_create,19030480,34098,1501,0
Packet_build,19068592,4333,1501,0
VIF1_DMA_wait,19073290,436,1501,0
GIF_DMA_wait,19073870,122,1501,0
Packet_qwords,19077429,0,1501,64
VIF1_submit,19077418,4920,1501,0
Dispatch,19030183,53471,1501,0
Static_bag,19014292,69402,1501,0
Bounds,19085188,5680,1501,0
Static_bag,19084558,17794,1501,0
Bounds,19103476,3876,1501,0
Static_bag,19103015,4533,1501,0
Bounds,19108050,2343,1501,0
Package_classify,19122623,1299,1501,0
Package_classify,19124406,662,1501,0
Package_classify,19125264,670,1501,0
Package_classify,19126134,1721,1501,0
Package_create,19121080,6914,1501,0
Packet_build,19130056,2485,1501,0
VIF1_DMA_wait,19133036,438,1501,0
GIF_DMA_wait,19133662,124,1501,0
Packet_qwords,19135707,0,1501,36
VIF1_submit,19135696,5178,1501,0
Dispatch,19120738,21448,1501,0
Static_bag,19107804,34503,1501,0
Object,18972490,170366,1501,43
Bounds,19147577,4853,1501,0
Static_bag,19147144,5619,1501,0
Object,19146800,6137,1501,52
Bounds,19157390,2980,1501,0
Static_bag,19157046,3540,1501,0
Object,19156899,3785,1501,60
Bounds,19162266,2463,1501,0
Static_bag,19162008,2952,1501,0
Object,19161860,3253,1501,61
Bounds,19166577,2527,1501,0
Static_bag,19166350,2936,1501,0
Object,19166242,3113,1501,62
Bounds,19170794,2305,1501,0
Static_bag,19170586,2650,1501,0
Object,19170410,2983,1501,63
Bounds,19174774,2373,1501,0
Static_bag,19174548,2814,1501,0
Object,19174439,3108,1501,64
Bounds,19178917,2240,1501,0
Static_bag,19178736,2580,1501,0
Object,19178625,2880,1501,65
Bounds,19183096,2285,1501,0
Static_bag,19182946,2612,1501,0
Object,19182801,2934,1501,66
Bounds,19187132,2375,1501,0
Static_bag,19186896,2738,1501,0
Object,19186744,3028,1501,67
Bounds,19192603,2318,1501,0
Static_bag,19192302,2832,1501,0
Bounds,19195441,1661,1501,0
Static_bag,19195228,2068,1501,0
Object,19192191,5244,1501,70
Bounds,19199056,2697,1501,0
Static_bag,19198840,3178,1501,0
Bounds,19202446,2149,1501,0
Static_bag,19202227,2545,1501,0
Object,19198690,6283,1501,71
Bounds,19206914,2743,1501,0
Static_bag,19206653,3177,1501,0
Bounds,19210264,1813,1501,0
Static_bag,19210065,2153,1501,0
Object,19206513,5850,1501,73
Bounds,19218294,3260,1501,0
Package_classify,19231535,1496,1501,0
Package_classify,19233498,792,1501,0
Package_classify,19234481,859,1501,0
Package_classify,19235562,792,1501,0
Package_classify,19236569,851,1501,0
Package_classify,19237636,792,1501,0
Package_classify,19238651,851,1501,0
Package_classify,19239803,792,1501,0
Package_create,19230958,9699,1501,0
QBuffer_copy,19241922,16094,1501,0
QBuffer_copy,19260281,4572,1501,0
QBuffer_copy,19265672,3118,1501,0
Packet_build,19270708,3836,1501,0
VIF1_DMA_wait,19274942,432,1501,0
GIF_DMA_wait,19275502,124,1501,0
Packet_qwords,19278249,0,1501,50
VIF1_submit,19278238,5226,1501,0
Dispatch,19230583,54295,1501,0
Static_bag,19218096,66876,1501,0
Bounds,19286368,5826,1501,0
Packet_build,19304494,4294,1501,0
Dispatch,19301308,7838,1501,0
Static_bag,19285968,23251,1501,0
Bounds,19310076,4315,1501,0
Packet_build,19324186,1555,1501,0
Dispatch,19322485,3522,1501,0
Static_bag,19309828,16219,1501,0
Object,19217949,108411,1501,78
Bounds,19331216,4368,1501,0
Packet_build,19344802,2050,1501,0
Dispatch,19343136,4003,1501,0
Static_bag,19330978,16204,1501,0
Bounds,19347892,3921,1501,0
Packet_build,19361392,3343,1501,0
Submission_batch,19365247,0,1501,4
VIF1_DMA_wait,19365768,440,1501,0
GIF_DMA_wait,19366300,124,1501,0
Packet_qwords,19373861,0,1501,220
VIF1_submit,19373850,5282,1501,0
Dispatch,19359001,21290,1501,0
Static_bag,19347658,32673,1501,0
Bounds,19381801,6024,1501,0
Packet_build,19397998,1636,1501,0
Dispatch,19396489,3408,1501,0
Static_bag,19381236,18730,1501,0
Object,19330666,69776,1501,79
Bounds,19423288,5761,1501,0
Packet_build,19440910,2455,1501,0
Dispatch,19438660,5084,1501,0
Static_bag,19422900,20926,1501,0
Bounds,19444505,4220,1501,0
Packet_build,19458484,3208,1501,0
Dispatch,19456169,5783,1501,0
Static_bag,19444306,17686,1501,0
Bounds,19462722,4459,1501,0
Packet_build,19475902,1336,1501,0
Submission_batch,19477597,0,1501,4
VIF1_DMA_wait,19477992,440,1501,0
GIF_DMA_wait,19478524,124,1501,0
Packet_qwords,19484801,0,1501,192
VIF1_submit,19484790,5272,1501,0
Dispatch,19474530,16867,1501,0
Static_bag,19462444,28993,1501,0
Object,19422484,69506,1501,87
Bounds,19499749,5689,1501,0
Packet_build,19517258,2712,1501,0
Dispatch,19515059,5197,1501,0
Static_bag,19499416,20925,1501,0
Bounds,19521161,4271,1501,0
Packet_build,19535620,3253,1501,0
Dispatch,19533161,6008,1501,0
Static_bag,19520944,18265,1501,0
Bounds,19539941,4166,1501,0
Packet_build,19552748,1386,1501,0
Dispatch,19551288,3067,1501,0
Static_bag,19539738,14657,1501,0
Object,19499109,55689,1501,94
Bounds,19571566,4942,1501,0
Static_bag,19570994,5933,1501,0
Bounds,19577416,1936,1501,0
Static_bag,19577277,2219,1501,0
Object,19559374,20324,1501,99
Bounds,19583479,2474,1501,0
Static_bag,19583268,2862,1501,0
Bounds,19586545,1691,1501,0
Static_bag,19586346,2034,1501,0
Object,19583013,5565,1501,103
Bounds,19590356,2611,1501,0
Static_bag,19590172,2954,1501,0
Bounds,19593493,1845,1501,0
Static_bag,19593325,2195,1501,0
Object,19589973,5665,1501,104
Bounds,19599166,2639,1501,0
Static_bag,19598862,3126,1501,0
Bounds,19602424,1688,1501,0
Static_bag,19602157,2099,1501,0
Object,19598649,5757,1501,108
Bounds,19606212,2577,1501,0
Static_bag,19605892,3074,1501,0
Bounds,19609394,2042,1501,0
Static_bag,19609155,2423,1501,0
Object,19605689,5961,1501,109
Bounds,19613403,2128,1501,0
Static_bag,19613100,2558,1501,0
Bounds,19615978,1664,1501,0
Static_bag,19615793,2041,1501,0
Object,19612942,4964,1501,110
Bounds,19620019,2409,1501,0
Static_bag,19619794,2836,1501,0
Object,19619631,3212,1501,114
Object,19623449,144,1501,115
Object,19624187,60,1501,116
Object,19624685,106,1501,117
Object,19625207,88,1501,118
Object,19625789,74,1501,119
Object,19626359,58,1501,120
Bounds,19630190,3826,1501,0
Static_bag,19630028,4216,1501,0
Object,19629927,5157,1501,121
Bounds,19638592,3224,1501,0
Static_bag,19638353,13473,1501,0
Bounds,19653304,4476,1501,0
Static_bag,19652954,5002,1501,0
Object,19638143,20329,1501,122
Bounds,19660055,2995,1501,0
Static_bag,19659809,3385,1501,0
Object,19659580,3820,1501,123
Bounds,19664527,2265,1501,0
Static_bag,19664382,2552,1501,0
Object,19664183,2866,1501,124
Bounds,19667953,2121,1501,0
Static_bag,19667778,2574,1501,0
Object,19667591,2984,1501,125
Bounds,19671503,2337,1501,0
Static_bag,19671334,2684,1501,0
Object,19671185,2982,1501,126
Bounds,19675015,2433,1501,0
Static_bag,19674868,2788,1501,0
Object,19674731,3092,1501,127
Bounds,19678895,2433,1501,0
Static_bag,19678684,2860,1501,0
Object,19678505,3326,1501,128
Bounds,19682831,2318,1501,0
Static_bag,19682602,2758,1501,0
Object,19682415,3124,1501,129
Bounds,19686422,2390,1501,0
Static_bag,19686250,2792,1501,0
Object,19686081,3194,1501,130
Bounds,19690205,2081,1501,0
Static_bag,19690030,2384,1501,0
Object,19689855,2776,1501,131
Bounds,19693535,2231,1501,0
Static_bag,19693336,2588,1501,0
Object,19693199,2956,1501,132
Bounds,19697293,2213,1501,0
Static_bag,19697076,2588,1501,0
Object,19696841,2977,1501,133
Bounds,19701714,2535,1501,0
Static_bag,19701506,2950,1501,0
Object,19701419,3268,1501,134
Object,19705395,116,1501,135
Object,19705953,68,1501,136
Object,19706453,58,1501,137
Object,19706963,58,1501,138
Object,19707511,56,1501,139
Object,19707986,73,1501,140
Object,19708511,58,1501,141
Object,19709055,72,1501,142
Submission_batch,19711215,0,1501,3
VIF1_DMA_wait,19711882,448,1501,0
GIF_DMA_wait,19712422,124,1501,0
Packet_qwords,19728857,0,1501,153
VIF1_submit,19728846,5098,1501,0
Objects,18841656,893430,1501,0
Wheels,19735240,4172,1501,0
Animation,19739494,112,1501,0
Shadow_decals,19739730,94,1501,0
Mirrors,19739906,1,1501,0
Portal_surfaces,19739940,1,1501,0
Bounds,19751920,11428,1501,0
Static_bag,19751442,12279,1501,0
Bounds,19773584,7578,1501,0
Static_bag,19773317,8170,1501,0
Bounds,19791494,7316,1501,0
Static_bag,19791323,7760,1501,0
Bounds,19809416,8272,1501,0
GS_FINISH_wait,19827618,477,1501,0
Align3D,19821939,6317,1501,0
Package_classify,19837469,1252,1501,0
Package_classify,19839130,688,1501,0
Package_classify,19840106,434,1501,0
Package_classify,19840828,1596,1501,0
Package_classify,19842711,1093,1501,0
Package_classify,19844045,1118,1501,0
Package_create,19836928,8297,1501,0
Packet_build,19849532,3604,1501,0
VIF1_DMA_wait,19853462,384,1501,0
GIF_DMA_wait,19853990,122,1501,0
Packet_qwords,19856565,0,1501,48
VIF1_submit,19856554,4800,1501,0
GS_FINISH_wait,19866688,16046,1501,0
Align3D,19862615,20373,1501,0
Dispatch,19836493,49374,1501,0
Static_bag,19809218,76732,1501,0
Bounds,19897328,10262,1501,0
Static_bag,19896930,11031,1501,0
Bounds,19918132,7794,1501,0
Static_bag,19917920,8323,1501,0
Bounds,19936148,7452,1501,0
Static_bag,19935983,7898,1501,0
Bounds,19953540,7334,1501,0
Static_bag,19953332,7817,1501,0
Light_pools,19740047,221919,1501,0
Projected_shadows,19962044,4192,1501,0
Bounds,19970528,5576,1501,0
Static_bag,19970226,6165,1501,0
Bounds,19979627,4947,1501,0
Static_bag,19979368,5487,1501,0
Bounds,19987778,4722,1501,0
Static_bag,19987511,5218,1501,0
Blob_shadows,19966379,26593,1501,0
Bounds,19995845,4437,1501,0
Static_bag,19995626,4955,1501,0
Bounds,20010239,5645,1501,0
Static_bag,20009990,6193,1501,0
Bounds,20017864,4092,1501,0
Static_bag,20017670,4477,1501,0
Bounds,20044004,7604,1501,0
Static_bag,20043660,8269,1501,0
Bounds,20053790,4046,1501,0
Static_bag,20053646,4465,1501,0
Bounds,20067194,5434,1501,0
Static_bag,20067114,5773,1501,0
Bounds,20074541,4371,1501,0
Static_bag,20074378,4763,1501,0
Bounds,20088199,5135,1501,0
Static_bag,20088086,5561,1501,0
Bounds,20095259,4455,1501,0
Static_bag,20095152,4809,1501,0
Bounds,20108815,5141,1501,0
Static_bag,20108684,5537,1501,0
Bounds,20115793,4539,1501,0
Static_bag,20115652,4943,1501,0
Bounds,20129502,5202,1501,0
Static_bag,20129402,5539,1501,0
Bounds,20136553,4267,1501,0
Static_bag,20136398,4735,1501,0
Bounds,20149998,5620,1501,0
Static_bag,20149916,5971,1501,0
Bounds,20157648,4088,1501,0
Static_bag,20157512,4489,1501,0
Bounds,20170754,5050,1501,0
Static_bag,20170682,5435,1501,0
Light_beams,19993118,183302,1501,0
Highlights_and_outlines,20176581,1,1501,0
Bounds,20206046,7682,1501,0
Static_bag,20205744,8365,1501,0
Particles,20176716,37584,1501,0
Scene,14251206,5963264,1501,0
GS_FINISH_wait,20224474,479,1501,0
Align3D,20219289,5825,1501,0
GS_FINISH_wait,20858794,479,1501,0
Align3D,20853513,6040,1501,0
PostFx,20853048,293274,1501,0
Present,21146942,2436142,1501,0
EndFrame,20242500,3340797,1501,0
Game,11817978,11774216,1501,0
Info,23592350,410,1501,0
Frame,11809644,11783820,1501,0
END,2679,0,2,1500
