bag,producer,vertices,stripped,lit,textured,pick,spot,visible,bag_ptr,x,y,z,model
0,1,504,0,0,0,0,1,1,18580688,-0.008397,2.504581,115.605392,33534784
1,1,126,0,0,1,0,1,1,5640784,-0.008397,2.504581,115.605392,33535488
2,1,198,0,0,1,0,1,1,6215712,-0.008397,2.504581,115.605392,33535488
3,1,636,0,0,1,0,1,1,9561824,-0.008397,2.504581,115.605392,33535488
4,1,6,0,0,1,0,1,0,6211408,0.000000,0.000000,0.000000,33535168
5,2,588,1,0,1,0,1,1,13334272,0.000000,0.000000,0.000000,33533568
6,2,588,1,0,1,0,1,1,13529056,0.000000,0.000000,0.000000,33533568
7,2,588,1,0,1,0,1,1,13593984,0.000000,0.000000,0.000000,33533568
8,3,72,0,0,0,1,1,1,14829728,0.000000,0.000000,0.000000,33533568
9,4,75,1,0,1,1,1,1,9594368,0.000000,0.000000,0.000000,33533568
10,4,75,1,0,1,1,1,1,11477552,0.000000,0.000000,0.000000,33533568
11,4,12,0,0,1,1,1,1,11857520,0.000000,0.000000,0.000000,33533568
12,6,120,0,0,0,1,1,1,17527616,0.000000,0.314226,122.101952,9814912
13,6,3390,1,0,1,1,1,1,17567712,0.000000,0.314226,122.101952,9814912
14,6,2025,1,0,1,1,1,1,17776320,0.000000,0.314226,122.101952,9814912
15,6,1200,1,0,1,1,1,1,17668768,0.000000,0.000000,0.000000,33533568
16,7,96,0,0,1,0,0,0,17685488,0.000000,0.000000,0.000000,33548096
17,7,54,0,0,1,0,0,1,7212880,0.000000,0.000000,0.000000,7215680
18,7,204,0,0,1,1,1,1,17514224,0.000000,0.314226,122.101952,9814912
19,7,54,0,0,1,0,0,1,18218752,0.000000,0.000000,0.000000,33533568
20,7,24,0,0,1,1,1,1,18221424,0.000000,0.000000,0.000000,33539904
