frame,pick_calls,pick_ticks,no_candidate,spot_calls,spot_ticks,cache_hits,cache_misses,mismatches,register_calls,register_ticks,mode
0,55,33394,40,72,19305,0,0,0,8,3272,10
1,44,26406,33,58,14443,0,0,0,8,3272,10
2,55,37928,40,72,19305,0,0,0,8,3272,10
3,44,26406,33,58,14443,0,0,0,8,3272,10
4,44,26406,33,58,14443,0,0,0,8,3272,10
5,44,26406,33,58,14443,0,0,0,8,3272,10
6,44,26406,33,58,14443,0,0,0,8,3272,10
7,44,26406,33,58,14443,0,0,0,8,3272,10
8,44,37738,33,58,14443,0,0,0,8,3272,10
9,44,32418,33,58,14443,0,0,0,8,3272,10
10,44,31191,33,58,19201,0,0,0,8,3272,10
11,44,26406,33,58,14443,0,0,0,8,3272,10
12,44,26406,33,58,14443,0,0,0,8,3272,10
13,44,26406,33,58,14443,0,0,0,8,3272,10
14,44,26406,33,58,14443,0,0,0,8,3272,10
15,44,26406,33,58,14443,0,0,0,8,3272,10
16,44,37040,33,58,14443,0,0,0,8,3272,10
17,44,26406,33,58,18492,0,0,0,8,8281,10
18,44,26406,33,58,14443,0,0,0,8,3272,10
19,44,31455,33,58,14443,0,0,0,8,3272,10
20,44,26406,33,58,14443,0,0,0,8,3272,10
21,44,31922,33,58,14443,0,0,0,8,3272,10
22,44,26406,33,58,14443,0,0,0,8,3272,10
23,44,26406,33,58,14443,0,0,0,8,3272,10
24,44,26406,33,58,14443,0,0,0,8,3272,10
25,44,26406,33,58,14443,0,0,0,8,3272,10
26,44,26406,33,58,14443,0,0,0,8,3272,10
27,44,31948,33,58,14443,0,0,0,8,3272,10
28,44,37293,33,58,14443,0,0,0,8,3272,10
29,44,26406,33,58,14443,0,0,0,8,9896,10
30,44,26406,33,58,14443,0,0,0,8,3272,10
31,44,26406,33,58,14443,0,0,0,8,3272,10
32,44,26406,33,58,14443,0,0,0,8,3272,10
33,44,26406,33,58,14443,0,0,0,8,3272,10
34,44,26406,33,58,14443,0,0,0,8,3272,10
35,44,26406,33,58,19834,0,0,0,8,3272,10
36,44,26406,33,58,14443,0,0,0,8,7817,10
37,44,26406,33,58,14443,0,0,0,8,3272,10
38,44,26406,33,58,14443,0,0,0,8,3272,10
39,44,32086,33,58,14443,0,0,0,8,3272,10
40,44,26406,33,58,14443,0,0,0,8,3272,10
41,44,26406,33,58,14443,0,0,0,8,3272,10
42,44,26406,33,58,19702,0,0,0,8,3272,10
43,44,26406,33,58,14443,0,0,0,8,3272,10
44,44,26406,33,58,14443,0,0,0,8,3272,10
45,44,26406,33,58,14443,0,0,0,8,3272,10
46,44,26406,33,58,14443,0,0,0,8,3272,10
47,44,26406,33,58,14443,0,0,0,8,3272,10
48,44,26406,33,58,14443,0,0,0,8,3272,10
49,44,26406,33,58,20004,0,0,0,8,3272,10
50,44,26406,33,58,14443,0,0,0,8,3272,10
51,44,26406,33,58,14443,0,0,0,8,3272,10
52,44,26406,33,58,20518,0,0,0,8,3272,10
53,44,26406,33,58,14443,0,0,0,8,3272,10
54,44,26406,33,58,14443,0,0,0,8,3272,10
55,44,32871,33,58,14443,0,0,0,8,3272,10
56,44,31971,33,58,14443,0,0,0,8,3272,10
57,44,26406,33,58,14443,0,0,0,8,3272,10
58,44,26406,33,58,14443,0,0,0,8,3272,10
59,44,26406,33,58,14443,0,0,0,8,3272,10
60,44,39631,33,58,14443,0,0,0,8,8701,10
61,44,31723,33,58,14443,0,0,0,8,3272,10
62,44,26406,33,58,14443,0,0,0,8,3272,10
63,44,26406,33,58,14443,0,0,0,8,3272,10
64,44,26406,33,58,14443,0,0,0,8,3272,10
65,44,26406,33,58,14443,0,0,0,8,3272,10
66,44,26406,33,58,14443,0,0,0,8,3272,10
67,44,31457,33,58,14443,0,0,0,8,3272,10
68,44,26406,33,58,14443,0,0,0,8,3272,10
69,44,26406,33,58,18196,0,0,0,8,3272,10
70,44,26406,33,58,14443,0,0,0,8,3272,10
71,44,26406,33,58,14443,0,0,0,8,3272,10
72,44,26406,33,58,14443,0,0,0,8,3272,10
73,44,26406,33,58,18497,0,0,0,8,8896,10
74,44,33030,33,58,14443,0,0,0,8,3272,10
75,44,32596,33,58,14443,0,0,0,8,3272,10
76,44,26406,33,58,14443,0,0,0,8,3272,10
77,44,26406,33,58,14443,0,0,0,8,3272,10
78,44,26406,33,58,14443,0,0,0,8,3272,10
79,44,30428,33,58,14443,0,0,0,8,3272,10
80,44,26406,33,58,14443,0,0,0,8,3272,10
81,44,33005,33,58,14443,0,0,0,8,3272,10
82,44,26406,33,58,20439,0,0,0,8,3272,10
83,44,37026,33,58,14443,0,0,0,8,3272,10
84,44,26406,33,58,14443,0,0,0,8,3272,10
85,44,26406,33,58,14443,0,0,0,8,3272,10
86,44,26406,33,58,14443,0,0,0,8,3272,10
87,44,26406,33,58,19753,0,0,0,8,3272,10
88,44,26406,33,58,14443,0,0,0,8,8930,10
89,44,26406,33,58,14443,0,0,0,8,8309,10
90,44,26406,33,58,14443,0,0,0,8,3272,10
91,44,26406,33,58,14443,0,0,0,8,3272,10
92,44,26406,33,58,14443,0,0,0,8,3272,10
93,44,26406,33,58,14443,0,0,0,8,3272,10
94,44,26406,33,58,14443,0,0,0,8,3272,10
95,44,26406,33,58,14443,0,0,0,8,3272,10
96,44,31900,33,58,20056,0,0,0,8,3272,10
97,44,26406,33,58,14443,0,0,0,8,3272,10
98,44,26406,33,58,18637,0,0,0,8,3272,10
99,44,26406,33,58,14443,0,0,0,8,3272,10
100,44,26406,33,58,14443,0,0,0,8,3272,10
101,44,26406,33,58,14443,0,0,0,8,3272,10
102,44,26406,33,58,14443,0,0,0,8,3272,10
103,44,26406,33,58,14443,0,0,0,8,3272,10
104,44,32473,33,58,14443,0,0,0,8,3272,10
105,44,26406,33,58,20083,0,0,0,8,3272,10
106,44,30940,33,58,14443,0,0,0,8,3272,10
107,44,26406,33,58,14443,0,0,0,8,7249,10
108,44,33007,33,58,20408,0,0,0,8,3272,10
109,44,26406,33,58,14443,0,0,0,8,3272,10
110,44,26406,33,58,14443,0,0,0,8,3272,10
111,44,32108,33,58,14443,0,0,0,8,3272,10
112,44,26406,33,58,14443,0,0,0,8,3272,10
113,44,26406,33,58,18608,0,0,0,8,3272,10
114,44,26406,33,58,14443,0,0,0,8,3272,10
115,44,26406,33,58,14443,0,0,0,8,3272,10
116,44,26406,33,58,20797,0,0,0,8,3272,10
117,44,26406,33,58,18945,0,0,0,8,3272,10
118,44,26406,33,58,14443,0,0,0,8,3272,10
119,44,33005,33,58,14443,0,0,0,8,3272,10
120,44,26406,33,58,14443,0,0,0,8,3272,10
121,44,26406,33,58,19485,0,0,0,8,3272,10
122,44,26406,33,58,14443,0,0,0,8,3272,10
123,44,32275,33,58,14443,0,0,0,8,3272,10
124,44,26406,33,58,14443,0,0,0,8,3272,10
125,44,31483,33,58,14443,0,0,0,8,3272,10
126,44,26406,33,58,14443,0,0,0,8,3272,10
127,44,26406,33,58,14443,0,0,0,8,3272,10
128,44,26406,33,59,14498,0,0,0,8,3272,10
129,44,26406,33,59,14498,0,0,0,8,3272,10
130,44,26406,33,59,14498,0,0,0,8,3272,10
131,44,31443,33,59,14498,0,0,0,8,3272,10
132,44,26406,33,59,14498,0,0,0,8,3272,10
133,44,26406,33,59,14498,0,0,0,8,3272,10
134,44,26406,33,59,14498,0,0,0,8,3272,10
135,44,26406,33,59,14498,0,0,0,8,3272,10
136,44,26406,33,59,20635,0,0,0,8,3272,10
137,44,37216,33,59,14498,0,0,0,8,3272,10
138,44,30538,33,59,14498,0,0,0,8,3272,10
139,44,26406,33,59,14498,0,0,0,8,3272,10
140,44,26406,33,59,14498,0,0,0,8,3272,10
141,44,26406,33,59,21122,0,0,0,8,3272,10
142,44,26406,33,59,14498,0,0,0,8,3272,10
143,44,31101,33,59,14498,0,0,0,8,3272,10
144,44,26406,33,59,14498,0,0,0,8,3272,10
145,44,30427,33,60,14553,0,0,0,8,3272,10
146,45,32904,33,61,19941,0,0,0,8,3272,10
147,45,39958,33,61,15631,0,0,0,8,3272,10
148,47,33837,33,63,17787,0,0,0,8,3272,10
149,46,27632,33,62,16709,0,0,0,8,3272,10
150,46,33188,33,62,21590,0,0,0,8,3272,10
151,46,34256,33,62,16709,0,0,0,8,3272,10
152,46,27632,33,62,23333,0,0,0,8,3272,10
153,46,27632,33,62,16709,0,0,0,8,3272,10
154,46,27632,33,62,16709,0,0,0,8,3272,10
155,46,34233,33,62,16709,0,0,0,8,3272,10
156,46,27632,33,62,16709,0,0,0,8,3272,10
157,47,28477,33,63,23703,0,0,0,8,3272,10
158,47,28477,33,63,17787,0,0,0,8,3272,10
159,47,28477,33,63,17787,0,0,0,8,3272,10
160,47,28477,33,63,17787,0,0,0,8,3272,10
161,47,38568,33,63,17787,0,0,0,8,3272,10
162,47,28477,33,63,17787,0,0,0,8,3272,10
163,47,28477,33,63,17787,0,0,0,8,3272,10
164,47,34033,33,63,17787,0,0,0,8,3272,10
165,47,28477,33,63,17787,0,0,0,8,3272,10
166,47,28483,33,63,17787,0,0,0,8,3272,10
167,47,28489,33,63,17787,0,0,0,8,3272,10
168,47,28412,33,63,17787,0,0,0,8,3272,10
169,47,28412,33,63,17787,0,0,0,8,3272,10
170,47,33980,33,63,17787,0,0,0,8,3272,10
171,47,34483,33,63,23194,0,0,0,8,3272,10
172,47,28412,33,63,17787,0,0,0,8,3272,10
173,47,28412,33,63,17787,0,0,0,8,3272,10
174,47,28412,33,63,17787,0,0,0,8,3272,10
175,47,28412,33,63,17787,0,0,0,8,3272,10
176,47,34517,33,63,17787,0,0,0,8,3272,10
177,47,28489,33,63,17787,0,0,0,8,3272,10
178,47,28489,33,63,17787,0,0,0,8,3272,10
179,47,28489,33,63,17787,0,0,0,8,3272,10
180,117,74752,49,142,91936,0,0,0,8,3272,10
181,99,69846,39,122,68090,0,0,0,8,3272,10
182,99,63748,39,122,68090,0,0,0,8,3272,10
183,99,63748,39,122,68090,0,0,0,8,3272,10
184,99,70322,39,122,68090,0,0,0,8,3272,10
185,99,63748,39,122,68090,0,0,0,8,3272,10
186,99,69795,39,122,72992,0,0,0,8,3272,10
187,99,63748,39,122,72604,0,0,0,8,3272,10
188,99,63748,39,122,68090,0,0,0,8,3272,10
189,99,69172,39,122,73122,0,0,0,8,3272,10
190,102,69742,40,125,82977,0,0,0,8,3272,10
191,102,65520,42,125,68255,0,0,0,8,3272,10
192,102,70805,42,125,68255,0,0,0,8,3272,10
193,101,76774,42,124,67177,0,0,0,8,3272,10
194,101,70434,42,124,67177,0,0,0,8,3272,10
195,102,72210,42,125,68255,0,0,0,8,3272,10
196,102,65586,42,125,68255,0,0,0,8,3272,10
197,102,65586,42,125,72251,0,0,0,8,3272,10
198,102,65586,42,125,68255,0,0,0,8,3272,10
199,102,71171,42,125,74221,0,0,0,8,3272,10
200,101,64882,42,124,67177,0,0,0,8,3272,10
201,101,64882,42,124,72132,0,0,0,8,3272,10
202,101,64882,42,124,67177,0,0,0,8,3272,10
203,101,64882,42,124,71045,0,0,0,8,3272,10
204,101,64882,42,124,71666,0,0,0,8,3272,10
205,101,71057,42,124,73778,0,0,0,8,3272,10
206,101,64882,42,124,72224,0,0,0,8,3272,10
207,101,64882,42,124,84117,0,0,0,8,3272,10
208,101,70444,42,124,72191,0,0,0,8,3272,10
209,101,64882,42,124,67177,0,0,0,8,3272,10
210,101,71506,42,124,67177,0,0,0,8,3272,10
211,101,64882,42,124,83642,0,0,0,8,3272,10
212,101,70697,42,124,73778,0,0,0,8,3272,10
213,101,71483,42,124,73259,0,0,0,8,3272,10
214,100,64263,42,123,66099,0,0,0,8,3272,10
215,100,68828,42,123,66099,0,0,0,8,3272,10
216,100,64263,42,123,71267,0,0,0,8,3272,10
217,100,71644,42,123,66099,0,0,0,8,3272,10
218,100,64263,42,123,66099,0,0,0,8,3272,10
219,100,64263,42,123,66099,0,0,0,8,3272,10
220,100,64263,42,123,66099,0,0,0,8,3272,10
221,100,64263,42,123,69917,0,0,0,8,3272,10
222,100,69820,42,123,66099,0,0,0,8,3272,10
223,100,64263,42,123,70656,0,0,0,8,3272,10
224,100,70451,42,123,66099,0,0,0,8,3272,10
225,100,64263,42,123,80835,0,0,0,8,3272,10
226,100,70338,42,123,75671,0,0,0,8,3272,10
227,100,69916,42,123,66099,0,0,0,8,3272,10
228,100,64263,42,123,66099,0,0,0,8,6978,10
229,100,64263,42,123,66099,0,0,0,8,3272,10
230,100,64263,42,123,75695,0,0,0,8,3272,10
231,98,63195,40,121,65989,0,0,0,8,3272,10
232,98,69819,40,121,77472,0,0,0,8,3272,10
233,98,63195,40,121,65989,0,0,0,8,3272,10
234,117,74818,50,141,87871,0,0,0,8,3272,10
235,98,63195,40,120,65934,0,0,0,8,3272,10
236,98,69273,40,120,65934,0,0,0,8,3272,10
237,98,68239,40,120,71002,0,0,0,8,3272,10
238,98,63195,40,120,65934,0,0,0,8,3272,10
239,98,63195,40,120,65934,0,0,0,8,3272,10
240,98,63195,40,120,65934,0,0,0,8,3272,10
241,97,68046,40,119,69315,0,0,0,8,3272,10
242,96,72765,40,118,63778,0,0,0,8,3272,10
243,95,66308,40,117,62700,0,0,0,8,3272,10
244,94,65191,40,116,61622,0,0,0,8,3272,10
245,94,67248,40,116,61622,0,0,0,8,3272,10
246,113,76297,50,137,83487,0,0,0,8,3272,10
247,93,60034,40,115,60544,0,0,0,8,8196,10
248,93,64059,40,115,60544,0,0,0,8,3272,10
249,93,73714,40,115,66064,0,0,0,8,3272,10
250,92,58950,40,114,59466,0,0,0,8,8586,10
251,92,58950,40,114,65972,0,0,0,8,3272,10
252,92,64483,40,114,59466,0,0,0,8,3272,10
253,92,58950,40,114,64860,0,0,0,8,3272,10
254,92,58950,40,114,59466,0,0,0,8,8868,10
255,91,58416,39,113,65396,0,0,0,8,3272,10
256,111,91741,49,135,76656,0,0,0,8,3272,10
257,90,57802,39,112,64957,0,0,0,8,3272,10
258,90,57802,39,112,58333,0,0,0,8,3272,10
259,90,57802,39,112,58333,0,0,0,8,3272,10
260,90,64403,39,112,63160,0,0,0,8,3272,10
261,90,57802,39,112,58333,0,0,0,8,3272,10
262,90,58383,39,112,58333,0,0,0,8,3272,10
263,90,57802,39,112,58333,0,0,0,8,3272,10
264,110,69868,51,134,71541,0,0,0,8,3272,10
265,90,67246,41,112,56287,0,0,0,8,3272,10
266,90,62169,41,112,56287,0,0,0,8,3272,10
267,90,62658,41,112,56287,0,0,0,8,3272,10
268,90,57377,44,112,57741,0,0,0,8,3272,10
269,89,56758,44,111,57569,0,0,0,8,3272,10
270,89,62261,44,111,57142,0,0,0,8,3272,10
271,89,63340,44,111,52140,0,0,0,8,3272,10
272,109,74753,54,133,63580,0,0,0,8,3272,10
273,89,56758,44,111,52140,0,0,0,8,3272,10
274,89,56758,44,111,52140,0,0,0,8,3272,10
275,89,61301,44,111,52140,0,0,0,8,3272,10
276,89,62166,44,111,56936,0,0,0,8,3272,10
277,89,56758,44,111,56600,0,0,0,8,3272,10
278,89,62320,44,111,58764,0,0,0,8,3272,10
279,88,56068,43,110,52085,0,0,0,8,3272,10
280,108,74903,53,132,64316,0,0,0,8,3272,10
281,88,56068,43,110,52085,0,0,0,8,3272,10
282,88,56068,43,110,57132,0,0,0,8,3272,10
283,88,56068,43,110,58276,0,0,0,8,3272,10
284,88,56068,43,110,57489,0,0,0,8,3272,10
285,88,56068,43,110,52085,0,0,0,8,3272,10
286,87,55449,43,109,51007,0,0,0,8,3272,10
287,85,54296,42,107,55663,0,0,0,8,3272,10
288,105,66532,52,129,72466,0,0,0,8,3272,10
289,85,54296,42,107,49874,0,0,0,8,3272,10
290,85,54296,42,107,49874,0,0,0,8,3272,10
291,85,54296,42,107,55390,0,0,0,8,3272,10
292,85,54296,42,107,49874,0,0,0,8,3272,10
293,85,65219,42,107,49874,0,0,0,8,3272,10
294,105,66532,52,129,67415,0,0,0,8,3272,10
295,85,59719,41,107,55947,0,0,0,8,3272,10
296,86,54910,42,108,50952,0,0,0,8,3272,10
297,86,54987,42,108,50952,0,0,0,8,3272,10
298,86,60056,42,108,55399,0,0,0,8,7470,10
299,86,60791,42,108,50952,0,0,0,8,3272,10
300,107,79416,52,131,68885,0,0,0,8,3272,10
301,87,55606,42,109,57448,0,0,0,8,3272,10
302,87,55606,42,109,52030,0,0,0,8,3272,10
303,87,61184,42,109,57655,0,0,0,8,3272,10
304,86,61126,41,108,51975,0,0,0,8,3272,10
305,86,55072,41,108,51975,0,0,0,8,3272,10
306,107,68482,49,131,66539,0,0,0,8,3272,10
307,86,55327,38,108,55044,0,0,0,8,3272,10
308,86,55412,37,108,56067,0,0,0,8,7919,10
309,89,57014,40,111,68247,0,0,0,8,3272,10
310,89,62549,39,111,57255,0,0,0,8,3272,10
311,89,57099,39,111,57255,0,0,0,8,3272,10
312,110,70339,49,134,75103,0,0,0,8,3272,10
313,89,63089,39,111,57255,0,0,0,8,3272,10
314,88,56965,39,110,56177,0,0,0,8,3272,10
315,86,54925,39,108,54021,0,0,0,8,3272,10
316,84,58492,39,106,51865,0,0,0,8,3272,10
317,84,59798,39,106,51865,0,0,0,8,3272,10
318,104,71850,49,129,63360,0,0,0,8,3272,10
319,84,53457,39,106,56920,0,0,0,8,3272,10
320,83,52758,39,105,61930,0,0,0,8,3272,10
321,83,57811,39,105,54576,0,0,0,8,3272,10
322,82,67257,39,104,49709,0,0,0,8,3272,10
323,82,62769,39,104,58979,0,0,0,8,3272,10
324,99,66896,48,124,62769,0,0,0,8,3272,10
325,81,51687,38,103,53663,0,0,0,8,3272,10
326,81,51532,38,103,49654,0,0,0,8,3272,10
327,81,51532,38,103,49654,0,0,0,8,3272,10
328,99,62691,48,124,58993,0,0,0,8,3272,10
329,81,57283,38,103,49654,0,0,0,8,3272,10
330,81,51520,38,103,49654,0,0,0,8,3272,10
331,78,49673,37,100,52755,0,0,0,8,3272,10
332,96,66396,47,121,68161,0,0,0,8,3272,10
333,76,53863,37,98,51911,0,0,0,8,3272,10
334,76,48265,37,98,45287,0,0,0,8,3272,10
335,76,48259,37,98,45287,0,0,0,8,3272,10
336,94,59573,47,119,59575,0,0,0,8,3272,10
337,75,47880,36,95,45122,0,0,0,8,3272,10
338,75,47880,36,94,57309,0,0,0,8,3272,10
339,74,47187,36,93,43989,0,0,0,8,3272,10
340,92,62812,46,114,53328,0,0,0,8,3272,10
341,74,47116,36,93,43989,0,0,0,8,3272,10
342,74,47116,36,93,43989,0,0,0,8,3272,10
343,76,48184,38,95,44099,0,0,0,8,3272,10
344,93,64214,48,115,52360,0,0,0,8,3272,10
345,76,48190,38,95,49430,0,0,0,8,3272,10
346,76,48190,38,95,48127,0,0,0,8,3272,10
347,75,53252,37,94,44044,0,0,0,8,3272,10
348,91,63109,47,113,51227,0,0,0,8,3272,10
349,74,47150,37,93,42966,0,0,0,8,3272,10
350,74,52708,37,92,42911,0,0,0,8,3272,10
351,74,47233,37,92,42911,0,0,0,8,3272,10
352,91,57699,47,112,56627,0,0,0,8,3272,10
353,74,47233,37,92,42911,0,0,0,8,8305,10
354,72,52375,35,90,42801,0,0,0,8,3272,10
355,72,51516,35,90,42801,0,0,0,8,3272,10
356,88,56104,44,108,50952,0,0,0,8,3272,10
357,72,46174,35,90,46654,0,0,0,8,3272,10
358,72,46174,35,90,42801,0,0,0,8,7310,10
359,72,46174,35,90,42801,0,0,0,8,3272,10
360,87,55487,44,107,49874,0,0,0,8,3272,10
361,72,46174,35,90,42801,0,0,0,8,3272,10
362,72,46089,35,90,42801,0,0,0,8,3272,10
363,72,45934,35,90,42801,0,0,0,8,3272,10
364,84,53065,44,104,46640,0,0,0,8,3272,10
365,72,45679,35,90,42801,0,0,0,8,3272,10
366,72,45511,35,90,53926,0,0,0,8,3272,10
367,72,45505,35,90,42801,0,0,0,8,3272,10
368,84,52948,44,104,46640,0,0,0,8,3272,10
369,70,44104,35,88,40645,0,0,0,8,3272,10
370,69,59585,34,87,45885,0,0,0,8,3272,10
371,68,49654,33,86,40535,0,0,0,8,3272,10
372,82,51788,42,102,46530,0,0,0,8,3272,10
373,67,50541,32,85,40480,0,0,0,8,3272,10
374,65,46374,31,83,39347,0,0,0,8,3272,10
375,63,40281,29,81,39237,0,0,0,8,3272,10
376,77,49125,37,97,46255,0,0,0,8,3272,10
377,62,39753,28,80,44181,0,0,0,8,3272,10
378,61,39219,27,79,39127,0,0,0,8,3272,10
379,61,44849,27,79,39127,0,0,0,8,3272,10
380,75,47823,36,95,45122,0,0,0,8,3272,10
381,60,42022,27,78,43898,0,0,0,8,3272,10
382,60,42482,27,78,38049,0,0,0,8,3272,10
383,60,38469,27,78,38049,0,0,0,8,3272,10
384,74,53906,35,94,45067,0,0,0,8,8859,10
385,59,37935,26,77,37994,0,0,0,8,9563,10
386,58,37321,26,76,36916,0,0,0,8,3272,10
387,57,36786,25,75,36861,0,0,0,8,3272,10
388,72,46158,34,90,43824,0,0,0,8,3272,10
389,56,36251,24,72,36696,0,0,0,8,3272,10
390,56,36949,24,72,36696,0,0,0,8,3272,10
391,56,36251,24,72,36696,0,0,0,8,3272,10
392,71,45623,33,89,43769,0,0,0,8,3272,10
393,55,42198,23,71,43240,0,0,0,8,3272,10
394,55,35717,23,71,36641,0,0,0,8,3272,10
395,55,35717,23,71,36641,0,0,0,8,3272,10
396,68,44021,30,86,43604,0,0,0,8,3272,10
397,53,34564,22,69,35508,0,0,0,8,3272,10
398,67,49918,31,85,41503,0,0,0,8,3272,10
399,51,33326,22,67,33352,0,0,0,8,3272,10
400,66,42528,33,84,38379,0,0,0,8,3272,10
401,51,33071,25,67,30283,0,0,0,8,3272,10
402,66,42443,34,84,37356,0,0,0,8,3272,10
403,50,32301,25,66,29205,0,0,0,8,3272,10
404,65,40976,34,83,36278,0,0,0,8,3272,10
405,50,31604,25,66,29205,0,0,0,8,3272,10
406,65,40976,34,83,36278,0,0,0,8,3272,10
407,50,31604,25,66,29205,0,0,0,8,3272,10
408,64,40442,33,82,36223,0,0,0,8,3272,10
409,49,37671,24,65,29150,0,0,0,8,3272,10
410,64,47041,33,82,36223,0,0,0,8,3272,10
411,49,36294,22,65,31196,0,0,0,8,3272,10
412,63,40083,30,81,38214,0,0,0,8,3272,10
413,47,29868,20,63,31086,0,0,0,8,3272,10
414,56,36041,23,74,37829,0,0,0,8,8938,10
415,45,28547,19,61,29953,0,0,0,8,3272,10
416,49,38092,20,67,33352,0,0,0,8,9280,10
417,45,28547,19,61,29953,0,0,0,8,3272,10
418,49,31491,20,67,33352,0,0,0,8,3272,10
419,45,34186,18,61,30976,0,0,0,8,3272,10
420,49,31576,19,67,34375,0,0,0,8,3272,10
421,45,28632,18,61,30976,0,0,0,8,3272,10
422,48,31042,18,66,34320,0,0,0,8,3272,10
423,43,27485,17,59,29843,0,0,0,8,3272,10
424,47,30429,18,65,33242,0,0,0,8,3272,10
425,43,27485,17,59,29843,0,0,0,8,3272,10
426,48,31122,18,66,34320,0,0,0,8,3272,10
427,43,33662,17,59,36338,0,0,0,8,3272,10
428,48,36173,18,67,38370,0,0,0,8,3272,10
429,42,26866,17,58,28765,0,0,0,8,3272,10
430,47,30491,18,66,33297,0,0,0,8,3272,10
431,41,32040,17,57,27687,0,0,0,8,3272,10
432,46,29877,18,65,32219,0,0,0,8,9431,10
433,38,24638,14,54,27522,0,0,0,8,3272,10
434,43,28269,15,62,32054,0,0,0,8,3272,10
435,38,24632,14,54,32026,0,0,0,8,3272,10
436,41,26863,15,60,29898,0,0,0,8,3272,10
437,38,24632,14,54,27522,0,0,0,8,7265,10
438,41,26863,15,60,29898,0,0,0,8,3272,10
439,38,24638,14,54,27522,0,0,0,8,3272,10
440,41,26869,15,60,29898,0,0,0,8,3272,10
441,38,24638,14,54,27522,0,0,0,8,3272,10
442,41,26869,15,60,29898,0,0,0,8,3272,10
443,38,24638,14,54,27522,0,0,0,8,3272,10
444,41,26875,15,60,29898,0,0,0,8,3272,10
445,38,24656,14,54,27522,0,0,0,8,3272,10
446,41,26886,15,60,36497,0,0,0,8,3272,10
447,38,30665,14,54,27522,0,0,0,8,3272,10
448,40,26352,14,59,29843,0,0,0,8,3272,10
449,37,24121,13,53,27467,0,0,0,8,3272,10
450,37,24121,13,53,32742,0,0,0,8,3272,10
451,36,23587,12,52,27412,0,0,0,8,3272,10
452,39,25818,13,58,29788,0,0,0,8,3272,10
453,35,29677,11,51,27357,0,0,0,8,3272,10
454,35,23053,11,50,27302,0,0,0,8,3272,10
455,33,21356,11,47,25091,0,0,0,8,3272,10
456,34,22363,11,51,26334,0,0,0,8,3272,10
457,32,20666,11,45,29831,0,0,0,8,3272,10
458,32,20666,11,45,23958,0,0,0,8,3272,10
459,31,19976,11,44,32410,0,0,0,8,3272,10
460,32,20669,11,47,24068,0,0,0,8,3272,10
461,30,19116,13,43,19756,0,0,0,8,3272,10
462,30,19116,13,43,19756,0,0,0,8,3272,10
463,30,18861,16,43,16687,0,0,0,8,3272,10
464,33,20693,18,48,17985,0,0,0,8,3272,10
465,30,18776,17,43,15664,0,0,0,8,3272,10
466,30,18776,17,43,15664,0,0,0,8,3272,10
467,30,18621,17,43,15664,0,0,0,8,3272,10
468,32,20004,17,47,17930,0,0,0,8,3272,10
469,29,18087,16,42,19616,0,0,0,8,3272,10
470,29,18087,16,42,15609,0,0,0,8,3272,10
471,28,17553,15,41,15554,0,0,0,8,3272,10
472,31,19469,16,46,17875,0,0,0,8,3272,10
473,25,15167,14,38,13343,0,0,0,8,3272,10
474,25,15167,14,38,13343,0,0,0,8,3272,10
475,25,15167,14,38,13343,0,0,0,8,3272,10
476,29,17774,15,44,16742,0,0,0,8,3272,10
477,25,15167,14,38,19002,0,0,0,8,3272,10
478,25,15167,14,38,13343,0,0,0,8,3272,10
479,25,15167,14,38,13343,0,0,0,8,3272,10
480,29,17774,15,44,16742,0,0,0,8,3272,10
481,25,15167,14,38,13343,0,0,0,8,3272,10
482,24,20147,13,37,13288,0,0,0,8,3272,10
483,24,14633,13,37,13288,0,0,0,8,3272,10
484,28,17240,14,43,16687,0,0,0,8,3272,10
485,24,14633,13,37,13288,0,0,0,8,3272,10
486,24,14633,13,37,13288,0,0,0,8,3272,10
487,23,13943,13,36,12210,0,0,0,8,3272,10
488,27,16550,14,42,15609,0,0,0,8,3272,10
489,23,13943,13,36,12210,0,0,0,8,3272,10
490,22,13409,12,35,12155,0,0,0,8,3272,10
491,22,13409,12,35,12155,0,0,0,8,3272,10
492,26,21534,13,41,15554,0,0,0,8,3272,10
493,22,13409,12,35,12155,0,0,0,8,3272,10
494,22,17239,12,35,12155,0,0,0,8,3272,10
495,22,13409,12,33,12045,0,0,0,8,3272,10
496,22,13409,12,33,20643,0,0,0,8,3272,10
497,22,13409,12,33,12045,0,0,0,8,3272,10
498,25,15397,13,38,14366,0,0,0,8,3272,10
499,21,12790,12,32,10967,0,0,0,8,3272,10
500,21,12790,12,32,16382,0,0,0,8,3272,10
501,21,12790,12,32,10967,0,0,0,8,3272,10
502,21,12790,12,32,10967,0,0,0,8,3272,10
503,21,12790,12,32,10967,0,0,0,8,3272,10
504,25,15397,13,38,14366,0,0,0,8,3272,10
505,20,12099,12,31,9889,0,0,0,8,3272,10
506,19,11329,12,30,8811,0,0,0,8,8926,10
507,19,17107,12,30,8811,0,0,0,8,3272,10
508,19,11329,12,30,14051,0,0,0,8,3272,10
509,17,16704,11,28,7678,0,0,0,8,3272,10
510,21,12967,9,34,14146,0,0,0,8,3272,10
511,17,16121,7,28,11770,0,0,0,8,3272,10
512,16,9911,6,27,17194,0,0,0,8,3272,10
513,16,15795,5,27,12738,0,0,0,8,3272,10
514,16,9996,5,27,16711,0,0,0,8,3272,10
515,16,9996,5,27,12738,0,0,0,8,3272,10
516,17,16875,5,30,19730,0,0,0,8,3272,10
517,16,10081,4,27,20385,0,0,0,8,3272,10
518,16,10081,4,27,13761,0,0,0,8,3272,10
519,16,10081,4,27,13761,0,0,0,8,3272,10
520,16,10081,4,27,13761,0,0,0,8,3272,10
521,16,10081,4,27,13761,0,0,0,8,3272,10
522,17,10774,4,30,18773,0,0,0,8,3272,10
523,15,16981,3,26,13706,0,0,0,8,3272,10
524,15,9547,3,26,13706,0,0,0,8,3272,10
525,15,9547,3,26,19139,0,0,0,8,3272,10
526,15,9547,3,26,13706,0,0,0,8,3272,10
527,15,15716,3,26,13706,0,0,0,8,3272,10
528,16,10228,3,29,14894,0,0,0,8,3272,10
529,15,9529,3,26,13706,0,0,0,8,3272,10
530,14,8915,3,25,12628,0,0,0,8,3272,10
531,13,8302,3,24,11550,0,0,0,8,3272,10
532,13,12325,3,24,11550,0,0,0,8,3272,10
533,13,8296,3,24,11550,0,0,0,8,3272,10
534,13,8296,3,24,11550,0,0,0,8,3272,10
535,13,13974,3,24,11550,0,0,0,8,3272,10
536,14,8989,3,28,12793,0,0,0,8,3272,10
537,13,8296,3,24,11550,0,0,0,8,3272,10
538,13,8302,3,24,11550,0,0,0,8,3272,10
539,13,8302,3,24,11550,0,0,0,8,3272,10
540,13,8302,3,24,11550,0,0,0,8,3272,10
541,13,8302,3,24,11550,0,0,0,8,3272,10
542,13,8308,3,24,11550,0,0,0,8,3272,10
543,13,8320,3,24,11550,0,0,0,8,3272,10
544,14,9013,3,28,12793,0,0,0,8,3272,10
545,13,8320,3,24,18009,0,0,0,8,3272,10
546,13,8320,3,24,11550,0,0,0,8,3272,10
547,12,7706,3,23,10472,0,0,0,8,3272,10
548,12,7706,3,23,10472,0,0,0,8,3272,10
549,12,7706,3,23,10472,0,0,0,8,3272,10
550,12,7706,3,23,10472,0,0,0,8,3272,10
551,12,7706,3,23,10472,0,0,0,8,3272,10
552,17,10614,6,31,12958,0,0,0,8,3272,10
553,12,7706,3,23,10472,0,0,0,8,3272,10
554,12,7706,3,23,10472,0,0,0,8,3272,10
555,12,7706,3,23,10472,0,0,0,8,3272,10
556,12,7706,3,23,15987,0,0,0,8,3272,10
557,12,7706,3,23,10472,0,0,0,8,3272,10
558,12,7706,3,23,10472,0,0,0,8,3272,10
559,12,7536,5,22,8371,0,0,0,8,3272,10
560,17,10444,8,30,10857,0,0,0,8,3272,10
561,12,7451,6,22,7348,0,0,0,8,3272,10
562,12,7281,8,22,5302,0,0,0,8,3272,10
563,12,7196,9,21,4224,0,0,0,8,3272,10
564,12,7196,9,21,4224,0,0,0,8,3272,10
565,12,7196,9,21,4224,0,0,0,8,3272,10
566,12,7196,9,21,4224,0,0,0,8,3272,10
567,12,7196,9,21,4224,0,0,0,8,3272,10
568,17,10104,12,28,6655,0,0,0,8,3272,10
569,12,7196,9,21,4224,0,0,0,8,3272,10
570,12,7196,9,21,4224,0,0,0,8,3272,10
571,12,7196,9,21,4224,0,0,0,8,3272,10
572,12,7196,9,21,4224,0,0,0,8,3272,10
573,12,7196,9,21,4224,0,0,0,8,3272,10
574,12,7196,9,21,4224,0,0,0,8,3272,10
575,12,7196,9,21,4224,0,0,0,8,3272,10
576,17,10104,12,28,6655,0,0,0,8,3272,10
577,12,13797,9,21,4224,0,0,0,8,3272,10
578,12,7196,9,21,4224,0,0,0,8,3272,10
579,12,7196,9,21,4224,0,0,0,8,3272,10
580,11,6503,9,20,3146,0,0,0,8,3272,10
581,11,6503,9,20,3146,0,0,0,8,3272,10
582,11,6503,9,20,3146,0,0,0,8,3272,10
583,11,6503,9,20,3146,0,0,0,8,3272,10
584,11,6503,9,20,3146,0,0,0,8,3272,10
585,11,6503,9,20,3146,0,0,0,8,3272,10
586,15,8718,12,26,10986,0,0,0,8,3272,10
587,11,12047,9,20,3146,0,0,0,8,3272,10
588,11,6503,9,20,3146,0,0,0,8,3272,10
589,11,6503,9,20,3146,0,0,0,8,3272,10
590,10,5969,8,19,3091,0,0,0,8,3272,10
591,10,5969,8,19,3091,0,0,0,8,3272,10
592,10,11379,8,19,3091,0,0,0,8,3272,10
593,10,5969,8,19,3091,0,0,0,8,3272,10
594,10,5969,8,19,3091,0,0,0,8,3272,10
595,10,5969,8,19,3091,0,0,0,8,3272,10
596,13,7650,10,24,4389,0,0,0,8,3272,10
597,10,5969,8,19,3091,0,0,0,8,3272,10
598,10,5969,8,19,3091,0,0,0,8,3272,10
599,10,5969,8,19,3091,0,0,0,8,3272,10
600,10,5969,8,19,3091,0,0,0,8,3272,10
601,9,5435,7,18,3036,0,0,0,8,3272,10
602,7,4288,6,14,1793,0,0,0,8,3272,10
603,7,4288,6,14,1793,0,0,0,8,3272,10
604,7,4288,6,14,1793,0,0,0,8,3272,10
605,7,4288,6,14,1793,0,0,0,8,3272,10
606,7,4288,6,16,1903,0,0,0,8,3272,10
607,7,4288,6,14,1793,0,0,0,8,3272,10
608,7,4288,6,14,1793,0,0,0,8,3272,10
609,7,4288,6,14,1793,0,0,0,8,3272,10
610,7,4288,6,14,1793,0,0,0,8,3272,10
611,7,4288,6,14,1793,0,0,0,8,3272,10
612,7,4288,6,14,1793,0,0,0,8,3272,10
613,7,4288,6,14,1793,0,0,0,8,3272,10
614,7,4288,6,14,1793,0,0,0,8,3272,10
615,7,9341,6,14,1793,0,0,0,8,3272,10
616,7,4288,6,16,1903,0,0,0,8,3272,10
617,7,4288,6,14,1793,0,0,0,8,3272,10
618,7,4288,6,14,1793,0,0,0,8,3272,10
619,7,4288,6,14,1793,0,0,0,8,3272,10
620,7,10912,6,14,1793,0,0,0,8,3272,10
621,7,4288,6,14,1793,0,0,0,8,3272,10
622,7,4288,6,14,1793,0,0,0,8,3272,10
623,7,4288,6,14,1793,0,0,0,8,3272,10
624,7,4288,6,14,1793,0,0,0,8,3272,10
625,7,4288,6,14,1793,0,0,0,8,3272,10
626,7,4288,6,14,1793,0,0,0,8,3272,10
627,7,4288,6,14,1793,0,0,0,8,3272,10
628,7,9856,6,16,1903,0,0,0,8,3272,10
629,7,4288,6,14,1793,0,0,0,8,3272,10
630,7,4288,6,14,1793,0,0,0,8,3272,10
631,7,4288,6,14,1793,0,0,0,8,3272,10
632,7,4288,6,14,1793,0,0,0,8,3272,10
633,7,10889,6,14,1793,0,0,0,8,3272,10
634,7,4288,6,14,1793,0,0,0,8,3272,10
635,7,4288,6,14,1793,0,0,0,8,3272,10
636,7,4288,6,14,1793,0,0,0,8,3272,10
637,7,4288,6,14,1793,0,0,0,8,3272,10
638,7,4288,6,14,1793,0,0,0,8,9873,10
639,7,9837,6,14,1793,0,0,0,8,7808,10
640,7,4288,6,16,1903,0,0,0,8,3272,10
641,7,4288,6,14,1793,0,0,0,8,3272,10
642,7,4288,6,14,1793,0,0,0,8,3272,10
643,7,4288,6,14,1793,0,0,0,8,3272,10
644,10,5890,9,16,1903,0,0,0,8,3272,10
645,10,5890,9,16,1903,0,0,0,8,3272,10
646,10,5890,9,16,1903,0,0,0,8,3272,10
647,9,5356,8,15,1848,0,0,0,8,3272,10
648,9,5356,8,15,1848,0,0,0,8,3272,10
649,9,5356,8,15,1848,0,0,0,8,3272,10
650,9,5356,8,15,1848,0,0,0,8,3272,10
651,9,5356,8,15,1848,0,0,0,8,3272,10
652,9,5356,8,15,1848,0,0,0,8,3272,10
653,10,6202,8,16,2926,0,0,0,8,3272,10
654,10,6202,8,16,2926,0,0,0,8,3272,10
655,10,6202,8,16,2926,0,0,0,8,3272,10
656,10,6202,8,16,2926,0,0,0,8,3272,10
657,10,11979,8,16,2926,0,0,0,8,3272,10
658,10,6202,8,16,2926,0,0,0,8,3272,10
659,10,6202,8,16,2926,0,0,0,8,3272,10
660,10,6202,8,16,2926,0,0,0,8,3272,10
661,10,6202,8,16,2926,0,0,0,8,3272,10
662,10,6202,8,16,2926,0,0,0,8,3272,10
663,10,6202,8,16,2926,0,0,0,8,3272,10
664,10,6202,8,16,2926,0,0,0,8,3272,10
665,10,6202,8,16,2926,0,0,0,8,3272,10
666,10,6202,8,16,2926,0,0,0,8,3272,10
667,10,6202,8,16,2926,0,0,0,8,3272,10
668,10,6202,8,16,2926,0,0,0,8,3272,10
669,10,6202,8,16,2926,0,0,0,8,3272,10
670,10,6202,8,16,2926,0,0,0,8,3272,10
671,10,6202,8,16,2926,0,0,0,8,3272,10
672,10,6202,8,16,2926,0,0,0,8,3272,10
673,10,6202,8,16,2926,0,0,0,8,3272,10
674,10,6202,8,16,2926,0,0,0,8,3272,10
675,10,6202,8,16,2926,0,0,0,8,3272,10
676,10,6202,8,16,2926,0,0,0,8,3272,10
677,10,6202,8,16,2926,0,0,0,8,3272,10
678,9,5668,7,15,2871,0,0,0,8,3272,10
679,9,5668,7,15,2871,0,0,0,8,3272,10
680,9,12292,7,15,2871,0,0,0,8,3272,10
681,9,5668,7,15,2871,0,0,0,8,3272,10
682,9,5668,7,15,2871,0,0,0,8,3272,10
683,9,5668,7,15,2871,0,0,0,8,3272,10
684,9,5668,7,15,2871,0,0,0,8,3272,10
685,9,5668,7,15,2871,0,0,0,8,3272,10
686,9,5668,7,15,2871,0,0,0,8,3272,10
687,9,5668,7,15,2871,0,0,0,8,8712,10
688,9,5668,7,15,2871,0,0,0,8,3272,10
689,9,5668,7,15,2871,0,0,0,8,3272,10
690,9,5668,7,15,2871,0,0,0,8,3272,10
691,9,5668,7,15,2871,0,0,0,8,3272,10
692,9,5668,7,15,2871,0,0,0,8,3272,10
693,9,11030,7,15,2871,0,0,0,8,3272,10
694,9,5668,7,15,2871,0,0,0,8,3272,10
695,9,5668,7,15,2871,0,0,0,8,3272,10
696,9,12292,7,15,2871,0,0,0,8,3272,10
697,9,5668,7,15,2871,0,0,0,8,3272,10
698,9,5668,7,15,2871,0,0,0,8,3272,10
699,9,5668,7,15,2871,0,0,0,8,3272,10
700,9,5668,7,15,2871,0,0,0,8,3272,10
701,9,5668,7,15,2871,0,0,0,8,9585,10
702,9,5668,7,15,2871,0,0,0,8,3272,10
703,9,5668,7,15,2871,0,0,0,8,3272,10
704,9,5668,7,15,2871,0,0,0,8,3272,10
705,9,5668,7,15,2871,0,0,0,8,3272,10
706,9,5668,7,15,2871,0,0,0,8,3272,10
707,9,5668,7,15,2871,0,0,0,8,3272,10
708,9,5668,7,15,2871,0,0,0,8,3272,10
709,9,5668,7,15,2871,0,0,0,8,3272,10
710,9,5668,7,15,7761,0,0,0,8,3272,10
711,9,5668,7,15,2871,0,0,0,8,3272,10
712,9,11073,7,15,2871,0,0,0,8,3272,10
713,9,5668,7,15,2871,0,0,0,8,3272,10
714,9,5668,7,15,2871,0,0,0,8,3272,10
715,9,5668,7,15,2871,0,0,0,8,3272,10
716,9,5668,7,15,2871,0,0,0,8,3272,10
717,9,5668,7,15,2871,0,0,0,8,3272,10
718,9,5668,7,15,2871,0,0,0,8,3272,10
719,9,5668,7,15,2871,0,0,0,8,3272,10
720,9,5668,7,15,2871,0,0,0,8,3272,10
721,9,5668,7,15,2871,0,0,0,8,3272,10
722,9,5668,7,15,2871,0,0,0,8,3272,10
723,9,5668,7,15,2871,0,0,0,8,3272,10
724,9,5668,7,15,2871,0,0,0,8,3272,10
725,9,5668,7,15,2871,0,0,0,8,3272,10
726,9,5668,7,15,2871,0,0,0,8,7304,10
727,9,5668,7,15,2871,0,0,0,8,3272,10
728,9,5668,7,15,2871,0,0,0,8,3272,10
729,9,5668,7,15,2871,0,0,0,8,3272,10
730,9,5668,7,15,2871,0,0,0,8,3272,10
731,9,5668,7,15,2871,0,0,0,8,3272,10
732,9,5668,7,15,2871,0,0,0,8,3272,10
733,9,5668,7,15,2871,0,0,0,8,3272,10
734,9,5668,7,15,2871,0,0,0,8,3272,10
735,9,5668,7,15,2871,0,0,0,8,3272,10
736,9,5668,7,15,2871,0,0,0,8,3272,10
737,9,5668,7,15,2871,0,0,0,8,8679,10
738,9,5668,7,15,2871,0,0,0,8,3272,10
739,9,5668,7,15,2871,0,0,0,8,3272,10
740,9,5668,7,15,2871,0,0,0,8,3272,10
741,9,5668,7,15,2871,0,0,0,8,3272,10
742,9,5668,7,15,2871,0,0,0,8,3272,10
743,9,5668,7,15,2871,0,0,0,8,3272,10
744,9,5668,7,15,2871,0,0,0,8,3272,10
745,9,5668,7,15,2871,0,0,0,8,3272,10
746,9,5668,7,15,2871,0,0,0,8,3272,10
747,9,5668,7,15,2871,0,0,0,8,3272,10
748,9,5668,7,15,2871,0,0,0,8,3272,10
749,9,5668,7,15,2871,0,0,0,8,3272,10
750,9,5668,7,15,2871,0,0,0,8,3272,10
751,9,5668,7,15,2871,0,0,0,8,3272,10
752,9,5668,7,15,2871,0,0,0,8,3272,10
753,9,5668,7,15,2871,0,0,0,8,3272,10
754,9,5668,7,15,2871,0,0,0,8,3272,10
755,9,15316,7,15,2871,0,0,0,8,3272,10
756,9,5668,7,15,2871,0,0,0,8,3272,10
757,9,5668,7,15,2871,0,0,0,8,3272,10
758,9,5668,7,15,2871,0,0,0,8,3272,10
759,9,5668,7,15,2871,0,0,0,8,3272,10
760,9,5668,7,15,8432,0,0,0,8,3272,10
761,9,5668,7,15,2871,0,0,0,8,3272,10
762,9,5668,7,15,2871,0,0,0,8,3272,10
763,9,5668,7,15,2871,0,0,0,8,3272,10
764,9,5668,7,15,2871,0,0,0,8,3272,10
765,9,5668,7,15,2871,0,0,0,8,3272,10
766,9,5668,7,15,2871,0,0,0,8,3272,10
767,9,5668,7,15,2871,0,0,0,8,3272,10
768,9,5668,7,15,2871,0,0,0,8,3272,10
769,9,5668,7,15,2871,0,0,0,8,3272,10
770,9,5668,7,15,2871,0,0,0,8,3272,10
771,9,5668,7,15,2871,0,0,0,8,3272,10
772,9,5668,7,15,2871,0,0,0,8,3272,10
773,9,5668,7,15,2871,0,0,0,8,3272,10
774,9,5668,7,15,8093,0,0,0,8,7528,10
775,9,5668,7,15,2871,0,0,0,8,3272,10
776,9,5668,7,15,2871,0,0,0,8,3272,10
777,9,5668,7,15,2871,0,0,0,8,3272,10
778,9,5668,7,15,2871,0,0,0,8,3272,10
779,9,5668,7,15,2871,0,0,0,8,3272,10
780,9,5668,7,15,2871,0,0,0,8,3272,10
781,9,5668,7,15,2871,0,0,0,8,3272,10
782,9,5668,7,15,2871,0,0,0,8,3272,10
783,9,5668,7,15,2871,0,0,0,8,3272,10
784,9,5668,7,15,2871,0,0,0,8,3272,10
785,9,5668,7,15,2871,0,0,0,8,3272,10
786,9,5668,7,15,2871,0,0,0,8,3272,10
787,9,5668,7,15,2871,0,0,0,8,3272,10
788,9,5668,7,15,2871,0,0,0,8,3272,10
789,9,5668,7,15,2871,0,0,0,8,3272,10
790,9,5668,7,15,2871,0,0,0,8,3272,10
791,9,5668,7,15,2871,0,0,0,8,3272,10
792,9,5668,7,15,2871,0,0,0,8,9873,10
793,9,5668,7,15,2871,0,0,0,8,3272,10
794,9,5668,7,15,2871,0,0,0,8,3272,10
795,9,5668,7,15,2871,0,0,0,8,3272,10
796,9,5668,7,15,2871,0,0,0,8,3272,10
797,9,5668,7,15,2871,0,0,0,8,3272,10
798,9,5668,7,15,2871,0,0,0,8,3272,10
799,9,5668,7,15,2871,0,0,0,8,3272,10
800,9,5668,7,15,2871,0,0,0,8,3272,10
801,9,5668,7,15,2871,0,0,0,8,3272,10
802,9,5668,7,15,2871,0,0,0,8,3272,10
803,9,5668,7,15,8311,0,0,0,8,3272,10
804,9,5668,7,15,2871,0,0,0,8,3272,10
805,9,5668,7,15,2871,0,0,0,8,3272,10
806,9,5668,7,15,2871,0,0,0,8,3272,10
807,9,5668,7,15,2871,0,0,0,8,3272,10
808,9,5668,7,15,2871,0,0,0,8,3272,10
809,9,5668,7,15,2871,0,0,0,8,3272,10
810,9,5668,7,15,2871,0,0,0,8,3272,10
811,9,5668,7,15,2871,0,0,0,8,3272,10
812,9,5668,7,15,2871,0,0,0,8,3272,10
813,9,11735,7,15,2871,0,0,0,8,3272,10
814,9,5668,7,15,2871,0,0,0,8,3272,10
815,9,5668,7,15,2871,0,0,0,8,3272,10
816,9,5668,7,15,2871,0,0,0,8,3272,10
817,9,5668,7,15,2871,0,0,0,8,3272,10
818,9,5668,7,15,2871,0,0,0,8,3272,10
819,9,5668,7,15,2871,0,0,0,8,3272,10
820,9,5668,7,15,2871,0,0,0,8,3272,10
821,9,5668,7,15,2871,0,0,0,8,3272,10
822,9,5668,7,15,2871,0,0,0,8,3272,10
823,9,5668,7,15,2871,0,0,0,8,3272,10
824,9,5668,7,15,2871,0,0,0,8,3272,10
825,9,5668,7,15,2871,0,0,0,8,3272,10
826,9,5668,7,15,2871,0,0,0,8,3272,10
827,9,5668,7,15,2871,0,0,0,8,3272,10
828,9,5668,7,15,2871,0,0,0,8,3272,10
829,9,5668,7,15,2871,0,0,0,8,3272,10
830,9,5668,7,15,2871,0,0,0,8,3272,10
831,9,5668,7,15,2871,0,0,0,8,3272,10
832,9,5668,7,15,2871,0,0,0,8,3272,10
833,9,5668,7,15,2871,0,0,0,8,3272,10
834,9,5668,7,15,2871,0,0,0,8,3272,10
835,9,5668,7,15,2871,0,0,0,8,3272,10
836,9,5668,7,15,2871,0,0,0,8,3272,10
837,9,5668,7,15,2871,0,0,0,8,3272,10
838,9,5668,7,15,2871,0,0,0,8,3272,10
839,9,5668,7,15,2871,0,0,0,8,3272,10
840,9,5668,7,15,2871,0,0,0,8,3272,10
841,9,5668,7,15,2871,0,0,0,8,3272,10
842,9,5668,7,15,2871,0,0,0,8,3272,10
843,9,5668,7,15,9263,0,0,0,8,3272,10
844,9,5668,7,15,2871,0,0,0,8,3272,10
845,9,5668,7,15,2871,0,0,0,8,8839,10
846,9,5668,7,15,2871,0,0,0,8,3272,10
847,9,5668,7,15,2871,0,0,0,8,3272,10
848,9,5668,7,15,2871,0,0,0,8,3272,10
849,9,5668,7,15,2871,0,0,0,8,3272,10
850,9,5668,7,15,2871,0,0,0,8,3272,10
851,9,5668,7,15,2871,0,0,0,8,3272,10
852,9,5668,7,15,2871,0,0,0,8,3272,10
853,9,5668,7,15,2871,0,0,0,8,3272,10
854,9,5668,7,15,2871,0,0,0,8,8360,10
855,9,5668,7,15,2871,0,0,0,8,3272,10
856,9,5668,7,15,2871,0,0,0,8,3272,10
857,9,5668,7,15,2871,0,0,0,8,3272,10
858,9,5668,7,15,2871,0,0,0,8,3272,10
859,9,5668,7,15,2871,0,0,0,8,3272,10
860,9,5668,7,15,2871,0,0,0,8,3272,10
861,9,5668,7,15,2871,0,0,0,8,3272,10
862,9,5668,7,15,2871,0,0,0,8,3272,10
863,9,5668,7,15,2871,0,0,0,8,3272,10
864,9,5668,7,15,2871,0,0,0,8,3272,10
865,9,5668,7,15,2871,0,0,0,8,3272,10
866,9,5668,7,15,2871,0,0,0,8,3272,10
867,9,5668,7,15,2871,0,0,0,8,3272,10
868,9,5668,7,15,2871,0,0,0,8,3272,10
869,9,5668,7,15,2871,0,0,0,8,3272,10
870,9,5668,7,15,2871,0,0,0,8,3272,10
871,9,5668,7,15,2871,0,0,0,8,3272,10
872,9,5668,7,15,2871,0,0,0,8,3272,10
873,9,5668,7,15,2871,0,0,0,8,3272,10
874,9,5668,7,15,2871,0,0,0,8,3272,10
875,9,5668,7,15,2871,0,0,0,8,3272,10
876,9,5668,7,15,2871,0,0,0,8,3272,10
877,9,5668,7,15,2871,0,0,0,8,3272,10
878,9,5668,7,15,2871,0,0,0,8,3272,10
879,9,5668,7,15,2871,0,0,0,8,3272,10
880,9,5668,7,15,2871,0,0,0,8,3272,10
881,9,11431,7,15,2871,0,0,0,8,3272,10
882,9,5668,7,15,2871,0,0,0,8,3272,10
883,9,5668,7,15,2871,0,0,0,8,3272,10
884,9,5668,7,15,2871,0,0,0,8,3272,10
885,9,5668,7,15,2871,0,0,0,8,3272,10
886,9,5668,7,15,2871,0,0,0,8,3272,10
887,9,5668,7,15,2871,0,0,0,8,3272,10
888,9,5668,7,15,2871,0,0,0,8,3272,10
889,9,5668,7,15,2871,0,0,0,8,3272,10
890,9,5668,7,15,2871,0,0,0,8,3272,10
891,9,5668,7,15,2871,0,0,0,8,3272,10
892,9,5668,7,15,2871,0,0,0,8,3272,10
893,9,5668,7,15,2871,0,0,0,8,3272,10
894,9,5668,7,15,2871,0,0,0,8,3272,10
895,9,5668,7,15,2871,0,0,0,8,3272,10
896,9,5668,7,15,2871,0,0,0,8,3272,10
897,9,5668,7,15,2871,0,0,0,8,3272,10
898,9,5668,7,15,2871,0,0,0,8,3272,10
899,9,5668,7,15,2871,0,0,0,8,3272,10
900,9,5668,7,15,2871,0,0,0,8,3272,10
901,9,5668,7,15,2871,0,0,0,8,3272,10
902,9,5668,7,15,2871,0,0,0,8,3272,10
903,9,5668,7,15,2871,0,0,0,8,3272,10
904,9,5668,7,15,2871,0,0,0,8,3272,10
905,9,11324,7,15,2871,0,0,0,8,3272,10
906,9,5668,7,15,2871,0,0,0,8,3272,10
907,9,5668,7,15,2871,0,0,0,8,3272,10
908,9,5668,7,15,2871,0,0,0,8,3272,10
909,9,5668,7,15,2871,0,0,0,8,3272,10
910,9,5668,7,15,2871,0,0,0,8,3272,10
911,9,5668,7,15,2871,0,0,0,8,3272,10
912,9,5668,7,15,2871,0,0,0,8,8650,10
913,9,5668,7,15,2871,0,0,0,8,3272,10
914,9,5668,7,15,2871,0,0,0,8,3272,10
915,9,5668,7,15,2871,0,0,0,8,3272,10
916,9,5668,7,15,2871,0,0,0,8,3272,10
917,9,5668,7,15,2871,0,0,0,8,3272,10
918,9,5668,7,15,2871,0,0,0,8,3272,10
919,9,5668,7,15,2871,0,0,0,8,3272,10
920,9,14266,7,15,2871,0,0,0,8,3272,10
921,9,5668,7,15,2871,0,0,0,8,3928,10
922,9,5668,7,15,2871,0,0,0,8,3272,10
923,9,5668,7,15,2871,0,0,0,8,3272,10
924,9,5668,7,15,2871,0,0,0,8,7812,10
925,9,5668,7,15,2871,0,0,0,8,3272,10
926,9,5668,7,15,2871,0,0,0,8,3272,10
927,9,5668,7,15,2871,0,0,0,8,3272,10
928,9,5668,7,15,2871,0,0,0,8,3272,10
929,9,5668,7,15,2871,0,0,0,8,3272,10
930,9,5668,7,15,2871,0,0,0,8,3272,10
931,9,5668,7,15,2871,0,0,0,8,3272,10
932,9,5668,7,15,2871,0,0,0,8,3272,10
933,9,5668,7,15,2871,0,0,0,8,3272,10
934,9,5668,7,15,2871,0,0,0,8,3272,10
935,9,5668,7,15,2871,0,0,0,8,3272,10
936,9,5668,7,15,2871,0,0,0,8,3272,10
937,9,5668,7,15,2871,0,0,0,8,3272,10
938,9,5668,7,15,2871,0,0,0,8,3272,10
939,9,5668,7,15,2871,0,0,0,8,3272,10
940,9,5668,7,15,2871,0,0,0,8,3272,10
941,9,5668,7,15,2871,0,0,0,8,3272,10
942,9,5668,7,15,2871,0,0,0,8,3272,10
943,9,5668,7,15,2871,0,0,0,8,3272,10
944,9,5668,7,15,2871,0,0,0,8,3272,10
945,9,5668,7,15,2871,0,0,0,8,3272,10
946,9,5668,7,15,2871,0,0,0,8,3272,10
947,9,5668,7,15,2871,0,0,0,8,3272,10
948,9,5668,7,15,2871,0,0,0,8,3272,10
949,9,5668,7,15,2871,0,0,0,8,3272,10
950,9,5668,7,15,2871,0,0,0,8,3272,10
951,9,5668,7,15,2871,0,0,0,8,3272,10
952,9,5668,7,15,2871,0,0,0,8,3272,10
953,9,5668,7,15,2871,0,0,0,8,3272,10
954,9,5668,7,15,2871,0,0,0,8,3272,10
955,8,4822,7,14,1793,0,0,0,8,3272,10
956,8,4822,7,14,1793,0,0,0,8,3272,10
957,8,4822,7,14,1793,0,0,0,8,3272,10
958,8,4822,7,14,1793,0,0,0,8,3272,10
959,8,4822,7,14,1793,0,0,0,8,3272,10
