object,seen,warm_frames,elapsed_ms,bounds_ms,prepare_ms,dispatch_ms,vif_wait_ms,gif_wait_ms,pick_light_ms,texture_ms,bbox_cache_ms,bbox_recalc_ms,packet_ms,calls,culled,triangles,vertices,bbox_hits,bbox_recalcs,bbox_fresh,bbox_probes
5,240,240,0.063682,0.018669,0.025354,0.013044,0.000000,0.000000,0.006176,0.002589,0.003395,0.000000,0.000000,1.000000,0.000000,12.000000,36.000000,1.000000,0.000000,0.000000,1.000000
6,240,240,0.057256,0.015724,0.023139,0.012171,0.000000,0.000000,0.005730,0.002312,0.003176,0.000000,0.000000,1.000000,0.000000,12.000000,36.000000,1.000000,0.000000,0.000000,1.000000
7,240,240,0.046608,0.012814,0.019698,0.009252,0.000000,0.000000,0.005185,0.002268,0.002952,0.000000,0.000000,1.000000,0.000000,12.000000,36.000000,1.000000,0.000000,0.000000,1.000000
8,240,240,0.000792,0.000000,0.000000,0.000000,0.000000,0.000000,0.000000,0.000000,0.000000,0.000000,0.000000,0.000000,0.000000,0.000000,0.000000,0.000000,0.000000,0.000000,0.000000
9,240,240,0.000730,0.000000,0.000000,0.000000,0.000000,0.000000,0.000000,0.000000,0.000000,0.000000,0.000000,0.000000,0.000000,0.000000,0.000000,0.000000,0.000000,0.000000,0.000000
10,240,240,0.001094,0.000000,0.000000,0.000000,0.000000,0.000000,0.000000,0.000000,0.000000,0.000000,0.000000,0.000000,0.000000,0.000000,0.000000,0.000000,0.000000,0.000000,0.000000
11,240,240,0.000925,0.000000,0.000000,0.000000,0.000000,0.000000,0.000000,0.000000,0.000000,0.000000,0.000000,0.000000,0.000000,0.000000,0.000000,0.000000,0.000000,0.000000,0.000000
12,240,240,0.000809,0.000000,0.000000,0.000000,0.000000,0.000000,0.000000,0.000000,0.000000,0.000000,0.000000,0.000000,0.000000,0.000000,0.000000,0.000000,0.000000,0.000000,0.000000
13,240,240,0.000552,0.000000,0.000000,0.000000,0.000000,0.000000,0.000000,0.000000,0.000000,0.000000,0.000000,0.000000,0.000000,0.000000,0.000000,0.000000,0.000000,0.000000,0.000000
14,240,240,0.000647,0.000000,0.000000,0.000000,0.000000,0.000000,0.000000,0.000000,0.000000,0.000000,0.000000,0.000000,0.000000,0.000000,0.000000,0.000000,0.000000,0.000000,0.000000
15,240,240,0.000879,0.000000,0.000000,0.000000,0.000000,0.000000,0.000000,0.000000,0.000000,0.000000,0.000000,0.000000,0.000000,0.000000,0.000000,0.000000,0.000000,0.000000,0.000000
16,240,240,0.000575,0.000000,0.000000,0.000000,0.000000,0.000000,0.000000,0.000000,0.000000,0.000000,0.000000,0.000000,0.000000,0.000000,0.000000,0.000000,0.000000,0.000000,0.000000
17,240,240,0.000618,0.000000,0.000000,0.000000,0.000000,0.000000,0.000000,0.000000,0.000000,0.000000,0.000000,0.000000,0.000000,0.000000,0.000000,0.000000,0.000000,0.000000,0.000000
18,240,240,0.000742,0.000000,0.000000,0.000000,0.000000,0.000000,0.000000,0.000000,0.000000,0.000000,0.000000,0.000000,0.000000,0.000000,0.000000,0.000000,0.000000,0.000000,0.000000
19,240,240,0.069476,0.019294,0.027657,0.016579,0.000585,0.000479,0.006208,0.005139,0.003993,0.000000,0.000000,1.000000,0.000000,12.000000,36.000000,1.000000,0.000000,0.000000,2.000000
20,240,240,0.075926,0.014759,0.042176,0.013484,0.000000,0.000000,0.008010,0.005192,0.003825,0.000000,0.000000,1.000000,0.000000,12.000000,36.000000,1.000000,0.000000,0.000000,2.000000
21,240,240,0.063143,0.014337,0.032059,0.010915,0.000000,0.000000,0.005578,0.005185,0.003856,0.000000,0.000000,1.000000,0.000000,12.000000,36.000000,1.000000,0.000000,0.000000,1.000000
22,240,240,0.062743,0.014756,0.030676,0.011124,0.000000,0.000000,0.007302,0.005250,0.003343,0.000000,0.000000,1.000000,0.000000,22.000000,66.000000,1.000000,0.000000,0.000000,1.000000
23,240,240,0.082956,0.019651,0.033461,0.023860,0.006078,0.000410,0.006664,0.002604,0.002838,0.000000,0.000000,1.000000,0.000000,12.000000,36.000000,1.000000,0.000000,0.000000,1.000000
26,240,240,0.070242,0.017969,0.032827,0.012986,0.000000,0.000000,0.007786,0.005142,0.003518,0.000000,0.000000,1.000000,0.000000,22.000000,66.000000,1.000000,0.000000,0.000000,1.000000
27,240,240,0.056538,0.019276,0.021925,0.009589,0.000000,0.000000,0.006614,0.001883,0.003353,0.000000,0.000000,1.000000,0.000000,12.000000,36.000000,1.000000,0.000000,0.000000,1.000000
28,240,240,0.067829,0.020011,0.029840,0.011246,0.000000,0.000000,0.007040,0.004968,0.003725,0.000000,0.000000,1.000000,0.000000,22.000000,66.000000,1.000000,0.000000,0.000000,1.000000
30,240,240,0.064540,0.016725,0.025714,0.015427,0.000596,0.000229,0.006142,0.005099,0.003643,0.000000,0.000000,1.000000,0.000000,22.000000,66.000000,1.000000,0.000000,0.000000,1.000000
33,240,240,0.051188,0.018623,0.018387,0.008794,0.000000,0.000000,0.005629,0.001970,0.003071,0.000000,0.000000,1.000000,0.000000,12.000000,36.000000,1.000000,0.000000,0.000000,1.000000
51,240,240,0.060023,0.015966,0.025976,0.012216,0.000000,0.000000,0.006242,0.004524,0.002940,0.000000,0.000000,1.000000,0.000000,399.000000,411.000000,1.000000,0.000000,0.000000,2.000000
52,240,240,0.062609,0.014205,0.030573,0.011863,0.000000,0.000000,0.007195,0.005671,0.003075,0.000000,0.000000,1.000000,0.000000,399.000000,411.000000,1.000000,0.000000,0.000000,1.000000
54,240,240,0.075147,0.015348,0.027950,0.025550,0.001148,0.000791,0.006518,0.005346,0.003683,0.000000,0.000000,1.000000,0.000000,399.000000,411.000000,1.000000,0.000000,0.000000,1.000000
55,240,240,0.065820,0.017200,0.031618,0.011303,0.000000,0.000000,0.007211,0.004880,0.003991,0.000000,0.000000,1.000000,0.000000,399.000000,411.000000,1.000000,0.000000,0.000000,1.000000
61,240,240,0.113029,0.026204,0.054902,0.020910,0.000000,0.000000,0.012306,0.009102,0.005447,0.000000,0.000000,2.000000,0.000000,464.000000,480.000000,2.000000,0.000000,0.000000,2.000000
63,240,240,0.160742,0.030103,0.081159,0.037604,0.001456,0.000792,0.015150,0.011020,0.006893,0.000000,0.000000,2.000000,0.000000,464.000000,480.000000,2.000000,0.000000,0.000000,2.000000
68,240,240,0.210715,0.042040,0.067114,0.086878,0.046143,0.000945,0.015651,0.015405,0.008835,0.000000,0.000000,3.000000,0.000000,290.000000,300.000000,3.000000,0.000000,0.000000,3.000000
90,240,240,0.126416,0.029430,0.061050,0.023869,0.000000,0.000000,0.013554,0.010872,0.006347,0.000000,0.000000,2.000000,0.000000,177.000000,183.000000,2.000000,0.000000,0.000000,2.000000
100,240,240,0.128016,0.030625,0.049965,0.035319,0.004532,0.000947,0.011202,0.011203,0.006380,0.000000,0.000000,2.000000,0.000000,348.000000,360.000000,2.000000,0.000000,0.000000,2.000000
105,240,240,0.071713,0.015705,0.035193,0.013638,0.000000,0.000000,0.008553,0.005737,0.003551,0.000000,0.000000,1.000000,0.000000,12.000000,36.000000,1.000000,0.000000,0.000000,1.000000
106,240,240,0.000408,0.000000,0.000000,0.000000,0.000000,0.000000,0.000000,0.000000,0.000000,0.000000,0.000000,0.000000,0.000000,0.000000,0.000000,0.000000,0.000000,0.000000,0.000000
107,240,240,0.000262,0.000000,0.000000,0.000000,0.000000,0.000000,0.000000,0.000000,0.000000,0.000000,0.000000,0.000000,0.000000,0.000000,0.000000,0.000000,0.000000,0.000000,0.000000
108,240,240,0.000369,0.000000,0.000000,0.000000,0.000000,0.000000,0.000000,0.000000,0.000000,0.000000,0.000000,0.000000,0.000000,0.000000,0.000000,0.000000,0.000000,0.000000,0.000000
109,240,240,0.000287,0.000000,0.000000,0.000000,0.000000,0.000000,0.000000,0.000000,0.000000,0.000000,0.000000,0.000000,0.000000,0.000000,0.000000,0.000000,0.000000,0.000000,0.000000
110,240,240,0.000290,0.000000,0.000000,0.000000,0.000000,0.000000,0.000000,0.000000,0.000000,0.000000,0.000000,0.000000,0.000000,0.000000,0.000000,0.000000,0.000000,0.000000,0.000000
111,240,240,0.000272,0.000000,0.000000,0.000000,0.000000,0.000000,0.000000,0.000000,0.000000,0.000000,0.000000,0.000000,0.000000,0.000000,0.000000,0.000000,0.000000,0.000000,0.000000
112,240,240,0.060177,0.021131,0.022056,0.011375,0.000000,0.000000,0.006612,0.003045,0.003568,0.000000,0.000000,1.000000,0.000000,12.000000,36.000000,1.000000,0.000000,0.000000,2.000000
113,240,240,0.043914,0.012765,0.017185,0.009196,0.000000,0.000000,0.005212,0.002122,0.003379,0.000000,0.000000,1.000000,0.000000,12.000000,36.000000,1.000000,0.000000,0.000000,1.787500
114,240,240,0.059708,0.012297,0.016501,0.024657,0.001338,0.000786,0.005019,0.001769,0.002891,0.000000,0.000000,1.000000,0.000000,12.000000,36.000000,1.000000,0.000000,0.000000,1.000000
115,240,240,0.053901,0.015586,0.022042,0.011005,0.000000,0.000000,0.005775,0.002126,0.004054,0.000000,0.000000,1.000000,0.000000,12.000000,36.000000,1.000000,0.000000,0.000000,2.000000
116,240,240,0.046726,0.012321,0.017572,0.010763,0.000000,0.000000,0.005487,0.001650,0.002876,0.000000,0.000000,1.000000,0.000000,12.000000,36.000000,1.000000,0.000000,0.000000,1.000000
117,240,240,0.044921,0.012593,0.017080,0.010146,0.000000,0.000000,0.005821,0.001788,0.003012,0.000000,0.000000,1.000000,0.000000,12.000000,36.000000,1.000000,0.000000,0.000000,1.000000
118,240,240,0.065838,0.013092,0.018149,0.028128,0.001721,0.000934,0.005641,0.001837,0.003458,0.000000,0.000000,1.000000,0.000000,12.000000,36.000000,1.000000,0.000000,0.000000,1.000000
119,240,240,0.056263,0.015475,0.023303,0.011758,0.000000,0.000000,0.007132,0.002049,0.003751,0.000000,0.000000,1.000000,0.000000,12.000000,36.000000,1.000000,0.000000,0.000000,2.000000
120,240,240,0.052251,0.013188,0.022183,0.011474,0.000000,0.000000,0.006329,0.001873,0.003016,0.000000,0.000000,1.000000,0.000000,12.000000,36.000000,1.000000,0.000000,0.000000,2.000000
121,240,240,0.052078,0.012469,0.023813,0.010554,0.000000,0.000000,0.006810,0.002237,0.002888,0.000000,0.000000,1.000000,0.000000,12.000000,36.000000,1.000000,0.000000,0.000000,1.000000
122,240,240,0.071267,0.015134,0.025691,0.024722,0.001095,0.000783,0.007301,0.002321,0.004087,0.000000,0.000000,1.000000,0.000000,12.000000,36.000000,1.000000,0.000000,0.000000,3.000000
123,240,240,0.069321,0.020005,0.031337,0.012294,0.000000,0.000000,0.007815,0.004940,0.003377,0.000000,0.000000,1.000000,0.000000,399.000000,411.000000,1.000000,0.000000,0.000000,1.000000
124,240,240,0.000387,0.000000,0.000000,0.000000,0.000000,0.000000,0.000000,0.000000,0.000000,0.000000,0.000000,0.000000,0.000000,0.000000,0.000000,0.000000,0.000000,0.000000,0.000000
125,240,240,0.000405,0.000000,0.000000,0.000000,0.000000,0.000000,0.000000,0.000000,0.000000,0.000000,0.000000,0.000000,0.000000,0.000000,0.000000,0.000000,0.000000,0.000000,0.000000
126,240,240,0.000251,0.000000,0.000000,0.000000,0.000000,0.000000,0.000000,0.000000,0.000000,0.000000,0.000000,0.000000,0.000000,0.000000,0.000000,0.000000,0.000000,0.000000,0.000000
127,240,240,0.000403,0.000000,0.000000,0.000000,0.000000,0.000000,0.000000,0.000000,0.000000,0.000000,0.000000,0.000000,0.000000,0.000000,0.000000,0.000000,0.000000,0.000000,0.000000
128,240,240,0.000248,0.000000,0.000000,0.000000,0.000000,0.000000,0.000000,0.000000,0.000000,0.000000,0.000000,0.000000,0.000000,0.000000,0.000000,0.000000,0.000000,0.000000,0.000000
129,240,240,0.000263,0.000000,0.000000,0.000000,0.000000,0.000000,0.000000,0.000000,0.000000,0.000000,0.000000,0.000000,0.000000,0.000000,0.000000,0.000000,0.000000,0.000000,0.000000
130,240,240,0.000257,0.000000,0.000000,0.000000,0.000000,0.000000,0.000000,0.000000,0.000000,0.000000,0.000000,0.000000,0.000000,0.000000,0.000000,0.000000,0.000000,0.000000,0.000000
131,240,240,0.000408,0.000000,0.000000,0.000000,0.000000,0.000000,0.000000,0.000000,0.000000,0.000000,0.000000,0.000000,0.000000,0.000000,0.000000,0.000000,0.000000,0.000000,0.000000
132,240,240,1.696023,1.483819,0.110331,0.068821,0.003591,0.002313,0.023121,0.024848,1.431202,1.419666,0.000000,3.000000,0.000000,5309.000000,5535.000000,1.000000,0.000000,2.000000,3.000000
133,240,240,2.478236,1.444278,0.151804,0.850839,0.789466,0.002254,0.023938,0.026880,1.389081,1.376630,0.000000,3.000000,0.000000,4809.000000,4965.000000,1.000000,0.000000,2.000000,3.000000
134,240,240,0.850769,0.036047,0.089241,0.710953,0.680404,0.001204,0.013915,0.017490,0.006414,0.000000,0.000000,2.000000,0.000000,3578.000000,3756.000000,2.000000,0.000000,0.000000,2.000000
